gauge_id,water_body,driver,lag_days,corr
2004,Murtensee,precipitation_mm,0,0.10893664043992304
2004,Murtensee,precipitation_mm,1,0.22573670935306522
2004,Murtensee,precipitation_mm,2,0.27986203594424447
2004,Murtensee,precipitation_mm,3,0.29600384614966424
2004,Murtensee,precipitation_mm,4,0.29672862849517406
2004,Murtensee,precipitation_mm,5,0.28943612164747534
2004,Murtensee,precipitation_mm,6,0.27908362364272177
2004,Murtensee,precipitation_mm,7,0.26304382391587766
2004,Murtensee,precipitation_mm,8,0.246740069880584
2004,Murtensee,precipitation_mm,9,0.23044553393774575
2004,Murtensee,precipitation_mm,10,0.21689954752466514
2004,Murtensee,precipitation_mm,11,0.20377567397500274
2004,Murtensee,precipitation_mm,12,0.1910932902472551
2004,Murtensee,precipitation_mm,13,0.17826351739233542
2004,Murtensee,precipitation_mm,14,0.16898596776941716
2004,Murtensee,precipitation_mm,15,0.1561082478534374
2004,Murtensee,precipitation_mm,16,0.1444882431642438
2004,Murtensee,precipitation_mm,17,0.1357202835946668
2004,Murtensee,precipitation_mm,18,0.13042326695948828
2004,Murtensee,precipitation_mm,19,0.12263840581772764
2004,Murtensee,precipitation_mm,20,0.11868313930623314
2004,Murtensee,precipitation_mm,21,0.11269168491230823
2004,Murtensee,precipitation_mm,22,0.1089359562874462
2004,Murtensee,precipitation_mm,23,0.10655953633823938
2004,Murtensee,precipitation_mm,24,0.10765555277300151
2004,Murtensee,precipitation_mm,25,0.10676928253090322
2004,Murtensee,precipitation_mm,26,0.10272021804766458
2004,Murtensee,precipitation_mm,27,0.09713574899787321
2004,Murtensee,precipitation_mm,28,0.09264131130536422
2004,Murtensee,precipitation_mm,29,0.08779815642233081
2004,Murtensee,precipitation_mm,30,0.08666695166790994
2004,Murtensee,precipitation_mm,31,0.08659995059081363
2004,Murtensee,precipitation_mm,32,0.08261668720123368
2004,Murtensee,precipitation_mm,33,0.07630847857032023
2004,Murtensee,precipitation_mm,34,0.07068116810942435
2004,Murtensee,precipitation_mm,35,0.06410049626602946
2004,Murtensee,precipitation_mm,36,0.05922185092934104
2004,Murtensee,precipitation_mm,37,0.05793391182713085
2004,Murtensee,precipitation_mm,38,0.05809669590903593
2004,Murtensee,precipitation_mm,39,0.058740500440442586
2004,Murtensee,precipitation_mm,40,0.056357615207180474
2004,Murtensee,precipitation_mm,41,0.05540237260347459
2004,Murtensee,precipitation_mm,42,0.05274003734055436
2004,Murtensee,precipitation_mm,43,0.05262836582797931
2004,Murtensee,precipitation_mm,44,0.05252364082680935
2004,Murtensee,precipitation_mm,45,0.051740364593179856
2004,Murtensee,precipitation_mm,46,0.05126307266911316
2004,Murtensee,precipitation_mm,47,0.05063333680250993
2004,Murtensee,precipitation_mm,48,0.04897427306446667
2004,Murtensee,precipitation_mm,49,0.04915904193008442
2004,Murtensee,precipitation_mm,50,0.04698397087132269
2004,Murtensee,precipitation_mm,51,0.04525168013377645
2004,Murtensee,precipitation_mm,52,0.04463047416774744
2004,Murtensee,precipitation_mm,53,0.043006515324722966
2004,Murtensee,precipitation_mm,54,0.040467007361260306
2004,Murtensee,precipitation_mm,55,0.03918031595083268
2004,Murtensee,precipitation_mm,56,0.036352908043383377
2004,Murtensee,precipitation_mm,57,0.03269798538682831
2004,Murtensee,precipitation_mm,58,0.02930995878048767
2004,Murtensee,precipitation_mm,59,0.02835602773948281
2004,Murtensee,precipitation_mm,60,0.02689092204592396
2004,Murtensee,temperature_mean_c,0,0.011675408602636824
2004,Murtensee,temperature_mean_c,1,0.03657543524741973
2004,Murtensee,temperature_mean_c,2,0.06229396376186134
2004,Murtensee,temperature_mean_c,3,0.08069153723370016
2004,Murtensee,temperature_mean_c,4,0.09242277269950018
2004,Murtensee,temperature_mean_c,5,0.09819027442196566
2004,Murtensee,temperature_mean_c,6,0.09828567799158308
2004,Murtensee,temperature_mean_c,7,0.09448195104456754
2004,Murtensee,temperature_mean_c,8,0.08640343976206026
2004,Murtensee,temperature_mean_c,9,0.07347722038397692
2004,Murtensee,temperature_mean_c,10,0.059344493367949884
2004,Murtensee,temperature_mean_c,11,0.0455114254337259
2004,Murtensee,temperature_mean_c,12,0.03342843197439862
2004,Murtensee,temperature_mean_c,13,0.022390941506188783
2004,Murtensee,temperature_mean_c,14,0.014104545765013686
2004,Murtensee,temperature_mean_c,15,0.007596230703593952
2004,Murtensee,temperature_mean_c,16,0.0015530451793334993
2004,Murtensee,temperature_mean_c,17,-0.00260556705037033
2004,Murtensee,temperature_mean_c,18,-0.0062971613906789275
2004,Murtensee,temperature_mean_c,19,-0.008714506096653989
2004,Murtensee,temperature_mean_c,20,-0.011660569289203684
2004,Murtensee,temperature_mean_c,21,-0.014729317806278003
2004,Murtensee,temperature_mean_c,22,-0.017110652750964826
2004,Murtensee,temperature_mean_c,23,-0.018150571427180295
2004,Murtensee,temperature_mean_c,24,-0.017876431091831922
2004,Murtensee,temperature_mean_c,25,-0.01681202877039496
2004,Murtensee,temperature_mean_c,26,-0.017307386307533732
2004,Murtensee,temperature_mean_c,27,-0.01917307456637692
2004,Murtensee,temperature_mean_c,28,-0.021169693412997664
2004,Murtensee,temperature_mean_c,29,-0.02426132028665042
2004,Murtensee,temperature_mean_c,30,-0.026528300821363992
2004,Murtensee,temperature_mean_c,31,-0.027542837849801886
2004,Murtensee,temperature_mean_c,32,-0.028688798866057307
2004,Murtensee,temperature_mean_c,33,-0.030033557838090846
2004,Murtensee,temperature_mean_c,34,-0.032755489321930835
2004,Murtensee,temperature_mean_c,35,-0.036477512105529464
2004,Murtensee,temperature_mean_c,36,-0.039431471723108076
2004,Murtensee,temperature_mean_c,37,-0.039871064005598915
2004,Murtensee,temperature_mean_c,38,-0.03847367990559395
2004,Murtensee,temperature_mean_c,39,-0.03606643402913578
2004,Murtensee,temperature_mean_c,40,-0.03443602999868062
2004,Murtensee,temperature_mean_c,41,-0.03399170677971486
2004,Murtensee,temperature_mean_c,42,-0.03490424865084253
2004,Murtensee,temperature_mean_c,43,-0.03679690836362955
2004,Murtensee,temperature_mean_c,44,-0.03771882976339781
2004,Murtensee,temperature_mean_c,45,-0.038145794269877596
2004,Murtensee,temperature_mean_c,46,-0.03804279136615599
2004,Murtensee,temperature_mean_c,47,-0.039550693054708166
2004,Murtensee,temperature_mean_c,48,-0.04179526153216433
2004,Murtensee,temperature_mean_c,49,-0.04396476476705246
2004,Murtensee,temperature_mean_c,50,-0.046240487980502974
2004,Murtensee,temperature_mean_c,51,-0.04764162690351105
2004,Murtensee,temperature_mean_c,52,-0.04813055529392061
2004,Murtensee,temperature_mean_c,53,-0.046787256064900716
2004,Murtensee,temperature_mean_c,54,-0.04429210598669677
2004,Murtensee,temperature_mean_c,55,-0.041683871228923815
2004,Murtensee,temperature_mean_c,56,-0.03926261928418294
2004,Murtensee,temperature_mean_c,57,-0.03763189455002213
2004,Murtensee,temperature_mean_c,58,-0.03610815376585353
2004,Murtensee,temperature_mean_c,59,-0.03413148124191209
2004,Murtensee,temperature_mean_c,60,-0.030985626339830194
2004,Murtensee,snowmelt_proxy,0,0.024210805903085327
2004,Murtensee,snowmelt_proxy,1,0.05814375599482424
2004,Murtensee,snowmelt_proxy,2,0.08019679189271124
2004,Murtensee,snowmelt_proxy,3,0.088924518886874
2004,Murtensee,snowmelt_proxy,4,0.08697251928460993
2004,Murtensee,snowmelt_proxy,5,0.08218216840562337
2004,Murtensee,snowmelt_proxy,6,0.0758101451244891
2004,Murtensee,snowmelt_proxy,7,0.07239180254540688
2004,Murtensee,snowmelt_proxy,8,0.06794738133481831
2004,Murtensee,snowmelt_proxy,9,0.06481886271992118
2004,Murtensee,snowmelt_proxy,10,0.05913040749570224
2004,Murtensee,snowmelt_proxy,11,0.05509317145811759
2004,Murtensee,snowmelt_proxy,12,0.05098877558627455
2004,Murtensee,snowmelt_proxy,13,0.0446231039134304
2004,Murtensee,snowmelt_proxy,14,0.038463929148556175
2004,Murtensee,snowmelt_proxy,15,0.030389798545938887
2004,Murtensee,snowmelt_proxy,16,0.02474923867383297
2004,Murtensee,snowmelt_proxy,17,0.023269526253582546
2004,Murtensee,snowmelt_proxy,18,0.023068660276155378
2004,Murtensee,snowmelt_proxy,19,0.021970325844667366
2004,Murtensee,snowmelt_proxy,20,0.02045459876000606
2004,Murtensee,snowmelt_proxy,21,0.017402734097739486
2004,Murtensee,snowmelt_proxy,22,0.013730944006703206
2004,Murtensee,snowmelt_proxy,23,0.009859460059774724
2004,Murtensee,snowmelt_proxy,24,0.00571827755833957
2004,Murtensee,snowmelt_proxy,25,0.0023511185495744746
2004,Murtensee,snowmelt_proxy,26,0.00032559084798860355
2004,Murtensee,snowmelt_proxy,27,0.0007913924376943467
2004,Murtensee,snowmelt_proxy,28,-0.0002836069589659437
2004,Murtensee,snowmelt_proxy,29,-0.003567172066720378
2004,Murtensee,snowmelt_proxy,30,-0.005187667559600231
2004,Murtensee,snowmelt_proxy,31,-0.004940933726360346
2004,Murtensee,snowmelt_proxy,32,-0.0026004812759254
2004,Murtensee,snowmelt_proxy,33,-0.0021237610071086987
2004,Murtensee,snowmelt_proxy,34,-0.0021360549217077996
2004,Murtensee,snowmelt_proxy,35,-0.0026723762082709337
2004,Murtensee,snowmelt_proxy,36,-0.008115400005120637
2004,Murtensee,snowmelt_proxy,37,-0.012490645450388449
2004,Murtensee,snowmelt_proxy,38,-0.015631851314431466
2004,Murtensee,snowmelt_proxy,39,-0.01614398042700811
2004,Murtensee,snowmelt_proxy,40,-0.01506179940793119
2004,Murtensee,snowmelt_proxy,41,-0.016990067123697352
2004,Murtensee,snowmelt_proxy,42,-0.015645808516144232
2004,Murtensee,snowmelt_proxy,43,-0.01732463008693026
2004,Murtensee,snowmelt_proxy,44,-0.015372527773267268
2004,Murtensee,snowmelt_proxy,45,-0.012671299078734434
2004,Murtensee,snowmelt_proxy,46,-0.01044629976450768
2004,Murtensee,snowmelt_proxy,47,-0.012523470401712236
2004,Murtensee,snowmelt_proxy,48,-0.015014641500138412
2004,Murtensee,snowmelt_proxy,49,-0.021996277955264248
2004,Murtensee,snowmelt_proxy,50,-0.026018388364057423
2004,Murtensee,snowmelt_proxy,51,-0.027746540992080272
2004,Murtensee,snowmelt_proxy,52,-0.02641333428406375
2004,Murtensee,snowmelt_proxy,53,-0.022501346812489817
2004,Murtensee,snowmelt_proxy,54,-0.022837531437361447
2004,Murtensee,snowmelt_proxy,55,-0.029614037702792712
2004,Murtensee,snowmelt_proxy,56,-0.03447353054916915
2004,Murtensee,snowmelt_proxy,57,-0.03784701036397395
2004,Murtensee,snowmelt_proxy,58,-0.04143832905491744
2004,Murtensee,snowmelt_proxy,59,-0.03960754172115179
2004,Murtensee,snowmelt_proxy,60,-0.03383502987208091
2017,Zugersee,precipitation_mm,0,0.03969558613869033
2017,Zugersee,precipitation_mm,1,0.11587168053286065
2017,Zugersee,precipitation_mm,2,0.15147221601943459
2017,Zugersee,precipitation_mm,3,0.1663245452852308
2017,Zugersee,precipitation_mm,4,0.17321806912314291
2017,Zugersee,precipitation_mm,5,0.17791055816137816
2017,Zugersee,precipitation_mm,6,0.18196154995633726
2017,Zugersee,precipitation_mm,7,0.18619931966159883
2017,Zugersee,precipitation_mm,8,0.18973207308068765
2017,Zugersee,precipitation_mm,9,0.19128406805023068
2017,Zugersee,precipitation_mm,10,0.1901894231316355
2017,Zugersee,precipitation_mm,11,0.19004907961723813
2017,Zugersee,precipitation_mm,12,0.1896695953536413
2017,Zugersee,precipitation_mm,13,0.1895606010325286
2017,Zugersee,precipitation_mm,14,0.19102740466436308
2017,Zugersee,precipitation_mm,15,0.18956949476271806
2017,Zugersee,precipitation_mm,16,0.18718860567664533
2017,Zugersee,precipitation_mm,17,0.1828314873515129
2017,Zugersee,precipitation_mm,18,0.17963200588433975
2017,Zugersee,precipitation_mm,19,0.17682861097674996
2017,Zugersee,precipitation_mm,20,0.17489153430291648
2017,Zugersee,precipitation_mm,21,0.1755387514386489
2017,Zugersee,precipitation_mm,22,0.17499788402977057
2017,Zugersee,precipitation_mm,23,0.17346335982830888
2017,Zugersee,precipitation_mm,24,0.1709847748806813
2017,Zugersee,precipitation_mm,25,0.16768496157823382
2017,Zugersee,precipitation_mm,26,0.16421944603020275
2017,Zugersee,precipitation_mm,27,0.1615156119213606
2017,Zugersee,precipitation_mm,28,0.15913027613596867
2017,Zugersee,precipitation_mm,29,0.1575068547757417
2017,Zugersee,precipitation_mm,30,0.15513517307405822
2017,Zugersee,precipitation_mm,31,0.15112326694713618
2017,Zugersee,precipitation_mm,32,0.14699941290014976
2017,Zugersee,precipitation_mm,33,0.14221201441689413
2017,Zugersee,precipitation_mm,34,0.13835765612885492
2017,Zugersee,precipitation_mm,35,0.13415749018815384
2017,Zugersee,precipitation_mm,36,0.1304080176274112
2017,Zugersee,precipitation_mm,37,0.12817813818459173
2017,Zugersee,precipitation_mm,38,0.12653669445913926
2017,Zugersee,precipitation_mm,39,0.12430788739733399
2017,Zugersee,precipitation_mm,40,0.12097923717662827
2017,Zugersee,precipitation_mm,41,0.11758995258780239
2017,Zugersee,precipitation_mm,42,0.11469135974815145
2017,Zugersee,precipitation_mm,43,0.11329134852250407
2017,Zugersee,precipitation_mm,44,0.11166435438263957
2017,Zugersee,precipitation_mm,45,0.11015376042984361
2017,Zugersee,precipitation_mm,46,0.10973196154731846
2017,Zugersee,precipitation_mm,47,0.10933168936877513
2017,Zugersee,precipitation_mm,48,0.10746710345652365
2017,Zugersee,precipitation_mm,49,0.10611354918387206
2017,Zugersee,precipitation_mm,50,0.10362811091520452
2017,Zugersee,precipitation_mm,51,0.10159216081258787
2017,Zugersee,precipitation_mm,52,0.1008167494696312
2017,Zugersee,precipitation_mm,53,0.09998714024729989
2017,Zugersee,precipitation_mm,54,0.09814186382069448
2017,Zugersee,precipitation_mm,55,0.09602745056096394
2017,Zugersee,precipitation_mm,56,0.09416706599134946
2017,Zugersee,precipitation_mm,57,0.09168558540942201
2017,Zugersee,precipitation_mm,58,0.08952567022250858
2017,Zugersee,precipitation_mm,59,0.08766217411548145
2017,Zugersee,precipitation_mm,60,0.08471697443880469
2017,Zugersee,temperature_mean_c,0,-0.08636711721525753
2017,Zugersee,temperature_mean_c,1,-0.09020078597177629
2017,Zugersee,temperature_mean_c,2,-0.08633521007217364
2017,Zugersee,temperature_mean_c,3,-0.08232224355310926
2017,Zugersee,temperature_mean_c,4,-0.07996804229156582
2017,Zugersee,temperature_mean_c,5,-0.08014646612412832
2017,Zugersee,temperature_mean_c,6,-0.08183407028015258
2017,Zugersee,temperature_mean_c,7,-0.08394662542718591
2017,Zugersee,temperature_mean_c,8,-0.08584215417267076
2017,Zugersee,temperature_mean_c,9,-0.08791265719245227
2017,Zugersee,temperature_mean_c,10,-0.08996226483636148
2017,Zugersee,temperature_mean_c,11,-0.09186755114829663
2017,Zugersee,temperature_mean_c,12,-0.0942366874024037
2017,Zugersee,temperature_mean_c,13,-0.09672354577536181
2017,Zugersee,temperature_mean_c,14,-0.09838439567012945
2017,Zugersee,temperature_mean_c,15,-0.09894278004627514
2017,Zugersee,temperature_mean_c,16,-0.0992924952800501
2017,Zugersee,temperature_mean_c,17,-0.09948968783958702
2017,Zugersee,temperature_mean_c,18,-0.0996121554551347
2017,Zugersee,temperature_mean_c,19,-0.10020953526252914
2017,Zugersee,temperature_mean_c,20,-0.101230789485785
2017,Zugersee,temperature_mean_c,21,-0.10227762314343895
2017,Zugersee,temperature_mean_c,22,-0.10286698919378169
2017,Zugersee,temperature_mean_c,23,-0.10251161942486026
2017,Zugersee,temperature_mean_c,24,-0.1013621876000332
2017,Zugersee,temperature_mean_c,25,-0.1005835669971626
2017,Zugersee,temperature_mean_c,26,-0.100848445318673
2017,Zugersee,temperature_mean_c,27,-0.1017701771190155
2017,Zugersee,temperature_mean_c,28,-0.10269066036576989
2017,Zugersee,temperature_mean_c,29,-0.10380767143586123
2017,Zugersee,temperature_mean_c,30,-0.10396032573605463
2017,Zugersee,temperature_mean_c,31,-0.10345580038720562
2017,Zugersee,temperature_mean_c,32,-0.10246760443809003
2017,Zugersee,temperature_mean_c,33,-0.10166923065217214
2017,Zugersee,temperature_mean_c,34,-0.10157923134067079
2017,Zugersee,temperature_mean_c,35,-0.10185601380889914
2017,Zugersee,temperature_mean_c,36,-0.10177020435087364
2017,Zugersee,temperature_mean_c,37,-0.10151617506671662
2017,Zugersee,temperature_mean_c,38,-0.10048091387156596
2017,Zugersee,temperature_mean_c,39,-0.09894972393019509
2017,Zugersee,temperature_mean_c,40,-0.09756388124725705
2017,Zugersee,temperature_mean_c,41,-0.09708278264436546
2017,Zugersee,temperature_mean_c,42,-0.09738812399629476
2017,Zugersee,temperature_mean_c,43,-0.09793462844683343
2017,Zugersee,temperature_mean_c,44,-0.09837854712463488
2017,Zugersee,temperature_mean_c,45,-0.09820918130135906
2017,Zugersee,temperature_mean_c,46,-0.09806278141273829
2017,Zugersee,temperature_mean_c,47,-0.09816071826931627
2017,Zugersee,temperature_mean_c,48,-0.09848491397187593
2017,Zugersee,temperature_mean_c,49,-0.0984965766636057
2017,Zugersee,temperature_mean_c,50,-0.09777404694041547
2017,Zugersee,temperature_mean_c,51,-0.09769937180409095
2017,Zugersee,temperature_mean_c,52,-0.09797698512945163
2017,Zugersee,temperature_mean_c,53,-0.09750510730356143
2017,Zugersee,temperature_mean_c,54,-0.09698514073846504
2017,Zugersee,temperature_mean_c,55,-0.09641470570189452
2017,Zugersee,temperature_mean_c,56,-0.09561310639315314
2017,Zugersee,temperature_mean_c,57,-0.09508412288549672
2017,Zugersee,temperature_mean_c,58,-0.09465530444201865
2017,Zugersee,temperature_mean_c,59,-0.09305014118159274
2017,Zugersee,temperature_mean_c,60,-0.09122070560990089
2017,Zugersee,snowmelt_proxy,0,0.0454408840301797
2017,Zugersee,snowmelt_proxy,1,0.05413665459512839
2017,Zugersee,snowmelt_proxy,2,0.06179990035976142
2017,Zugersee,snowmelt_proxy,3,0.06830917920495093
2017,Zugersee,snowmelt_proxy,4,0.07251144861040963
2017,Zugersee,snowmelt_proxy,5,0.07565129446968114
2017,Zugersee,snowmelt_proxy,6,0.07745929822079932
2017,Zugersee,snowmelt_proxy,7,0.0782881122071979
2017,Zugersee,snowmelt_proxy,8,0.07805614938465824
2017,Zugersee,snowmelt_proxy,9,0.07727119017820115
2017,Zugersee,snowmelt_proxy,10,0.07632688584743139
2017,Zugersee,snowmelt_proxy,11,0.07538583212897722
2017,Zugersee,snowmelt_proxy,12,0.07430344200074666
2017,Zugersee,snowmelt_proxy,13,0.0734007224782338
2017,Zugersee,snowmelt_proxy,14,0.07261299804142983
2017,Zugersee,snowmelt_proxy,15,0.07134021377156478
2017,Zugersee,snowmelt_proxy,16,0.06991192735704393
2017,Zugersee,snowmelt_proxy,17,0.06908273756896012
2017,Zugersee,snowmelt_proxy,18,0.06806253529884948
2017,Zugersee,snowmelt_proxy,19,0.06707443264849039
2017,Zugersee,snowmelt_proxy,20,0.06652575585152093
2017,Zugersee,snowmelt_proxy,21,0.06464891550946103
2017,Zugersee,snowmelt_proxy,22,0.0627512328668594
2017,Zugersee,snowmelt_proxy,23,0.0630442903602693
2017,Zugersee,snowmelt_proxy,24,0.0616620612312725
2017,Zugersee,snowmelt_proxy,25,0.06101411101051223
2017,Zugersee,snowmelt_proxy,26,0.059705916055208766
2017,Zugersee,snowmelt_proxy,27,0.058128035349495205
2017,Zugersee,snowmelt_proxy,28,0.05682166010745437
2017,Zugersee,snowmelt_proxy,29,0.05420788418052473
2017,Zugersee,snowmelt_proxy,30,0.050556166205919566
2017,Zugersee,snowmelt_proxy,31,0.04857067387535569
2017,Zugersee,snowmelt_proxy,32,0.04776505819400432
2017,Zugersee,snowmelt_proxy,33,0.047639728089300275
2017,Zugersee,snowmelt_proxy,34,0.04792986578247086
2017,Zugersee,snowmelt_proxy,35,0.04848977618900937
2017,Zugersee,snowmelt_proxy,36,0.048303452603503924
2017,Zugersee,snowmelt_proxy,37,0.048503484131479924
2017,Zugersee,snowmelt_proxy,38,0.04885213170786315
2017,Zugersee,snowmelt_proxy,39,0.048660278268250846
2017,Zugersee,snowmelt_proxy,40,0.04830160919113465
2017,Zugersee,snowmelt_proxy,41,0.04840199686209016
2017,Zugersee,snowmelt_proxy,42,0.04976156227057567
2017,Zugersee,snowmelt_proxy,43,0.051096119950994626
2017,Zugersee,snowmelt_proxy,44,0.05302377240060975
2017,Zugersee,snowmelt_proxy,45,0.055362746748518765
2017,Zugersee,snowmelt_proxy,46,0.05772835998114325
2017,Zugersee,snowmelt_proxy,47,0.05949600458928901
2017,Zugersee,snowmelt_proxy,48,0.059773741498111495
2017,Zugersee,snowmelt_proxy,49,0.05892752994943858
2017,Zugersee,snowmelt_proxy,50,0.058150063873379766
2017,Zugersee,snowmelt_proxy,51,0.056600383242254165
2017,Zugersee,snowmelt_proxy,52,0.05502848681307515
2017,Zugersee,snowmelt_proxy,53,0.052164926832960534
2017,Zugersee,snowmelt_proxy,54,0.048294217907073445
2017,Zugersee,snowmelt_proxy,55,0.0453004407323409
2017,Zugersee,snowmelt_proxy,56,0.04205606242108108
2017,Zugersee,snowmelt_proxy,57,0.039743258815282026
2017,Zugersee,snowmelt_proxy,58,0.036057353914074795
2017,Zugersee,snowmelt_proxy,59,0.033024202783410214
2017,Zugersee,snowmelt_proxy,60,0.030984347396041185
2022,Lago_Maggiore,precipitation_mm,0,0.08990791678293918
2022,Lago_Maggiore,precipitation_mm,1,0.18540205722907369
2022,Lago_Maggiore,precipitation_mm,2,0.24104686948138115
2022,Lago_Maggiore,precipitation_mm,3,0.2558619950039334
2022,Lago_Maggiore,precipitation_mm,4,0.25813456215767666
2022,Lago_Maggiore,precipitation_mm,5,0.2532683751951041
2022,Lago_Maggiore,precipitation_mm,6,0.25064341285876285
2022,Lago_Maggiore,precipitation_mm,7,0.24578166573069996
2022,Lago_Maggiore,precipitation_mm,8,0.2416511934654541
2022,Lago_Maggiore,precipitation_mm,9,0.23238610130202236
2022,Lago_Maggiore,precipitation_mm,10,0.2237538392656247
2022,Lago_Maggiore,precipitation_mm,11,0.21769147376559497
2022,Lago_Maggiore,precipitation_mm,12,0.20793053743849899
2022,Lago_Maggiore,precipitation_mm,13,0.19850011011799779
2022,Lago_Maggiore,precipitation_mm,14,0.1922564743724765
2022,Lago_Maggiore,precipitation_mm,15,0.18534093010873848
2022,Lago_Maggiore,precipitation_mm,16,0.17913596902593573
2022,Lago_Maggiore,precipitation_mm,17,0.16857117893586737
2022,Lago_Maggiore,precipitation_mm,18,0.15950596237086656
2022,Lago_Maggiore,precipitation_mm,19,0.15340049176059112
2022,Lago_Maggiore,precipitation_mm,20,0.14831986542350212
2022,Lago_Maggiore,precipitation_mm,21,0.14291449535812445
2022,Lago_Maggiore,precipitation_mm,22,0.13800445366936231
2022,Lago_Maggiore,precipitation_mm,23,0.13322549109365567
2022,Lago_Maggiore,precipitation_mm,24,0.1276837734566605
2022,Lago_Maggiore,precipitation_mm,25,0.12614574411419363
2022,Lago_Maggiore,precipitation_mm,26,0.12289349801360942
2022,Lago_Maggiore,precipitation_mm,27,0.1208659568921609
2022,Lago_Maggiore,precipitation_mm,28,0.11918603921520506
2022,Lago_Maggiore,precipitation_mm,29,0.11545119420635946
2022,Lago_Maggiore,precipitation_mm,30,0.11674594006990027
2022,Lago_Maggiore,precipitation_mm,31,0.11426236521845956
2022,Lago_Maggiore,precipitation_mm,32,0.11310858150843965
2022,Lago_Maggiore,precipitation_mm,33,0.11222715471413673
2022,Lago_Maggiore,precipitation_mm,34,0.11000500324417024
2022,Lago_Maggiore,precipitation_mm,35,0.10958250967977194
2022,Lago_Maggiore,precipitation_mm,36,0.10588302252329093
2022,Lago_Maggiore,precipitation_mm,37,0.10301190888815143
2022,Lago_Maggiore,precipitation_mm,38,0.10129756211435711
2022,Lago_Maggiore,precipitation_mm,39,0.10163482642641306
2022,Lago_Maggiore,precipitation_mm,40,0.1015524383576665
2022,Lago_Maggiore,precipitation_mm,41,0.09999975099756928
2022,Lago_Maggiore,precipitation_mm,42,0.09832018667683488
2022,Lago_Maggiore,precipitation_mm,43,0.09508504153850686
2022,Lago_Maggiore,precipitation_mm,44,0.09105091962874733
2022,Lago_Maggiore,precipitation_mm,45,0.0886178343344886
2022,Lago_Maggiore,precipitation_mm,46,0.08695239809022098
2022,Lago_Maggiore,precipitation_mm,47,0.08563426427168613
2022,Lago_Maggiore,precipitation_mm,48,0.08451501079429037
2022,Lago_Maggiore,precipitation_mm,49,0.0825054732298757
2022,Lago_Maggiore,precipitation_mm,50,0.07914559242805289
2022,Lago_Maggiore,precipitation_mm,51,0.07446807496139334
2022,Lago_Maggiore,precipitation_mm,52,0.07114681409582461
2022,Lago_Maggiore,precipitation_mm,53,0.0710276353624068
2022,Lago_Maggiore,precipitation_mm,54,0.07072275411568156
2022,Lago_Maggiore,precipitation_mm,55,0.06967895395752899
2022,Lago_Maggiore,precipitation_mm,56,0.07015904372836668
2022,Lago_Maggiore,precipitation_mm,57,0.06816803322263076
2022,Lago_Maggiore,precipitation_mm,58,0.06558668142494267
2022,Lago_Maggiore,precipitation_mm,59,0.0656993008163067
2022,Lago_Maggiore,precipitation_mm,60,0.06478858716440118
2022,Lago_Maggiore,temperature_mean_c,0,-0.04073289883459141
2022,Lago_Maggiore,temperature_mean_c,1,-0.04185848456142091
2022,Lago_Maggiore,temperature_mean_c,2,-0.03807467493146048
2022,Lago_Maggiore,temperature_mean_c,3,-0.03311172481568457
2022,Lago_Maggiore,temperature_mean_c,4,-0.029985173159282105
2022,Lago_Maggiore,temperature_mean_c,5,-0.02952002765027243
2022,Lago_Maggiore,temperature_mean_c,6,-0.030552918770163365
2022,Lago_Maggiore,temperature_mean_c,7,-0.033180699711762685
2022,Lago_Maggiore,temperature_mean_c,8,-0.036192546411296
2022,Lago_Maggiore,temperature_mean_c,9,-0.03796005661554792
2022,Lago_Maggiore,temperature_mean_c,10,-0.038905397040830174
2022,Lago_Maggiore,temperature_mean_c,11,-0.039034664204992506
2022,Lago_Maggiore,temperature_mean_c,12,-0.039210394984258365
2022,Lago_Maggiore,temperature_mean_c,13,-0.04001479992074101
2022,Lago_Maggiore,temperature_mean_c,14,-0.0406618493048672
2022,Lago_Maggiore,temperature_mean_c,15,-0.04118052984807876
2022,Lago_Maggiore,temperature_mean_c,16,-0.041402497729248075
2022,Lago_Maggiore,temperature_mean_c,17,-0.04146634434979945
2022,Lago_Maggiore,temperature_mean_c,18,-0.040878909087762254
2022,Lago_Maggiore,temperature_mean_c,19,-0.04012959726931964
2022,Lago_Maggiore,temperature_mean_c,20,-0.03976325860212829
2022,Lago_Maggiore,temperature_mean_c,21,-0.039763477643077104
2022,Lago_Maggiore,temperature_mean_c,22,-0.04011394493431892
2022,Lago_Maggiore,temperature_mean_c,23,-0.03911761190539257
2022,Lago_Maggiore,temperature_mean_c,24,-0.038664223988146736
2022,Lago_Maggiore,temperature_mean_c,25,-0.04055486100983551
2022,Lago_Maggiore,temperature_mean_c,26,-0.04246666174726075
2022,Lago_Maggiore,temperature_mean_c,27,-0.04552225609480709
2022,Lago_Maggiore,temperature_mean_c,28,-0.04874485402436351
2022,Lago_Maggiore,temperature_mean_c,29,-0.05230731694434345
2022,Lago_Maggiore,temperature_mean_c,30,-0.05586023891915765
2022,Lago_Maggiore,temperature_mean_c,31,-0.05891106091817507
2022,Lago_Maggiore,temperature_mean_c,32,-0.060979051442882265
2022,Lago_Maggiore,temperature_mean_c,33,-0.061085103142645314
2022,Lago_Maggiore,temperature_mean_c,34,-0.0604883993280619
2022,Lago_Maggiore,temperature_mean_c,35,-0.06048666313699624
2022,Lago_Maggiore,temperature_mean_c,36,-0.060278615076647044
2022,Lago_Maggiore,temperature_mean_c,37,-0.06143061730870919
2022,Lago_Maggiore,temperature_mean_c,38,-0.06266017041364888
2022,Lago_Maggiore,temperature_mean_c,39,-0.062527711824199
2022,Lago_Maggiore,temperature_mean_c,40,-0.06157903515837764
2022,Lago_Maggiore,temperature_mean_c,41,-0.06081027561850801
2022,Lago_Maggiore,temperature_mean_c,42,-0.06029749655004107
2022,Lago_Maggiore,temperature_mean_c,43,-0.06017904505822386
2022,Lago_Maggiore,temperature_mean_c,44,-0.05879052188112188
2022,Lago_Maggiore,temperature_mean_c,45,-0.057420568558022425
2022,Lago_Maggiore,temperature_mean_c,46,-0.05569817987042452
2022,Lago_Maggiore,temperature_mean_c,47,-0.05358474988976595
2022,Lago_Maggiore,temperature_mean_c,48,-0.05106284320827212
2022,Lago_Maggiore,temperature_mean_c,49,-0.04766884539676654
2022,Lago_Maggiore,temperature_mean_c,50,-0.044741441397770323
2022,Lago_Maggiore,temperature_mean_c,51,-0.04152036019495642
2022,Lago_Maggiore,temperature_mean_c,52,-0.03963618458193665
2022,Lago_Maggiore,temperature_mean_c,53,-0.03843334898414151
2022,Lago_Maggiore,temperature_mean_c,54,-0.037060314348079125
2022,Lago_Maggiore,temperature_mean_c,55,-0.035222783060134655
2022,Lago_Maggiore,temperature_mean_c,56,-0.033267298834709864
2022,Lago_Maggiore,temperature_mean_c,57,-0.03226490024124876
2022,Lago_Maggiore,temperature_mean_c,58,-0.032809008454129394
2022,Lago_Maggiore,temperature_mean_c,59,-0.03352420154014714
2022,Lago_Maggiore,temperature_mean_c,60,-0.035062145116057895
2025,Vierwaldstättersee,precipitation_mm,0,0.051007953966358585
2025,Vierwaldstättersee,precipitation_mm,1,0.18400885909642353
2025,Vierwaldstättersee,precipitation_mm,2,0.25643891289379644
2025,Vierwaldstättersee,precipitation_mm,3,0.262577581804305
2025,Vierwaldstättersee,precipitation_mm,4,0.23868661628135038
2025,Vierwaldstättersee,precipitation_mm,5,0.21013268894856346
2025,Vierwaldstättersee,precipitation_mm,6,0.1903365643264163
2025,Vierwaldstättersee,precipitation_mm,7,0.16975631552987488
2025,Vierwaldstättersee,precipitation_mm,8,0.14820731818435248
2025,Vierwaldstättersee,precipitation_mm,9,0.12481034322060389
2025,Vierwaldstättersee,precipitation_mm,10,0.10686425759798064
2025,Vierwaldstättersee,precipitation_mm,11,0.09325051623402615
2025,Vierwaldstättersee,precipitation_mm,12,0.07811800217023485
2025,Vierwaldstättersee,precipitation_mm,13,0.06623751595222044
2025,Vierwaldstättersee,precipitation_mm,14,0.05941166361006472
2025,Vierwaldstättersee,precipitation_mm,15,0.0514498880738195
2025,Vierwaldstättersee,precipitation_mm,16,0.04230872320966164
2025,Vierwaldstättersee,precipitation_mm,17,0.03490924153463598
2025,Vierwaldstättersee,precipitation_mm,18,0.029509526409211024
2025,Vierwaldstättersee,precipitation_mm,19,0.02418897452554774
2025,Vierwaldstättersee,precipitation_mm,20,0.018921328824309133
2025,Vierwaldstättersee,precipitation_mm,21,0.01931662914675093
2025,Vierwaldstättersee,precipitation_mm,22,0.02034880551835891
2025,Vierwaldstättersee,precipitation_mm,23,0.020524265905208696
2025,Vierwaldstättersee,precipitation_mm,24,0.016840489018976636
2025,Vierwaldstättersee,precipitation_mm,25,0.014358542277497862
2025,Vierwaldstättersee,precipitation_mm,26,0.016245918160703206
2025,Vierwaldstättersee,precipitation_mm,27,0.01857644781750815
2025,Vierwaldstättersee,precipitation_mm,28,0.01993296561432854
2025,Vierwaldstättersee,precipitation_mm,29,0.023712109684127364
2025,Vierwaldstättersee,precipitation_mm,30,0.024044491657930267
2025,Vierwaldstättersee,precipitation_mm,31,0.021520097273669866
2025,Vierwaldstättersee,precipitation_mm,32,0.016607367052533885
2025,Vierwaldstättersee,precipitation_mm,33,0.009630699712859136
2025,Vierwaldstättersee,precipitation_mm,34,0.0056939424187843965
2025,Vierwaldstättersee,precipitation_mm,35,0.005666668256683305
2025,Vierwaldstättersee,precipitation_mm,36,0.005640608467041132
2025,Vierwaldstättersee,precipitation_mm,37,0.010339676687833865
2025,Vierwaldstättersee,precipitation_mm,38,0.012616555091718676
2025,Vierwaldstättersee,precipitation_mm,39,0.013820384391416309
2025,Vierwaldstättersee,precipitation_mm,40,0.012759436642790183
2025,Vierwaldstättersee,precipitation_mm,41,0.012845193233575355
2025,Vierwaldstättersee,precipitation_mm,42,0.011725538587629996
2025,Vierwaldstättersee,precipitation_mm,43,0.013064314919748956
2025,Vierwaldstättersee,precipitation_mm,44,0.010480660548866587
2025,Vierwaldstättersee,precipitation_mm,45,0.007214030900009855
2025,Vierwaldstättersee,precipitation_mm,46,0.009447509097277864
2025,Vierwaldstättersee,precipitation_mm,47,0.009229984033374054
2025,Vierwaldstättersee,precipitation_mm,48,0.007740915726174038
2025,Vierwaldstättersee,precipitation_mm,49,0.008315407183062635
2025,Vierwaldstättersee,precipitation_mm,50,0.007466013772642882
2025,Vierwaldstättersee,precipitation_mm,51,0.00529475841033811
2025,Vierwaldstättersee,precipitation_mm,52,0.0031362326194271446
2025,Vierwaldstättersee,precipitation_mm,53,0.003005019893018105
2025,Vierwaldstättersee,precipitation_mm,54,0.002187265718680325
2025,Vierwaldstättersee,precipitation_mm,55,0.0011577538872275812
2025,Vierwaldstättersee,precipitation_mm,56,-5.754703548791202e-05
2025,Vierwaldstättersee,precipitation_mm,57,-0.002306752332621429
2025,Vierwaldstättersee,precipitation_mm,58,-0.003497987133941594
2025,Vierwaldstättersee,precipitation_mm,59,-0.005557159183085695
2025,Vierwaldstättersee,precipitation_mm,60,-0.00790086359924845
2025,Vierwaldstättersee,temperature_mean_c,0,-0.08317766090989344
2025,Vierwaldstättersee,temperature_mean_c,1,-0.07066349094097335
2025,Vierwaldstättersee,temperature_mean_c,2,-0.028688550469596907
2025,Vierwaldstättersee,temperature_mean_c,3,0.0133294757344403
2025,Vierwaldstättersee,temperature_mean_c,4,0.04333671626167161
2025,Vierwaldstättersee,temperature_mean_c,5,0.05849057424907895
2025,Vierwaldstättersee,temperature_mean_c,6,0.061702701935671275
2025,Vierwaldstättersee,temperature_mean_c,7,0.05664847238660647
2025,Vierwaldstättersee,temperature_mean_c,8,0.04789737173496124
2025,Vierwaldstättersee,temperature_mean_c,9,0.03781511233082931
2025,Vierwaldstättersee,temperature_mean_c,10,0.02632119111487487
2025,Vierwaldstättersee,temperature_mean_c,11,0.014951194941745134
2025,Vierwaldstättersee,temperature_mean_c,12,0.003979008131564849
2025,Vierwaldstättersee,temperature_mean_c,13,-0.006479627965420718
2025,Vierwaldstättersee,temperature_mean_c,14,-0.014739534177476709
2025,Vierwaldstättersee,temperature_mean_c,15,-0.020992628733750573
2025,Vierwaldstättersee,temperature_mean_c,16,-0.026577241547639636
2025,Vierwaldstättersee,temperature_mean_c,17,-0.03190021832770699
2025,Vierwaldstättersee,temperature_mean_c,18,-0.036359988341921314
2025,Vierwaldstättersee,temperature_mean_c,19,-0.04079478424883773
2025,Vierwaldstättersee,temperature_mean_c,20,-0.04556530990672642
2025,Vierwaldstättersee,temperature_mean_c,21,-0.05048331179440702
2025,Vierwaldstättersee,temperature_mean_c,22,-0.05324018091818573
2025,Vierwaldstättersee,temperature_mean_c,23,-0.054006787482509956
2025,Vierwaldstättersee,temperature_mean_c,24,-0.054216781766942994
2025,Vierwaldstättersee,temperature_mean_c,25,-0.05524238496956056
2025,Vierwaldstättersee,temperature_mean_c,26,-0.05740383293311751
2025,Vierwaldstättersee,temperature_mean_c,27,-0.06057132589458981
2025,Vierwaldstättersee,temperature_mean_c,28,-0.06332836067344959
2025,Vierwaldstättersee,temperature_mean_c,29,-0.06345215794794373
2025,Vierwaldstättersee,temperature_mean_c,30,-0.06057963342589882
2025,Vierwaldstättersee,temperature_mean_c,31,-0.056445512167078035
2025,Vierwaldstättersee,temperature_mean_c,32,-0.0522904473338901
2025,Vierwaldstättersee,temperature_mean_c,33,-0.04872566088225761
2025,Vierwaldstättersee,temperature_mean_c,34,-0.046413798826458644
2025,Vierwaldstättersee,temperature_mean_c,35,-0.046048901372186694
2025,Vierwaldstättersee,temperature_mean_c,36,-0.04626513771838014
2025,Vierwaldstättersee,temperature_mean_c,37,-0.04606857091113957
2025,Vierwaldstättersee,temperature_mean_c,38,-0.044219459492718646
2025,Vierwaldstättersee,temperature_mean_c,39,-0.04098985462466185
2025,Vierwaldstättersee,temperature_mean_c,40,-0.039540440549062084
2025,Vierwaldstättersee,temperature_mean_c,41,-0.039272318367964486
2025,Vierwaldstättersee,temperature_mean_c,42,-0.038055340500789694
2025,Vierwaldstättersee,temperature_mean_c,43,-0.03678171635965453
2025,Vierwaldstättersee,temperature_mean_c,44,-0.035571340094143276
2025,Vierwaldstättersee,temperature_mean_c,45,-0.035461792250982484
2025,Vierwaldstättersee,temperature_mean_c,46,-0.03461198724373967
2025,Vierwaldstättersee,temperature_mean_c,47,-0.03440927174472172
2025,Vierwaldstättersee,temperature_mean_c,48,-0.03510028053454567
2025,Vierwaldstättersee,temperature_mean_c,49,-0.035122646753781885
2025,Vierwaldstättersee,temperature_mean_c,50,-0.035068727409808806
2025,Vierwaldstättersee,temperature_mean_c,51,-0.03602832158769959
2025,Vierwaldstättersee,temperature_mean_c,52,-0.03715566916541182
2025,Vierwaldstättersee,temperature_mean_c,53,-0.03778842912110643
2025,Vierwaldstättersee,temperature_mean_c,54,-0.03787300338424793
2025,Vierwaldstättersee,temperature_mean_c,55,-0.03570079959104844
2025,Vierwaldstättersee,temperature_mean_c,56,-0.03174167407616919
2025,Vierwaldstättersee,temperature_mean_c,57,-0.029576822957858222
2025,Vierwaldstättersee,temperature_mean_c,58,-0.02967821730984092
2025,Vierwaldstättersee,temperature_mean_c,59,-0.029047140238743108
2025,Vierwaldstättersee,temperature_mean_c,60,-0.028675115005120298
2025,Vierwaldstättersee,snowmelt_proxy,0,0.12822130048799546
2025,Vierwaldstättersee,snowmelt_proxy,1,0.15395824151853066
2025,Vierwaldstättersee,snowmelt_proxy,2,0.1832703145877962
2025,Vierwaldstättersee,snowmelt_proxy,3,0.20370251904214295
2025,Vierwaldstättersee,snowmelt_proxy,4,0.20981482776123878
2025,Vierwaldstättersee,snowmelt_proxy,5,0.20423377394049272
2025,Vierwaldstättersee,snowmelt_proxy,6,0.18955676989516582
2025,Vierwaldstättersee,snowmelt_proxy,7,0.173644255866468
2025,Vierwaldstättersee,snowmelt_proxy,8,0.15595017864881316
2025,Vierwaldstättersee,snowmelt_proxy,9,0.1366805587378125
2025,Vierwaldstättersee,snowmelt_proxy,10,0.1173568418597597
2025,Vierwaldstättersee,snowmelt_proxy,11,0.09989829830477033
2025,Vierwaldstättersee,snowmelt_proxy,12,0.08372126345171332
2025,Vierwaldstättersee,snowmelt_proxy,13,0.06939883852809046
2025,Vierwaldstättersee,snowmelt_proxy,14,0.05977006505182274
2025,Vierwaldstättersee,snowmelt_proxy,15,0.05127778786050002
2025,Vierwaldstättersee,snowmelt_proxy,16,0.04377651388474951
2025,Vierwaldstättersee,snowmelt_proxy,17,0.035711864662578884
2025,Vierwaldstättersee,snowmelt_proxy,18,0.028977245469208948
2025,Vierwaldstättersee,snowmelt_proxy,19,0.02507692418378814
2025,Vierwaldstättersee,snowmelt_proxy,20,0.018627282251371037
2025,Vierwaldstättersee,snowmelt_proxy,21,0.010223801473249385
2025,Vierwaldstättersee,snowmelt_proxy,22,0.004391971462885061
2025,Vierwaldstättersee,snowmelt_proxy,23,0.0014267493652543365
2025,Vierwaldstättersee,snowmelt_proxy,24,-0.001599191881887278
2025,Vierwaldstättersee,snowmelt_proxy,25,-0.003342343124251549
2025,Vierwaldstättersee,snowmelt_proxy,26,-0.007532175075511129
2025,Vierwaldstättersee,snowmelt_proxy,27,-0.014039573430185675
2025,Vierwaldstättersee,snowmelt_proxy,28,-0.018771341381587967
2025,Vierwaldstättersee,snowmelt_proxy,29,-0.02108617676210625
2025,Vierwaldstättersee,snowmelt_proxy,30,-0.020957545814696027
2025,Vierwaldstättersee,snowmelt_proxy,31,-0.02161039976308679
2025,Vierwaldstättersee,snowmelt_proxy,32,-0.022667437252903565
2025,Vierwaldstättersee,snowmelt_proxy,33,-0.024781587437605834
2025,Vierwaldstättersee,snowmelt_proxy,34,-0.026458529929323397
2025,Vierwaldstättersee,snowmelt_proxy,35,-0.031024312917652206
2025,Vierwaldstättersee,snowmelt_proxy,36,-0.03491789496759686
2025,Vierwaldstättersee,snowmelt_proxy,37,-0.03843132913004434
2025,Vierwaldstättersee,snowmelt_proxy,38,-0.03936104628400491
2025,Vierwaldstättersee,snowmelt_proxy,39,-0.04009437804445015
2025,Vierwaldstättersee,snowmelt_proxy,40,-0.03989354449959083
2025,Vierwaldstättersee,snowmelt_proxy,41,-0.0430070745973994
2025,Vierwaldstättersee,snowmelt_proxy,42,-0.04531746574747484
2025,Vierwaldstättersee,snowmelt_proxy,43,-0.04778475380086548
2025,Vierwaldstättersee,snowmelt_proxy,44,-0.05053954915314431
2025,Vierwaldstättersee,snowmelt_proxy,45,-0.05096915287486602
2025,Vierwaldstättersee,snowmelt_proxy,46,-0.050636006159079296
2025,Vierwaldstättersee,snowmelt_proxy,47,-0.05034440199589349
2025,Vierwaldstättersee,snowmelt_proxy,48,-0.050021050217072094
2025,Vierwaldstättersee,snowmelt_proxy,49,-0.047735259022180274
2025,Vierwaldstättersee,snowmelt_proxy,50,-0.04741164757658979
2025,Vierwaldstättersee,snowmelt_proxy,51,-0.048519177804949895
2025,Vierwaldstättersee,snowmelt_proxy,52,-0.05238347988071471
2025,Vierwaldstättersee,snowmelt_proxy,53,-0.05511751222183491
2025,Vierwaldstättersee,snowmelt_proxy,54,-0.05617308077661738
2025,Vierwaldstättersee,snowmelt_proxy,55,-0.058116817755565174
2025,Vierwaldstättersee,snowmelt_proxy,56,-0.06352562084276334
2025,Vierwaldstättersee,snowmelt_proxy,57,-0.06982931225021992
2025,Vierwaldstättersee,snowmelt_proxy,58,-0.07273811183528532
2025,Vierwaldstättersee,snowmelt_proxy,59,-0.07497816306946635
2025,Vierwaldstättersee,snowmelt_proxy,60,-0.08060619237568226
2023,Brienzersee,precipitation_mm,0,0.047088193010177214
2023,Brienzersee,precipitation_mm,1,0.16071140439712786
2023,Brienzersee,precipitation_mm,2,0.18803756117185197
2023,Brienzersee,precipitation_mm,3,0.1611568656091637
2023,Brienzersee,precipitation_mm,4,0.12734247454314143
2023,Brienzersee,precipitation_mm,5,0.10341774565660249
2023,Brienzersee,precipitation_mm,6,0.08612963587165398
2023,Brienzersee,precipitation_mm,7,0.0751020003821887
2023,Brienzersee,precipitation_mm,8,0.06808595547571196
2023,Brienzersee,precipitation_mm,9,0.06240170309418939
2023,Brienzersee,precipitation_mm,10,0.05903190596725113
2023,Brienzersee,precipitation_mm,11,0.0582256059341375
2023,Brienzersee,precipitation_mm,12,0.05766926833163996
2023,Brienzersee,precipitation_mm,13,0.058088560290966575
2023,Brienzersee,precipitation_mm,14,0.059568439433966676
2023,Brienzersee,precipitation_mm,15,0.062335358472402486
2023,Brienzersee,precipitation_mm,16,0.0617142014519181
2023,Brienzersee,precipitation_mm,17,0.06260408325710255
2023,Brienzersee,precipitation_mm,18,0.06456064659031673
2023,Brienzersee,precipitation_mm,19,0.06613290312865944
2023,Brienzersee,precipitation_mm,20,0.06461472532316236
2023,Brienzersee,precipitation_mm,21,0.06404629582775519
2023,Brienzersee,precipitation_mm,22,0.06603890904094666
2023,Brienzersee,precipitation_mm,23,0.06708149613718854
2023,Brienzersee,precipitation_mm,24,0.065987141511392
2023,Brienzersee,precipitation_mm,25,0.06275528518492844
2023,Brienzersee,precipitation_mm,26,0.05530026100126269
2023,Brienzersee,precipitation_mm,27,0.049037416813193166
2023,Brienzersee,precipitation_mm,28,0.045167254212197354
2023,Brienzersee,precipitation_mm,29,0.04331773328344122
2023,Brienzersee,precipitation_mm,30,0.04408545470275958
2023,Brienzersee,precipitation_mm,31,0.04123398037164672
2023,Brienzersee,precipitation_mm,32,0.038372732253348425
2023,Brienzersee,precipitation_mm,33,0.0342952383092647
2023,Brienzersee,precipitation_mm,34,0.02971160432658735
2023,Brienzersee,precipitation_mm,35,0.0269791829776388
2023,Brienzersee,precipitation_mm,36,0.025707655930117767
2023,Brienzersee,precipitation_mm,37,0.02874810312036632
2023,Brienzersee,precipitation_mm,38,0.02932652599341347
2023,Brienzersee,precipitation_mm,39,0.027675976298654616
2023,Brienzersee,precipitation_mm,40,0.025144252424565555
2023,Brienzersee,precipitation_mm,41,0.021882938645280875
2023,Brienzersee,precipitation_mm,42,0.01903480194355072
2023,Brienzersee,precipitation_mm,43,0.018132840610745295
2023,Brienzersee,precipitation_mm,44,0.01764121274972016
2023,Brienzersee,precipitation_mm,45,0.01821948135037509
2023,Brienzersee,precipitation_mm,46,0.017884566712084233
2023,Brienzersee,precipitation_mm,47,0.016677302173565993
2023,Brienzersee,precipitation_mm,48,0.014763899420259985
2023,Brienzersee,precipitation_mm,49,0.014821197308730851
2023,Brienzersee,precipitation_mm,50,0.01172177547218464
2023,Brienzersee,precipitation_mm,51,0.00866096593753876
2023,Brienzersee,precipitation_mm,52,0.005633558790793845
2023,Brienzersee,precipitation_mm,53,0.004665599783827605
2023,Brienzersee,precipitation_mm,54,0.0049806518827392185
2023,Brienzersee,precipitation_mm,55,0.002173501647060821
2023,Brienzersee,precipitation_mm,56,-0.0009199006208786959
2023,Brienzersee,precipitation_mm,57,-0.0013355494733347205
2023,Brienzersee,precipitation_mm,58,-0.00018756617537280237
2023,Brienzersee,precipitation_mm,59,0.0006508763922102563
2023,Brienzersee,precipitation_mm,60,0.0007934585638279769
2023,Brienzersee,temperature_mean_c,0,0.004316092188669829
2023,Brienzersee,temperature_mean_c,1,0.0450858902067806
2023,Brienzersee,temperature_mean_c,2,0.10501213292409893
2023,Brienzersee,temperature_mean_c,3,0.1465854670973949
2023,Brienzersee,temperature_mean_c,4,0.16562733359136464
2023,Brienzersee,temperature_mean_c,5,0.16881889622198878
2023,Brienzersee,temperature_mean_c,6,0.16073283071029748
2023,Brienzersee,temperature_mean_c,7,0.14513004667762197
2023,Brienzersee,temperature_mean_c,8,0.12727326779414974
2023,Brienzersee,temperature_mean_c,9,0.10927634725008453
2023,Brienzersee,temperature_mean_c,10,0.09260938266411116
2023,Brienzersee,temperature_mean_c,11,0.07944137411683996
2023,Brienzersee,temperature_mean_c,12,0.06858096325922017
2023,Brienzersee,temperature_mean_c,13,0.05883032486169113
2023,Brienzersee,temperature_mean_c,14,0.04942601238278314
2023,Brienzersee,temperature_mean_c,15,0.04225756453196889
2023,Brienzersee,temperature_mean_c,16,0.03508768622832599
2023,Brienzersee,temperature_mean_c,17,0.027868006400232105
2023,Brienzersee,temperature_mean_c,18,0.021247717701864257
2023,Brienzersee,temperature_mean_c,19,0.015422771329758264
2023,Brienzersee,temperature_mean_c,20,0.009119164263260121
2023,Brienzersee,temperature_mean_c,21,0.001213521867303997
2023,Brienzersee,temperature_mean_c,22,-0.006096136176881637
2023,Brienzersee,temperature_mean_c,23,-0.01021617067225334
2023,Brienzersee,temperature_mean_c,24,-0.012110123318423456
2023,Brienzersee,temperature_mean_c,25,-0.013162522621627011
2023,Brienzersee,temperature_mean_c,26,-0.014735164981344051
2023,Brienzersee,temperature_mean_c,27,-0.01760534500048299
2023,Brienzersee,temperature_mean_c,28,-0.02251238212258679
2023,Brienzersee,temperature_mean_c,29,-0.02720793753505983
2023,Brienzersee,temperature_mean_c,30,-0.02940474921764339
2023,Brienzersee,temperature_mean_c,31,-0.03166196131295201
2023,Brienzersee,temperature_mean_c,32,-0.033743723414608115
2023,Brienzersee,temperature_mean_c,33,-0.03514738379900559
2023,Brienzersee,temperature_mean_c,34,-0.036747714796305564
2023,Brienzersee,temperature_mean_c,35,-0.03831090797518475
2023,Brienzersee,temperature_mean_c,36,-0.0393712458926373
2023,Brienzersee,temperature_mean_c,37,-0.03870819675151932
2023,Brienzersee,temperature_mean_c,38,-0.03512362691711176
2023,Brienzersee,temperature_mean_c,39,-0.03021672554592945
2023,Brienzersee,temperature_mean_c,40,-0.02623392987044614
2023,Brienzersee,temperature_mean_c,41,-0.023978249759053605
2023,Brienzersee,temperature_mean_c,42,-0.02329161782611482
2023,Brienzersee,temperature_mean_c,43,-0.02390446698737329
2023,Brienzersee,temperature_mean_c,44,-0.02461236430068424
2023,Brienzersee,temperature_mean_c,45,-0.023568220811017962
2023,Brienzersee,temperature_mean_c,46,-0.02261975844059952
2023,Brienzersee,temperature_mean_c,47,-0.023771796021200817
2023,Brienzersee,temperature_mean_c,48,-0.02576425324734889
2023,Brienzersee,temperature_mean_c,49,-0.02492566497810075
2023,Brienzersee,temperature_mean_c,50,-0.023261794756444975
2023,Brienzersee,temperature_mean_c,51,-0.02088063501745871
2023,Brienzersee,temperature_mean_c,52,-0.017914781075656347
2023,Brienzersee,temperature_mean_c,53,-0.016347830416547086
2023,Brienzersee,temperature_mean_c,54,-0.014993958906112333
2023,Brienzersee,temperature_mean_c,55,-0.013095259601442715
2023,Brienzersee,temperature_mean_c,56,-0.012905447808823377
2023,Brienzersee,temperature_mean_c,57,-0.014049520277786236
2023,Brienzersee,temperature_mean_c,58,-0.015455060809793586
2023,Brienzersee,temperature_mean_c,59,-0.01563040050555727
2023,Brienzersee,temperature_mean_c,60,-0.015115672143062728
2023,Brienzersee,snowmelt_proxy,0,0.07771719911180426
2023,Brienzersee,snowmelt_proxy,1,0.11128183970761901
2023,Brienzersee,snowmelt_proxy,2,0.14067339634225792
2023,Brienzersee,snowmelt_proxy,3,0.15586176192741358
2023,Brienzersee,snowmelt_proxy,4,0.15564285600730635
2023,Brienzersee,snowmelt_proxy,5,0.14804485704778092
2023,Brienzersee,snowmelt_proxy,6,0.1326251058825729
2023,Brienzersee,snowmelt_proxy,7,0.1170176702158369
2023,Brienzersee,snowmelt_proxy,8,0.10288577269018258
2023,Brienzersee,snowmelt_proxy,9,0.0864024475898254
2023,Brienzersee,snowmelt_proxy,10,0.07296573088233427
2023,Brienzersee,snowmelt_proxy,11,0.0602476297018298
2023,Brienzersee,snowmelt_proxy,12,0.05022388235736023
2023,Brienzersee,snowmelt_proxy,13,0.040133282354756675
2023,Brienzersee,snowmelt_proxy,14,0.032750915399822826
2023,Brienzersee,snowmelt_proxy,15,0.026274755253014457
2023,Brienzersee,snowmelt_proxy,16,0.021530996809729794
2023,Brienzersee,snowmelt_proxy,17,0.015793741374733924
2023,Brienzersee,snowmelt_proxy,18,0.012155456719420712
2023,Brienzersee,snowmelt_proxy,19,0.012551299042104775
2023,Brienzersee,snowmelt_proxy,20,0.010509423862853523
2023,Brienzersee,snowmelt_proxy,21,0.004918764914921218
2023,Brienzersee,snowmelt_proxy,22,-7.203180621537399e-05
2023,Brienzersee,snowmelt_proxy,23,-0.003962554327514425
2023,Brienzersee,snowmelt_proxy,24,-0.005469774900168223
2023,Brienzersee,snowmelt_proxy,25,-0.004535766735717725
2023,Brienzersee,snowmelt_proxy,26,-0.005226343987427961
2023,Brienzersee,snowmelt_proxy,27,-0.004858733881494524
2023,Brienzersee,snowmelt_proxy,28,-0.005163022055193878
2023,Brienzersee,snowmelt_proxy,29,-0.005504771156113996
2023,Brienzersee,snowmelt_proxy,30,-0.005526999986070274
2023,Brienzersee,snowmelt_proxy,31,-0.0069453140754762045
2023,Brienzersee,snowmelt_proxy,32,-0.0073110815010575024
2023,Brienzersee,snowmelt_proxy,33,-0.007199020759385545
2023,Brienzersee,snowmelt_proxy,34,-0.00784247646442494
2023,Brienzersee,snowmelt_proxy,35,-0.009245687096462828
2023,Brienzersee,snowmelt_proxy,36,-0.010148730466092076
2023,Brienzersee,snowmelt_proxy,37,-0.009250744355036927
2023,Brienzersee,snowmelt_proxy,38,-0.010282944891319642
2023,Brienzersee,snowmelt_proxy,39,-0.008536791715624093
2023,Brienzersee,snowmelt_proxy,40,-0.0077954463606735675
2023,Brienzersee,snowmelt_proxy,41,-0.007408340791777961
2023,Brienzersee,snowmelt_proxy,42,-0.005982835063835527
2023,Brienzersee,snowmelt_proxy,43,-0.012040720270014748
2023,Brienzersee,snowmelt_proxy,44,-0.010856217162950968
2023,Brienzersee,snowmelt_proxy,45,-0.010027662020424526
2023,Brienzersee,snowmelt_proxy,46,-0.009232611659647933
2023,Brienzersee,snowmelt_proxy,47,-0.010620772676734775
2023,Brienzersee,snowmelt_proxy,48,-0.005925666180919437
2023,Brienzersee,snowmelt_proxy,49,-0.0073705102652067336
2023,Brienzersee,snowmelt_proxy,50,-0.005493969426898402
2023,Brienzersee,snowmelt_proxy,51,-0.0033530021242317402
2023,Brienzersee,snowmelt_proxy,52,-0.003217448297790299
2023,Brienzersee,snowmelt_proxy,53,-0.003093565413511508
2023,Brienzersee,snowmelt_proxy,54,-5.419028961722531e-06
2023,Brienzersee,snowmelt_proxy,55,0.00013316246116986015
2023,Brienzersee,snowmelt_proxy,56,-0.004930001278534153
2023,Brienzersee,snowmelt_proxy,57,-0.010911916852139561
2023,Brienzersee,snowmelt_proxy,58,-0.01433136474431589
2023,Brienzersee,snowmelt_proxy,59,-0.016692959843030403
2023,Brienzersee,snowmelt_proxy,60,-0.018608482054250995
2028,Lac_Léman,precipitation_mm,0,0.051845601877041604
2028,Lac_Léman,precipitation_mm,1,0.15692324187615683
2028,Lac_Léman,precipitation_mm,2,0.2150657926703407
2028,Lac_Léman,precipitation_mm,3,0.22219479214712748
2028,Lac_Léman,precipitation_mm,4,0.2070158104909483
2028,Lac_Léman,precipitation_mm,5,0.18704147769212254
2028,Lac_Léman,precipitation_mm,6,0.16788856052889845
2028,Lac_Léman,precipitation_mm,7,0.1466176151003157
2028,Lac_Léman,precipitation_mm,8,0.1296053020255587
2028,Lac_Léman,precipitation_mm,9,0.11628262675908639
2028,Lac_Léman,precipitation_mm,10,0.10335710238208902
2028,Lac_Léman,precipitation_mm,11,0.09235961187692948
2028,Lac_Léman,precipitation_mm,12,0.08426290367948895
2028,Lac_Léman,precipitation_mm,13,0.07921618692449928
2028,Lac_Léman,precipitation_mm,14,0.07727907779655033
2028,Lac_Léman,precipitation_mm,15,0.07592124018539986
2028,Lac_Léman,precipitation_mm,16,0.07396241623098955
2028,Lac_Léman,precipitation_mm,17,0.07043332916962149
2028,Lac_Léman,precipitation_mm,18,0.06525317282443778
2028,Lac_Léman,precipitation_mm,19,0.05923236805855562
2028,Lac_Léman,precipitation_mm,20,0.05539606764178882
2028,Lac_Léman,precipitation_mm,21,0.054737310491116895
2028,Lac_Léman,precipitation_mm,22,0.05447814661442323
2028,Lac_Léman,precipitation_mm,23,0.05262580724642959
2028,Lac_Léman,precipitation_mm,24,0.049987183276555366
2028,Lac_Léman,precipitation_mm,25,0.047926692416926486
2028,Lac_Léman,precipitation_mm,26,0.04585776848686135
2028,Lac_Léman,precipitation_mm,27,0.04297751280315153
2028,Lac_Léman,precipitation_mm,28,0.03960465998950542
2028,Lac_Léman,precipitation_mm,29,0.03562727364018823
2028,Lac_Léman,precipitation_mm,30,0.03400209594613875
2028,Lac_Léman,precipitation_mm,31,0.031145226141958398
2028,Lac_Léman,precipitation_mm,32,0.02640926038549035
2028,Lac_Léman,precipitation_mm,33,0.022804649191122316
2028,Lac_Léman,precipitation_mm,34,0.021048377879477536
2028,Lac_Léman,precipitation_mm,35,0.020310155833438356
2028,Lac_Léman,precipitation_mm,36,0.01993961621639564
2028,Lac_Léman,precipitation_mm,37,0.021189863088569454
2028,Lac_Léman,precipitation_mm,38,0.024316487048954182
2028,Lac_Léman,precipitation_mm,39,0.02631363556023531
2028,Lac_Léman,precipitation_mm,40,0.026996516625329578
2028,Lac_Léman,precipitation_mm,41,0.02464165645397949
2028,Lac_Léman,precipitation_mm,42,0.02063137621284169
2028,Lac_Léman,precipitation_mm,43,0.018885189854916707
2028,Lac_Léman,precipitation_mm,44,0.014823723512789232
2028,Lac_Léman,precipitation_mm,45,0.012711704161885422
2028,Lac_Léman,precipitation_mm,46,0.013551592836321392
2028,Lac_Léman,precipitation_mm,47,0.01184074492947211
2028,Lac_Léman,precipitation_mm,48,0.009662327814641032
2028,Lac_Léman,precipitation_mm,49,0.00831641962412569
2028,Lac_Léman,precipitation_mm,50,0.008850742364696799
2028,Lac_Léman,precipitation_mm,51,0.007088066585757101
2028,Lac_Léman,precipitation_mm,52,0.005043067341756126
2028,Lac_Léman,precipitation_mm,53,0.002560998169410494
2028,Lac_Léman,precipitation_mm,54,0.0018550350963419068
2028,Lac_Léman,precipitation_mm,55,0.002559547093692098
2028,Lac_Léman,precipitation_mm,56,0.004630794384447667
2028,Lac_Léman,precipitation_mm,57,0.004155120357651656
2028,Lac_Léman,precipitation_mm,58,0.003248705251580858
2028,Lac_Léman,precipitation_mm,59,0.0012395745685864594
2028,Lac_Léman,precipitation_mm,60,-0.0015094699828941958
2028,Lac_Léman,temperature_mean_c,0,-0.03874516384711965
2028,Lac_Léman,temperature_mean_c,1,-0.01497002602740954
2028,Lac_Léman,temperature_mean_c,2,0.028467859926291843
2028,Lac_Léman,temperature_mean_c,3,0.06446467514086092
2028,Lac_Léman,temperature_mean_c,4,0.08593771409856842
2028,Lac_Léman,temperature_mean_c,5,0.09643219259755682
2028,Lac_Léman,temperature_mean_c,6,0.09921315624319994
2028,Lac_Léman,temperature_mean_c,7,0.0958493022026619
2028,Lac_Léman,temperature_mean_c,8,0.08983160772268055
2028,Lac_Léman,temperature_mean_c,9,0.08260895882487228
2028,Lac_Léman,temperature_mean_c,10,0.0744819737802001
2028,Lac_Léman,temperature_mean_c,11,0.06555429636979607
2028,Lac_Léman,temperature_mean_c,12,0.05665241868964919
2028,Lac_Léman,temperature_mean_c,13,0.04788649636958913
2028,Lac_Léman,temperature_mean_c,14,0.04065943143289244
2028,Lac_Léman,temperature_mean_c,15,0.03497243560826915
2028,Lac_Léman,temperature_mean_c,16,0.030089534931033973
2028,Lac_Léman,temperature_mean_c,17,0.02578969051313143
2028,Lac_Léman,temperature_mean_c,18,0.022565231799188748
2028,Lac_Léman,temperature_mean_c,19,0.019962272718881555
2028,Lac_Léman,temperature_mean_c,20,0.01648266067443253
2028,Lac_Léman,temperature_mean_c,21,0.011976729410792121
2028,Lac_Léman,temperature_mean_c,22,0.007101710417547612
2028,Lac_Léman,temperature_mean_c,23,0.0023692115856186794
2028,Lac_Léman,temperature_mean_c,24,-0.001969308645735031
2028,Lac_Léman,temperature_mean_c,25,-0.0049943775705307385
2028,Lac_Léman,temperature_mean_c,26,-0.006725794207244406
2028,Lac_Léman,temperature_mean_c,27,-0.007712362841820575
2028,Lac_Léman,temperature_mean_c,28,-0.008590919482295283
2028,Lac_Léman,temperature_mean_c,29,-0.009996314858461907
2028,Lac_Léman,temperature_mean_c,30,-0.011702281026079831
2028,Lac_Léman,temperature_mean_c,31,-0.014476323244983392
2028,Lac_Léman,temperature_mean_c,32,-0.017366190401885348
2028,Lac_Léman,temperature_mean_c,33,-0.01986957037644453
2028,Lac_Léman,temperature_mean_c,34,-0.022554764385121613
2028,Lac_Léman,temperature_mean_c,35,-0.02377546965076676
2028,Lac_Léman,temperature_mean_c,36,-0.022810495703314795
2028,Lac_Léman,temperature_mean_c,37,-0.019684826243981487
2028,Lac_Léman,temperature_mean_c,38,-0.014387652349388448
2028,Lac_Léman,temperature_mean_c,39,-0.008164757672072833
2028,Lac_Léman,temperature_mean_c,40,-0.001990155331527999
2028,Lac_Léman,temperature_mean_c,41,0.0021700647255101864
2028,Lac_Léman,temperature_mean_c,42,0.004858686350405209
2028,Lac_Léman,temperature_mean_c,43,0.0069908968990925625
2028,Lac_Léman,temperature_mean_c,44,0.006822570559218087
2028,Lac_Léman,temperature_mean_c,45,0.004881881467566134
2028,Lac_Léman,temperature_mean_c,46,0.003759767811436686
2028,Lac_Léman,temperature_mean_c,47,0.0018978015926973935
2028,Lac_Léman,temperature_mean_c,48,-0.001619150683393619
2028,Lac_Léman,temperature_mean_c,49,-0.0047268190841629944
2028,Lac_Léman,temperature_mean_c,50,-0.007603313833628109
2028,Lac_Léman,temperature_mean_c,51,-0.009635999666918568
2028,Lac_Léman,temperature_mean_c,52,-0.011410301391918044
2028,Lac_Léman,temperature_mean_c,53,-0.01275364478360598
2028,Lac_Léman,temperature_mean_c,54,-0.014278220800630913
2028,Lac_Léman,temperature_mean_c,55,-0.014723363233295912
2028,Lac_Léman,temperature_mean_c,56,-0.013848029350038283
2028,Lac_Léman,temperature_mean_c,57,-0.013372336722583185
2028,Lac_Léman,temperature_mean_c,58,-0.013852332410218837
2028,Lac_Léman,temperature_mean_c,59,-0.014427268433960427
2028,Lac_Léman,temperature_mean_c,60,-0.014264670256760845
2043,Bodensee_(Untersee),precipitation_mm,0,0.013303889263174943
2043,Bodensee_(Untersee),precipitation_mm,1,0.047511491347744225
2043,Bodensee_(Untersee),precipitation_mm,2,0.09249700382039797
2043,Bodensee_(Untersee),precipitation_mm,3,0.12303004182662014
2043,Bodensee_(Untersee),precipitation_mm,4,0.14016159937854883
2043,Bodensee_(Untersee),precipitation_mm,5,0.1492871374560721
2043,Bodensee_(Untersee),precipitation_mm,6,0.15485200474398744
2043,Bodensee_(Untersee),precipitation_mm,7,0.15921256550314736
2043,Bodensee_(Untersee),precipitation_mm,8,0.16256402496664193
2043,Bodensee_(Untersee),precipitation_mm,9,0.16493149244709443
2043,Bodensee_(Untersee),precipitation_mm,10,0.16645849948911348
2043,Bodensee_(Untersee),precipitation_mm,11,0.16796269559927762
2043,Bodensee_(Untersee),precipitation_mm,12,0.1684573337400931
2043,Bodensee_(Untersee),precipitation_mm,13,0.1677880053005139
2043,Bodensee_(Untersee),precipitation_mm,14,0.16716572635820265
2043,Bodensee_(Untersee),precipitation_mm,15,0.16606338158187406
2043,Bodensee_(Untersee),precipitation_mm,16,0.16445943277427938
2043,Bodensee_(Untersee),precipitation_mm,17,0.16249156780378507
2043,Bodensee_(Untersee),precipitation_mm,18,0.1605417369590406
2043,Bodensee_(Untersee),precipitation_mm,19,0.15892233368292888
2043,Bodensee_(Untersee),precipitation_mm,20,0.1563076002900843
2043,Bodensee_(Untersee),precipitation_mm,21,0.15348106079437218
2043,Bodensee_(Untersee),precipitation_mm,22,0.1513021574347427
2043,Bodensee_(Untersee),precipitation_mm,23,0.14918268874927906
2043,Bodensee_(Untersee),precipitation_mm,24,0.14667814897774287
2043,Bodensee_(Untersee),precipitation_mm,25,0.14397341873201025
2043,Bodensee_(Untersee),precipitation_mm,26,0.1419057960193175
2043,Bodensee_(Untersee),precipitation_mm,27,0.1399946790247382
2043,Bodensee_(Untersee),precipitation_mm,28,0.13838011922198148
2043,Bodensee_(Untersee),precipitation_mm,29,0.13723942342971857
2043,Bodensee_(Untersee),precipitation_mm,30,0.13580347334571244
2043,Bodensee_(Untersee),precipitation_mm,31,0.1331608755102191
2043,Bodensee_(Untersee),precipitation_mm,32,0.13046080684717637
2043,Bodensee_(Untersee),precipitation_mm,33,0.1278656918245735
2043,Bodensee_(Untersee),precipitation_mm,34,0.12513761803373052
2043,Bodensee_(Untersee),precipitation_mm,35,0.12178786028671795
2043,Bodensee_(Untersee),precipitation_mm,36,0.11939954827100577
2043,Bodensee_(Untersee),precipitation_mm,37,0.11759416367522331
2043,Bodensee_(Untersee),precipitation_mm,38,0.11615489562829132
2043,Bodensee_(Untersee),precipitation_mm,39,0.11452486032398804
2043,Bodensee_(Untersee),precipitation_mm,40,0.11312933004395798
2043,Bodensee_(Untersee),precipitation_mm,41,0.11192962209638406
2043,Bodensee_(Untersee),precipitation_mm,42,0.11011545423392909
2043,Bodensee_(Untersee),precipitation_mm,43,0.10870955122129566
2043,Bodensee_(Untersee),precipitation_mm,44,0.10701020478526299
2043,Bodensee_(Untersee),precipitation_mm,45,0.10545445056207385
2043,Bodensee_(Untersee),precipitation_mm,46,0.10351966543626989
2043,Bodensee_(Untersee),precipitation_mm,47,0.10140785110436362
2043,Bodensee_(Untersee),precipitation_mm,48,0.09973004635433644
2043,Bodensee_(Untersee),precipitation_mm,49,0.09784587293996051
2043,Bodensee_(Untersee),precipitation_mm,50,0.09609448154891491
2043,Bodensee_(Untersee),precipitation_mm,51,0.09348994836100988
2043,Bodensee_(Untersee),precipitation_mm,52,0.09096124272931824
2043,Bodensee_(Untersee),precipitation_mm,53,0.0888718382589753
2043,Bodensee_(Untersee),precipitation_mm,54,0.08674915716461279
2043,Bodensee_(Untersee),precipitation_mm,55,0.08518180667711557
2043,Bodensee_(Untersee),precipitation_mm,56,0.08310147988235873
2043,Bodensee_(Untersee),precipitation_mm,57,0.08086167130276381
2043,Bodensee_(Untersee),precipitation_mm,58,0.07772678898704088
2043,Bodensee_(Untersee),precipitation_mm,59,0.07460818317692487
2043,Bodensee_(Untersee),precipitation_mm,60,0.07199391350690945
2043,Bodensee_(Untersee),temperature_mean_c,0,-0.04858779353705425
2043,Bodensee_(Untersee),temperature_mean_c,1,-0.058117652323401096
2043,Bodensee_(Untersee),temperature_mean_c,2,-0.0593013720558489
2043,Bodensee_(Untersee),temperature_mean_c,3,-0.05559780219421237
2043,Bodensee_(Untersee),temperature_mean_c,4,-0.050803378502629434
2043,Bodensee_(Untersee),temperature_mean_c,5,-0.046893937788133715
2043,Bodensee_(Untersee),temperature_mean_c,6,-0.044756802574393385
2043,Bodensee_(Untersee),temperature_mean_c,7,-0.04436136514778258
2043,Bodensee_(Untersee),temperature_mean_c,8,-0.04503603989815244
2043,Bodensee_(Untersee),temperature_mean_c,9,-0.04624615272003776
2043,Bodensee_(Untersee),temperature_mean_c,10,-0.04794766065503175
2043,Bodensee_(Untersee),temperature_mean_c,11,-0.04982958990882606
2043,Bodensee_(Untersee),temperature_mean_c,12,-0.051694964311332
2043,Bodensee_(Untersee),temperature_mean_c,13,-0.0538323743435827
2043,Bodensee_(Untersee),temperature_mean_c,14,-0.05618611705748389
2043,Bodensee_(Untersee),temperature_mean_c,15,-0.058392352839876455
2043,Bodensee_(Untersee),temperature_mean_c,16,-0.06065117864893283
2043,Bodensee_(Untersee),temperature_mean_c,17,-0.06297427849408267
2043,Bodensee_(Untersee),temperature_mean_c,18,-0.06500056698823063
2043,Bodensee_(Untersee),temperature_mean_c,19,-0.06658046457476312
2043,Bodensee_(Untersee),temperature_mean_c,20,-0.06787423984448773
2043,Bodensee_(Untersee),temperature_mean_c,21,-0.06924615390988689
2043,Bodensee_(Untersee),temperature_mean_c,22,-0.07061650164599209
2043,Bodensee_(Untersee),temperature_mean_c,23,-0.07212477453031027
2043,Bodensee_(Untersee),temperature_mean_c,24,-0.07373974037412595
2043,Bodensee_(Untersee),temperature_mean_c,25,-0.07546533197846016
2043,Bodensee_(Untersee),temperature_mean_c,26,-0.07739211042005181
2043,Bodensee_(Untersee),temperature_mean_c,27,-0.07938651150326559
2043,Bodensee_(Untersee),temperature_mean_c,28,-0.08173879456802137
2043,Bodensee_(Untersee),temperature_mean_c,29,-0.084377836114862
2043,Bodensee_(Untersee),temperature_mean_c,30,-0.08697266146729435
2043,Bodensee_(Untersee),temperature_mean_c,31,-0.08941377117794051
2043,Bodensee_(Untersee),temperature_mean_c,32,-0.0916176624613574
2043,Bodensee_(Untersee),temperature_mean_c,33,-0.09330676915340218
2043,Bodensee_(Untersee),temperature_mean_c,34,-0.0946018727717625
2043,Bodensee_(Untersee),temperature_mean_c,35,-0.0959959874542718
2043,Bodensee_(Untersee),temperature_mean_c,36,-0.09702044272960147
2043,Bodensee_(Untersee),temperature_mean_c,37,-0.09768817725103422
2043,Bodensee_(Untersee),temperature_mean_c,38,-0.0977642364064708
2043,Bodensee_(Untersee),temperature_mean_c,39,-0.09710510637539624
2043,Bodensee_(Untersee),temperature_mean_c,40,-0.09621180968242232
2043,Bodensee_(Untersee),temperature_mean_c,41,-0.09544211540119184
2043,Bodensee_(Untersee),temperature_mean_c,42,-0.09523174711247631
2043,Bodensee_(Untersee),temperature_mean_c,43,-0.09507626198920359
2043,Bodensee_(Untersee),temperature_mean_c,44,-0.09487981720585102
2043,Bodensee_(Untersee),temperature_mean_c,45,-0.0944909285575853
2043,Bodensee_(Untersee),temperature_mean_c,46,-0.09390711253332688
2043,Bodensee_(Untersee),temperature_mean_c,47,-0.09325427413368657
2043,Bodensee_(Untersee),temperature_mean_c,48,-0.09265883810897209
2043,Bodensee_(Untersee),temperature_mean_c,49,-0.09192812519511269
2043,Bodensee_(Untersee),temperature_mean_c,50,-0.09100883491017854
2043,Bodensee_(Untersee),temperature_mean_c,51,-0.0903528030987186
2043,Bodensee_(Untersee),temperature_mean_c,52,-0.09013371124775761
2043,Bodensee_(Untersee),temperature_mean_c,53,-0.08971009424403006
2043,Bodensee_(Untersee),temperature_mean_c,54,-0.08919575118370159
2043,Bodensee_(Untersee),temperature_mean_c,55,-0.08856335300505644
2043,Bodensee_(Untersee),temperature_mean_c,56,-0.08729556138682995
2043,Bodensee_(Untersee),temperature_mean_c,57,-0.08534242089331223
2043,Bodensee_(Untersee),temperature_mean_c,58,-0.08314553828314694
2043,Bodensee_(Untersee),temperature_mean_c,59,-0.08119283782376525
2043,Bodensee_(Untersee),temperature_mean_c,60,-0.07935217356942853
2043,Bodensee_(Untersee),snowmelt_proxy,0,0.004610644353950952
2043,Bodensee_(Untersee),snowmelt_proxy,1,0.010756843449928275
2043,Bodensee_(Untersee),snowmelt_proxy,2,0.017121510728642087
2043,Bodensee_(Untersee),snowmelt_proxy,3,0.02211658391980297
2043,Bodensee_(Untersee),snowmelt_proxy,4,0.025907671000112265
2043,Bodensee_(Untersee),snowmelt_proxy,5,0.028968213589605104
2043,Bodensee_(Untersee),snowmelt_proxy,6,0.03130950677007074
2043,Bodensee_(Untersee),snowmelt_proxy,7,0.03290194615999869
2043,Bodensee_(Untersee),snowmelt_proxy,8,0.033744397908837195
2043,Bodensee_(Untersee),snowmelt_proxy,9,0.03403133824532597
2043,Bodensee_(Untersee),snowmelt_proxy,10,0.033882043104773225
2043,Bodensee_(Untersee),snowmelt_proxy,11,0.03402528215116135
2043,Bodensee_(Untersee),snowmelt_proxy,12,0.03409195173830588
2043,Bodensee_(Untersee),snowmelt_proxy,13,0.03385844712430734
2043,Bodensee_(Untersee),snowmelt_proxy,14,0.033377975952673014
2043,Bodensee_(Untersee),snowmelt_proxy,15,0.032509450024258514
2043,Bodensee_(Untersee),snowmelt_proxy,16,0.03178675490450653
2043,Bodensee_(Untersee),snowmelt_proxy,17,0.03119988693871806
2043,Bodensee_(Untersee),snowmelt_proxy,18,0.031019708618096494
2043,Bodensee_(Untersee),snowmelt_proxy,19,0.031058437837742092
2043,Bodensee_(Untersee),snowmelt_proxy,20,0.0312734195136387
2043,Bodensee_(Untersee),snowmelt_proxy,21,0.03082422848862177
2043,Bodensee_(Untersee),snowmelt_proxy,22,0.03076212589542042
2043,Bodensee_(Untersee),snowmelt_proxy,23,0.031310218190953844
2043,Bodensee_(Untersee),snowmelt_proxy,24,0.03163625609217828
2043,Bodensee_(Untersee),snowmelt_proxy,25,0.0315884043492184
2043,Bodensee_(Untersee),snowmelt_proxy,26,0.031259573748031746
2043,Bodensee_(Untersee),snowmelt_proxy,27,0.03064146654092376
2043,Bodensee_(Untersee),snowmelt_proxy,28,0.02950192690543969
2043,Bodensee_(Untersee),snowmelt_proxy,29,0.027713484690637273
2043,Bodensee_(Untersee),snowmelt_proxy,30,0.02547829228313506
2043,Bodensee_(Untersee),snowmelt_proxy,31,0.023469710297925675
2043,Bodensee_(Untersee),snowmelt_proxy,32,0.022314739407500294
2043,Bodensee_(Untersee),snowmelt_proxy,33,0.021584047960077034
2043,Bodensee_(Untersee),snowmelt_proxy,34,0.021166373607412338
2043,Bodensee_(Untersee),snowmelt_proxy,35,0.021112233801651503
2043,Bodensee_(Untersee),snowmelt_proxy,36,0.021099097914540812
2043,Bodensee_(Untersee),snowmelt_proxy,37,0.02181340573930719
2043,Bodensee_(Untersee),snowmelt_proxy,38,0.02228506256370031
2043,Bodensee_(Untersee),snowmelt_proxy,39,0.022344355304109047
2043,Bodensee_(Untersee),snowmelt_proxy,40,0.022130642879378416
2043,Bodensee_(Untersee),snowmelt_proxy,41,0.022142350595789652
2043,Bodensee_(Untersee),snowmelt_proxy,42,0.0220034286212376
2043,Bodensee_(Untersee),snowmelt_proxy,43,0.021626771400851483
2043,Bodensee_(Untersee),snowmelt_proxy,44,0.02116083152976976
2043,Bodensee_(Untersee),snowmelt_proxy,45,0.021099533447169198
2043,Bodensee_(Untersee),snowmelt_proxy,46,0.021361112199878414
2043,Bodensee_(Untersee),snowmelt_proxy,47,0.022078942764503316
2043,Bodensee_(Untersee),snowmelt_proxy,48,0.02285890820710843
2043,Bodensee_(Untersee),snowmelt_proxy,49,0.023089661853151238
2043,Bodensee_(Untersee),snowmelt_proxy,50,0.022928129193201273
2043,Bodensee_(Untersee),snowmelt_proxy,51,0.02389672638833239
2043,Bodensee_(Untersee),snowmelt_proxy,52,0.02439549492870197
2043,Bodensee_(Untersee),snowmelt_proxy,53,0.02421559853483964
2043,Bodensee_(Untersee),snowmelt_proxy,54,0.022966928576457976
2043,Bodensee_(Untersee),snowmelt_proxy,55,0.021445429656776586
2043,Bodensee_(Untersee),snowmelt_proxy,56,0.019922865522706387
2043,Bodensee_(Untersee),snowmelt_proxy,57,0.018604988117889156
2043,Bodensee_(Untersee),snowmelt_proxy,58,0.018275295259398992
2043,Bodensee_(Untersee),snowmelt_proxy,59,0.018321623700991153
2043,Bodensee_(Untersee),snowmelt_proxy,60,0.017799279700455698
2032,Bodensee_(Obersee),precipitation_mm,0,0.020652960136559016
2032,Bodensee_(Obersee),precipitation_mm,1,0.07244833745518266
2032,Bodensee_(Obersee),precipitation_mm,2,0.1141180545481227
2032,Bodensee_(Obersee),precipitation_mm,3,0.13245043803267662
2032,Bodensee_(Obersee),precipitation_mm,4,0.14183603240055
2032,Bodensee_(Obersee),precipitation_mm,5,0.14793743275876586
2032,Bodensee_(Obersee),precipitation_mm,6,0.1517258715713409
2032,Bodensee_(Obersee),precipitation_mm,7,0.1550113487674768
2032,Bodensee_(Obersee),precipitation_mm,8,0.1582403880759912
2032,Bodensee_(Obersee),precipitation_mm,9,0.1587261049680184
2032,Bodensee_(Obersee),precipitation_mm,10,0.15923841348558387
2032,Bodensee_(Obersee),precipitation_mm,11,0.16019235331197493
2032,Bodensee_(Obersee),precipitation_mm,12,0.16023916618426695
2032,Bodensee_(Obersee),precipitation_mm,13,0.1599464951652989
2032,Bodensee_(Obersee),precipitation_mm,14,0.15996963802190817
2032,Bodensee_(Obersee),precipitation_mm,15,0.15911552533202394
2032,Bodensee_(Obersee),precipitation_mm,16,0.15676682187277993
2032,Bodensee_(Obersee),precipitation_mm,17,0.15482748361566445
2032,Bodensee_(Obersee),precipitation_mm,18,0.15291695188866383
2032,Bodensee_(Obersee),precipitation_mm,19,0.1507773465341433
2032,Bodensee_(Obersee),precipitation_mm,20,0.14790421825724115
2032,Bodensee_(Obersee),precipitation_mm,21,0.1459322837709969
2032,Bodensee_(Obersee),precipitation_mm,22,0.14396735911281613
2032,Bodensee_(Obersee),precipitation_mm,23,0.14250778816364992
2032,Bodensee_(Obersee),precipitation_mm,24,0.14035877317971196
2032,Bodensee_(Obersee),precipitation_mm,25,0.13809706891931917
2032,Bodensee_(Obersee),precipitation_mm,26,0.13590870006262148
2032,Bodensee_(Obersee),precipitation_mm,27,0.13418342898079613
2032,Bodensee_(Obersee),precipitation_mm,28,0.13273090985720684
2032,Bodensee_(Obersee),precipitation_mm,29,0.13123748376825606
2032,Bodensee_(Obersee),precipitation_mm,30,0.12934514273236233
2032,Bodensee_(Obersee),precipitation_mm,31,0.12683066174220547
2032,Bodensee_(Obersee),precipitation_mm,32,0.12453896059705513
2032,Bodensee_(Obersee),precipitation_mm,33,0.12155162946517417
2032,Bodensee_(Obersee),precipitation_mm,34,0.11816504101356452
2032,Bodensee_(Obersee),precipitation_mm,35,0.114346983591569
2032,Bodensee_(Obersee),precipitation_mm,36,0.11219330928702213
2032,Bodensee_(Obersee),precipitation_mm,37,0.11169296915109918
2032,Bodensee_(Obersee),precipitation_mm,38,0.11082998412733078
2032,Bodensee_(Obersee),precipitation_mm,39,0.10968072650094544
2032,Bodensee_(Obersee),precipitation_mm,40,0.10853020015077224
2032,Bodensee_(Obersee),precipitation_mm,41,0.1067573810037782
2032,Bodensee_(Obersee),precipitation_mm,42,0.1048683574116232
2032,Bodensee_(Obersee),precipitation_mm,43,0.10356544766111841
2032,Bodensee_(Obersee),precipitation_mm,44,0.1018555134758069
2032,Bodensee_(Obersee),precipitation_mm,45,0.10014183061054852
2032,Bodensee_(Obersee),precipitation_mm,46,0.09900560800891008
2032,Bodensee_(Obersee),precipitation_mm,47,0.09715208844942179
2032,Bodensee_(Obersee),precipitation_mm,48,0.09554005137679122
2032,Bodensee_(Obersee),precipitation_mm,49,0.09365459000298695
2032,Bodensee_(Obersee),precipitation_mm,50,0.09120727511711262
2032,Bodensee_(Obersee),precipitation_mm,51,0.08902614488430541
2032,Bodensee_(Obersee),precipitation_mm,52,0.08693529731760244
2032,Bodensee_(Obersee),precipitation_mm,53,0.08491467489705386
2032,Bodensee_(Obersee),precipitation_mm,54,0.08340058562027843
2032,Bodensee_(Obersee),precipitation_mm,55,0.08138000433769077
2032,Bodensee_(Obersee),precipitation_mm,56,0.07949759200105902
2032,Bodensee_(Obersee),precipitation_mm,57,0.07684865681947038
2032,Bodensee_(Obersee),precipitation_mm,58,0.07368095521420776
2032,Bodensee_(Obersee),precipitation_mm,59,0.07049644018155123
2032,Bodensee_(Obersee),precipitation_mm,60,0.06765079113556263
2032,Bodensee_(Obersee),temperature_mean_c,0,-0.03919737984647269
2032,Bodensee_(Obersee),temperature_mean_c,1,-0.04399970007914159
2032,Bodensee_(Obersee),temperature_mean_c,2,-0.03943389448690335
2032,Bodensee_(Obersee),temperature_mean_c,3,-0.03345745172701656
2032,Bodensee_(Obersee),temperature_mean_c,4,-0.02842615699389614
2032,Bodensee_(Obersee),temperature_mean_c,5,-0.02486321648500208
2032,Bodensee_(Obersee),temperature_mean_c,6,-0.023019375986582064
2032,Bodensee_(Obersee),temperature_mean_c,7,-0.022948412279713983
2032,Bodensee_(Obersee),temperature_mean_c,8,-0.023293832737518286
2032,Bodensee_(Obersee),temperature_mean_c,9,-0.02443804911205243
2032,Bodensee_(Obersee),temperature_mean_c,10,-0.02625998455597038
2032,Bodensee_(Obersee),temperature_mean_c,11,-0.02826250519728576
2032,Bodensee_(Obersee),temperature_mean_c,12,-0.03026158366769088
2032,Bodensee_(Obersee),temperature_mean_c,13,-0.03239736564739171
2032,Bodensee_(Obersee),temperature_mean_c,14,-0.034739449866880795
2032,Bodensee_(Obersee),temperature_mean_c,15,-0.03669203635852548
2032,Bodensee_(Obersee),temperature_mean_c,16,-0.03888533673761638
2032,Bodensee_(Obersee),temperature_mean_c,17,-0.04124273241954601
2032,Bodensee_(Obersee),temperature_mean_c,18,-0.042902751909895405
2032,Bodensee_(Obersee),temperature_mean_c,19,-0.0448250528379913
2032,Bodensee_(Obersee),temperature_mean_c,20,-0.047068036482604075
2032,Bodensee_(Obersee),temperature_mean_c,21,-0.04923681249665759
2032,Bodensee_(Obersee),temperature_mean_c,22,-0.051387299517376084
2032,Bodensee_(Obersee),temperature_mean_c,23,-0.053027110046621265
2032,Bodensee_(Obersee),temperature_mean_c,24,-0.05438526990129375
2032,Bodensee_(Obersee),temperature_mean_c,25,-0.05595208062896399
2032,Bodensee_(Obersee),temperature_mean_c,26,-0.057889509286399486
2032,Bodensee_(Obersee),temperature_mean_c,27,-0.060070867291728954
2032,Bodensee_(Obersee),temperature_mean_c,28,-0.06266144239768846
2032,Bodensee_(Obersee),temperature_mean_c,29,-0.06545510555716293
2032,Bodensee_(Obersee),temperature_mean_c,30,-0.06795963721131576
2032,Bodensee_(Obersee),temperature_mean_c,31,-0.06999901975910973
2032,Bodensee_(Obersee),temperature_mean_c,32,-0.07141775753119382
2032,Bodensee_(Obersee),temperature_mean_c,33,-0.07270475349324435
2032,Bodensee_(Obersee),temperature_mean_c,34,-0.07396698076900982
2032,Bodensee_(Obersee),temperature_mean_c,35,-0.07566870508795172
2032,Bodensee_(Obersee),temperature_mean_c,36,-0.0772720195634035
2032,Bodensee_(Obersee),temperature_mean_c,37,-0.07807743684885023
2032,Bodensee_(Obersee),temperature_mean_c,38,-0.07789363421966948
2032,Bodensee_(Obersee),temperature_mean_c,39,-0.07725755291105554
2032,Bodensee_(Obersee),temperature_mean_c,40,-0.07617268152086562
2032,Bodensee_(Obersee),temperature_mean_c,41,-0.07513744060700214
2032,Bodensee_(Obersee),temperature_mean_c,42,-0.07470346952147182
2032,Bodensee_(Obersee),temperature_mean_c,43,-0.07429938595704932
2032,Bodensee_(Obersee),temperature_mean_c,44,-0.07412336230699433
2032,Bodensee_(Obersee),temperature_mean_c,45,-0.07417313595044302
2032,Bodensee_(Obersee),temperature_mean_c,46,-0.07351611995976946
2032,Bodensee_(Obersee),temperature_mean_c,47,-0.0728533326612894
2032,Bodensee_(Obersee),temperature_mean_c,48,-0.07253097377529791
2032,Bodensee_(Obersee),temperature_mean_c,49,-0.07198821235394814
2032,Bodensee_(Obersee),temperature_mean_c,50,-0.07155038998033558
2032,Bodensee_(Obersee),temperature_mean_c,51,-0.07116229021172603
2032,Bodensee_(Obersee),temperature_mean_c,52,-0.07084155138757663
2032,Bodensee_(Obersee),temperature_mean_c,53,-0.07050127098311679
2032,Bodensee_(Obersee),temperature_mean_c,54,-0.06983240463076416
2032,Bodensee_(Obersee),temperature_mean_c,55,-0.0689530063194534
2032,Bodensee_(Obersee),temperature_mean_c,56,-0.06703380405095447
2032,Bodensee_(Obersee),temperature_mean_c,57,-0.0648158553059614
2032,Bodensee_(Obersee),temperature_mean_c,58,-0.0627413469090349
2032,Bodensee_(Obersee),temperature_mean_c,59,-0.06078910520356541
2032,Bodensee_(Obersee),temperature_mean_c,60,-0.05918608542403433
2031,Ägerisee,precipitation_mm,0,0.06101101011446322
2031,Ägerisee,precipitation_mm,1,0.15351440457176527
2031,Ägerisee,precipitation_mm,2,0.1971269784622946
2031,Ägerisee,precipitation_mm,3,0.2117518176262581
2031,Ägerisee,precipitation_mm,4,0.21518185049987282
2031,Ägerisee,precipitation_mm,5,0.21629841614698556
2031,Ägerisee,precipitation_mm,6,0.2168003249246585
2031,Ägerisee,precipitation_mm,7,0.21559184251482408
2031,Ägerisee,precipitation_mm,8,0.2137144784460819
2031,Ägerisee,precipitation_mm,9,0.21027296032131546
2031,Ägerisee,precipitation_mm,10,0.20835887955690247
2031,Ägerisee,precipitation_mm,11,0.20555325347825246
2031,Ägerisee,precipitation_mm,12,0.20257981563618643
2031,Ägerisee,precipitation_mm,13,0.19966058250241586
2031,Ägerisee,precipitation_mm,14,0.19613763279384927
2031,Ägerisee,precipitation_mm,15,0.1911242424017612
2031,Ägerisee,precipitation_mm,16,0.18494588937792245
2031,Ägerisee,precipitation_mm,17,0.17907723323541336
2031,Ägerisee,precipitation_mm,18,0.17353408476660612
2031,Ägerisee,precipitation_mm,19,0.1676364362442703
2031,Ägerisee,precipitation_mm,20,0.1626099565369165
2031,Ägerisee,precipitation_mm,21,0.1600774211514796
2031,Ägerisee,precipitation_mm,22,0.15921383460786026
2031,Ägerisee,precipitation_mm,23,0.15564837886681981
2031,Ägerisee,precipitation_mm,24,0.15078738735525754
2031,Ägerisee,precipitation_mm,25,0.1475071862138587
2031,Ägerisee,precipitation_mm,26,0.142942809550506
2031,Ägerisee,precipitation_mm,27,0.14014094746757055
2031,Ägerisee,precipitation_mm,28,0.1368542098678982
2031,Ägerisee,precipitation_mm,29,0.13470556058237224
2031,Ägerisee,precipitation_mm,30,0.13479446821515337
2031,Ägerisee,precipitation_mm,31,0.13013995639474485
2031,Ägerisee,precipitation_mm,32,0.12573572292685845
2031,Ägerisee,precipitation_mm,33,0.12118316163792212
2031,Ägerisee,precipitation_mm,34,0.1161940657704575
2031,Ägerisee,precipitation_mm,35,0.11081370474971118
2031,Ägerisee,precipitation_mm,36,0.10736830055887703
2031,Ägerisee,precipitation_mm,37,0.10376549768168934
2031,Ägerisee,precipitation_mm,38,0.10150445619146227
2031,Ägerisee,precipitation_mm,39,0.09862273831977267
2031,Ägerisee,precipitation_mm,40,0.09516967979203758
2031,Ägerisee,precipitation_mm,41,0.09209903130332062
2031,Ägerisee,precipitation_mm,42,0.09054404940123659
2031,Ägerisee,precipitation_mm,43,0.09010453750839816
2031,Ägerisee,precipitation_mm,44,0.08657321218062869
2031,Ägerisee,precipitation_mm,45,0.0830273074220215
2031,Ägerisee,precipitation_mm,46,0.08111377531875305
2031,Ägerisee,precipitation_mm,47,0.07895249017300476
2031,Ägerisee,precipitation_mm,48,0.07753034083148645
2031,Ägerisee,precipitation_mm,49,0.07564319962661042
2031,Ägerisee,precipitation_mm,50,0.07368730537103921
2031,Ägerisee,precipitation_mm,51,0.07142396897967161
2031,Ägerisee,precipitation_mm,52,0.07021270727599813
2031,Ägerisee,precipitation_mm,53,0.06714165885702549
2031,Ägerisee,precipitation_mm,54,0.06531065044829633
2031,Ägerisee,precipitation_mm,55,0.06251755657390018
2031,Ägerisee,precipitation_mm,56,0.06103901830659458
2031,Ägerisee,precipitation_mm,57,0.060317201310621744
2031,Ägerisee,precipitation_mm,58,0.05886724157914286
2031,Ägerisee,precipitation_mm,59,0.0577330799593347
2031,Ägerisee,precipitation_mm,60,0.05445699809320849
2031,Ägerisee,temperature_mean_c,0,-0.12325115064101008
2031,Ägerisee,temperature_mean_c,1,-0.12462590203793276
2031,Ägerisee,temperature_mean_c,2,-0.11527504785849577
2031,Ägerisee,temperature_mean_c,3,-0.10675926530632165
2031,Ägerisee,temperature_mean_c,4,-0.10140092798460779
2031,Ägerisee,temperature_mean_c,5,-0.0991438496397234
2031,Ägerisee,temperature_mean_c,6,-0.09841742943406732
2031,Ägerisee,temperature_mean_c,7,-0.09821830143369291
2031,Ägerisee,temperature_mean_c,8,-0.09811779503280343
2031,Ägerisee,temperature_mean_c,9,-0.09920802477320559
2031,Ägerisee,temperature_mean_c,10,-0.10079849765518087
2031,Ägerisee,temperature_mean_c,11,-0.10300863946927193
2031,Ägerisee,temperature_mean_c,12,-0.10587961580774738
2031,Ägerisee,temperature_mean_c,13,-0.108161919403279
2031,Ägerisee,temperature_mean_c,14,-0.10970949831638646
2031,Ägerisee,temperature_mean_c,15,-0.11112738302922685
2031,Ägerisee,temperature_mean_c,16,-0.11189557048344204
2031,Ägerisee,temperature_mean_c,17,-0.1127040158431522
2031,Ägerisee,temperature_mean_c,18,-0.11293238806495166
2031,Ägerisee,temperature_mean_c,19,-0.11285456220793465
2031,Ägerisee,temperature_mean_c,20,-0.11319039220937403
2031,Ägerisee,temperature_mean_c,21,-0.11407220512279624
2031,Ägerisee,temperature_mean_c,22,-0.1141034731879443
2031,Ägerisee,temperature_mean_c,23,-0.11388115867830322
2031,Ägerisee,temperature_mean_c,24,-0.1139908831282958
2031,Ägerisee,temperature_mean_c,25,-0.114466431346264
2031,Ägerisee,temperature_mean_c,26,-0.11483355493076856
2031,Ägerisee,temperature_mean_c,27,-0.11592815077936208
2031,Ägerisee,temperature_mean_c,28,-0.11744375668232597
2031,Ägerisee,temperature_mean_c,29,-0.11840334191308403
2031,Ägerisee,temperature_mean_c,30,-0.11743285381840486
2031,Ägerisee,temperature_mean_c,31,-0.11548717860984645
2031,Ägerisee,temperature_mean_c,32,-0.11307952537533465
2031,Ägerisee,temperature_mean_c,33,-0.11065957406303521
2031,Ägerisee,temperature_mean_c,34,-0.10861058844152516
2031,Ägerisee,temperature_mean_c,35,-0.1072502682108216
2031,Ägerisee,temperature_mean_c,36,-0.1058866264191577
2031,Ägerisee,temperature_mean_c,37,-0.10508021691871411
2031,Ägerisee,temperature_mean_c,38,-0.10371574120470588
2031,Ägerisee,temperature_mean_c,39,-0.10270958699849622
2031,Ägerisee,temperature_mean_c,40,-0.10159315737346783
2031,Ägerisee,temperature_mean_c,41,-0.10119707238934411
2031,Ägerisee,temperature_mean_c,42,-0.10017562474890576
2031,Ägerisee,temperature_mean_c,43,-0.09798484793755104
2031,Ägerisee,temperature_mean_c,44,-0.09621769784223533
2031,Ägerisee,temperature_mean_c,45,-0.09498275150254118
2031,Ägerisee,temperature_mean_c,46,-0.09365080871847717
2031,Ägerisee,temperature_mean_c,47,-0.09332056385542466
2031,Ägerisee,temperature_mean_c,48,-0.09334982116470518
2031,Ägerisee,temperature_mean_c,49,-0.09316952329868713
2031,Ägerisee,temperature_mean_c,50,-0.09242907690639088
2031,Ägerisee,temperature_mean_c,51,-0.09180965372768374
2031,Ägerisee,temperature_mean_c,52,-0.09025094248839667
2031,Ägerisee,temperature_mean_c,53,-0.08800620983756097
2031,Ägerisee,temperature_mean_c,54,-0.08668440725806852
2031,Ägerisee,temperature_mean_c,55,-0.08562175914734493
2031,Ägerisee,temperature_mean_c,56,-0.08540271177108379
2031,Ägerisee,temperature_mean_c,57,-0.0857480376130622
2031,Ägerisee,temperature_mean_c,58,-0.08565213384429887
2031,Ägerisee,temperature_mean_c,59,-0.08403090146167712
2031,Ägerisee,temperature_mean_c,60,-0.08237359656477021
2031,Ägerisee,snowmelt_proxy,0,0.04604954495669616
2031,Ägerisee,snowmelt_proxy,1,0.06797035905592383
2031,Ägerisee,snowmelt_proxy,2,0.085747547757328
2031,Ägerisee,snowmelt_proxy,3,0.09689166393913977
2031,Ägerisee,snowmelt_proxy,4,0.10421280717771082
2031,Ägerisee,snowmelt_proxy,5,0.10923975299832307
2031,Ägerisee,snowmelt_proxy,6,0.11315809109915177
2031,Ägerisee,snowmelt_proxy,7,0.11557158313393191
2031,Ägerisee,snowmelt_proxy,8,0.11523666064366961
2031,Ägerisee,snowmelt_proxy,9,0.11377088682897804
2031,Ägerisee,snowmelt_proxy,10,0.11175966898849446
2031,Ägerisee,snowmelt_proxy,11,0.10799368424089414
2031,Ägerisee,snowmelt_proxy,12,0.10405068708360157
2031,Ägerisee,snowmelt_proxy,13,0.10078494275719169
2031,Ägerisee,snowmelt_proxy,14,0.09758610150992918
2031,Ägerisee,snowmelt_proxy,15,0.09405509072621389
2031,Ägerisee,snowmelt_proxy,16,0.09040192211591028
2031,Ägerisee,snowmelt_proxy,17,0.08740827957640035
2031,Ägerisee,snowmelt_proxy,18,0.08432023610843031
2031,Ägerisee,snowmelt_proxy,19,0.0810399556195026
2031,Ägerisee,snowmelt_proxy,20,0.07815290000220511
2031,Ägerisee,snowmelt_proxy,21,0.07460806734681816
2031,Ägerisee,snowmelt_proxy,22,0.07301360992296742
2031,Ägerisee,snowmelt_proxy,23,0.07204583934371873
2031,Ägerisee,snowmelt_proxy,24,0.06979204693550328
2031,Ägerisee,snowmelt_proxy,25,0.06879110467637575
2031,Ägerisee,snowmelt_proxy,26,0.06676404389588907
2031,Ägerisee,snowmelt_proxy,27,0.06227237470336005
2031,Ägerisee,snowmelt_proxy,28,0.05753517988236543
2031,Ägerisee,snowmelt_proxy,29,0.051498777074891054
2031,Ägerisee,snowmelt_proxy,30,0.0456052536794174
2031,Ägerisee,snowmelt_proxy,31,0.04049752919096406
2031,Ägerisee,snowmelt_proxy,32,0.03663762174560242
2031,Ägerisee,snowmelt_proxy,33,0.035018755738213336
2031,Ägerisee,snowmelt_proxy,34,0.034682514672798655
2031,Ägerisee,snowmelt_proxy,35,0.03435842476037365
2031,Ägerisee,snowmelt_proxy,36,0.035138051611340454
2031,Ägerisee,snowmelt_proxy,37,0.03561392991783759
2031,Ägerisee,snowmelt_proxy,38,0.03671709636251402
2031,Ägerisee,snowmelt_proxy,39,0.03659911787248613
2031,Ägerisee,snowmelt_proxy,40,0.03667105293841536
2031,Ägerisee,snowmelt_proxy,41,0.036978797632909385
2031,Ägerisee,snowmelt_proxy,42,0.03781687590583116
2031,Ägerisee,snowmelt_proxy,43,0.04192654441744826
2031,Ägerisee,snowmelt_proxy,44,0.04462407271742034
2031,Ägerisee,snowmelt_proxy,45,0.04650200459133081
2031,Ägerisee,snowmelt_proxy,46,0.04716925414812792
2031,Ägerisee,snowmelt_proxy,47,0.04646661203932825
2031,Ägerisee,snowmelt_proxy,48,0.043474103071189395
2031,Ägerisee,snowmelt_proxy,49,0.03847371634735872
2031,Ägerisee,snowmelt_proxy,50,0.03663094617012415
2031,Ägerisee,snowmelt_proxy,51,0.03448313692250369
2031,Ägerisee,snowmelt_proxy,52,0.03270872094530873
2031,Ägerisee,snowmelt_proxy,53,0.03016163397868919
2031,Ägerisee,snowmelt_proxy,54,0.027691893989735428
2031,Ägerisee,snowmelt_proxy,55,0.02509852588981034
2031,Ägerisee,snowmelt_proxy,56,0.02289188518730721
2031,Ägerisee,snowmelt_proxy,57,0.021847801174798183
2031,Ägerisee,snowmelt_proxy,58,0.018727769634491426
2031,Ägerisee,snowmelt_proxy,59,0.0155589290422473
2031,Ägerisee,snowmelt_proxy,60,0.01169662975319312
2101,Lago_di_Lugano,precipitation_mm,0,0.1274110851008314
2101,Lago_di_Lugano,precipitation_mm,1,0.26184494353301696
2101,Lago_di_Lugano,precipitation_mm,2,0.3156479874194299
2101,Lago_di_Lugano,precipitation_mm,3,0.3204526435613523
2101,Lago_di_Lugano,precipitation_mm,4,0.3107401534016314
2101,Lago_di_Lugano,precipitation_mm,5,0.3014415649215312
2101,Lago_di_Lugano,precipitation_mm,6,0.2877830114357094
2101,Lago_di_Lugano,precipitation_mm,7,0.27049795999767273
2101,Lago_di_Lugano,precipitation_mm,8,0.25666995161295175
2101,Lago_di_Lugano,precipitation_mm,9,0.24120941468899165
2101,Lago_di_Lugano,precipitation_mm,10,0.22522265384980447
2101,Lago_di_Lugano,precipitation_mm,11,0.2060425647634908
2101,Lago_di_Lugano,precipitation_mm,12,0.192668522835545
2101,Lago_di_Lugano,precipitation_mm,13,0.17523013575568108
2101,Lago_di_Lugano,precipitation_mm,14,0.16158163770875608
2101,Lago_di_Lugano,precipitation_mm,15,0.1535068431282971
2101,Lago_di_Lugano,precipitation_mm,16,0.1460900138811769
2101,Lago_di_Lugano,precipitation_mm,17,0.13805925011432074
2101,Lago_di_Lugano,precipitation_mm,18,0.13149242447055592
2101,Lago_di_Lugano,precipitation_mm,19,0.1280691650637727
2101,Lago_di_Lugano,precipitation_mm,20,0.1219127397281934
2101,Lago_di_Lugano,precipitation_mm,21,0.11598329916911851
2101,Lago_di_Lugano,precipitation_mm,22,0.10903686564672184
2101,Lago_di_Lugano,precipitation_mm,23,0.10369122860948647
2101,Lago_di_Lugano,precipitation_mm,24,0.09960117340594897
2101,Lago_di_Lugano,precipitation_mm,25,0.09808664327944093
2101,Lago_di_Lugano,precipitation_mm,26,0.09513831857281432
2101,Lago_di_Lugano,precipitation_mm,27,0.0925945349357704
2101,Lago_di_Lugano,precipitation_mm,28,0.089998383842786
2101,Lago_di_Lugano,precipitation_mm,29,0.08469304194573349
2101,Lago_di_Lugano,precipitation_mm,30,0.08243310307925325
2101,Lago_di_Lugano,precipitation_mm,31,0.07981594789263538
2101,Lago_di_Lugano,precipitation_mm,32,0.07543681677971686
2101,Lago_di_Lugano,precipitation_mm,33,0.07015248511006696
2101,Lago_di_Lugano,precipitation_mm,34,0.06770067066154052
2101,Lago_di_Lugano,precipitation_mm,35,0.06529504664111355
2101,Lago_di_Lugano,precipitation_mm,36,0.0678469810891833
2101,Lago_di_Lugano,precipitation_mm,37,0.07002493057572752
2101,Lago_di_Lugano,precipitation_mm,38,0.06964072713883403
2101,Lago_di_Lugano,precipitation_mm,39,0.06862964032095609
2101,Lago_di_Lugano,precipitation_mm,40,0.0682863509006067
2101,Lago_di_Lugano,precipitation_mm,41,0.0647484793699005
2101,Lago_di_Lugano,precipitation_mm,42,0.059531542290518845
2101,Lago_di_Lugano,precipitation_mm,43,0.057639665650965434
2101,Lago_di_Lugano,precipitation_mm,44,0.05497280473085915
2101,Lago_di_Lugano,precipitation_mm,45,0.05008305522959753
2101,Lago_di_Lugano,precipitation_mm,46,0.04588018682569844
2101,Lago_di_Lugano,precipitation_mm,47,0.04397468243015607
2101,Lago_di_Lugano,precipitation_mm,48,0.04227914769950173
2101,Lago_di_Lugano,precipitation_mm,49,0.03890536439092234
2101,Lago_di_Lugano,precipitation_mm,50,0.033970036594661156
2101,Lago_di_Lugano,precipitation_mm,51,0.028926743299277757
2101,Lago_di_Lugano,precipitation_mm,52,0.024833779283381374
2101,Lago_di_Lugano,precipitation_mm,53,0.023148292290319533
2101,Lago_di_Lugano,precipitation_mm,54,0.018489801551617755
2101,Lago_di_Lugano,precipitation_mm,55,0.016854065265635723
2101,Lago_di_Lugano,precipitation_mm,56,0.014522655873500488
2101,Lago_di_Lugano,precipitation_mm,57,0.012452198518522885
2101,Lago_di_Lugano,precipitation_mm,58,0.012033280978763534
2101,Lago_di_Lugano,precipitation_mm,59,0.009076341907138654
2101,Lago_di_Lugano,precipitation_mm,60,0.007275047933193903
2101,Lago_di_Lugano,temperature_mean_c,0,-0.08525118386001178
2101,Lago_di_Lugano,temperature_mean_c,1,-0.09387242154017564
2101,Lago_di_Lugano,temperature_mean_c,2,-0.08818836149464393
2101,Lago_di_Lugano,temperature_mean_c,3,-0.07942087431468513
2101,Lago_di_Lugano,temperature_mean_c,4,-0.07335955653913787
2101,Lago_di_Lugano,temperature_mean_c,5,-0.07035944564618717
2101,Lago_di_Lugano,temperature_mean_c,6,-0.06948405830799963
2101,Lago_di_Lugano,temperature_mean_c,7,-0.069199714700954
2101,Lago_di_Lugano,temperature_mean_c,8,-0.06967246139808411
2101,Lago_di_Lugano,temperature_mean_c,9,-0.07042349714426561
2101,Lago_di_Lugano,temperature_mean_c,10,-0.06991266067330075
2101,Lago_di_Lugano,temperature_mean_c,11,-0.06711088128882214
2101,Lago_di_Lugano,temperature_mean_c,12,-0.06472415242195985
2101,Lago_di_Lugano,temperature_mean_c,13,-0.062194155487137325
2101,Lago_di_Lugano,temperature_mean_c,14,-0.05953143250912483
2101,Lago_di_Lugano,temperature_mean_c,15,-0.05657887316614694
2101,Lago_di_Lugano,temperature_mean_c,16,-0.053688031718802716
2101,Lago_di_Lugano,temperature_mean_c,17,-0.050772919595500725
2101,Lago_di_Lugano,temperature_mean_c,18,-0.04882946315772285
2101,Lago_di_Lugano,temperature_mean_c,19,-0.04935654402670407
2101,Lago_di_Lugano,temperature_mean_c,20,-0.05003449419818059
2101,Lago_di_Lugano,temperature_mean_c,21,-0.051591016066043
2101,Lago_di_Lugano,temperature_mean_c,22,-0.05438660288166228
2101,Lago_di_Lugano,temperature_mean_c,23,-0.05477982689358479
2101,Lago_di_Lugano,temperature_mean_c,24,-0.054972754093377506
2101,Lago_di_Lugano,temperature_mean_c,25,-0.055336190847267985
2101,Lago_di_Lugano,temperature_mean_c,26,-0.05568931169719271
2101,Lago_di_Lugano,temperature_mean_c,27,-0.05686395815604004
2101,Lago_di_Lugano,temperature_mean_c,28,-0.05658364403492713
2101,Lago_di_Lugano,temperature_mean_c,29,-0.055386315275485695
2101,Lago_di_Lugano,temperature_mean_c,30,-0.053403548864104915
2101,Lago_di_Lugano,temperature_mean_c,31,-0.050556675569782494
2101,Lago_di_Lugano,temperature_mean_c,32,-0.04897491042866122
2101,Lago_di_Lugano,temperature_mean_c,33,-0.04839015774752268
2101,Lago_di_Lugano,temperature_mean_c,34,-0.050004828328514786
2101,Lago_di_Lugano,temperature_mean_c,35,-0.0518539747006537
2101,Lago_di_Lugano,temperature_mean_c,36,-0.0525568668255929
2101,Lago_di_Lugano,temperature_mean_c,37,-0.05389174020958972
2101,Lago_di_Lugano,temperature_mean_c,38,-0.05285501028113593
2101,Lago_di_Lugano,temperature_mean_c,39,-0.05180705648517479
2101,Lago_di_Lugano,temperature_mean_c,40,-0.05075318973032354
2101,Lago_di_Lugano,temperature_mean_c,41,-0.04953579154314011
2101,Lago_di_Lugano,temperature_mean_c,42,-0.04886629157831221
2101,Lago_di_Lugano,temperature_mean_c,43,-0.04985041034317206
2101,Lago_di_Lugano,temperature_mean_c,44,-0.048867100558928914
2101,Lago_di_Lugano,temperature_mean_c,45,-0.04849190082899734
2101,Lago_di_Lugano,temperature_mean_c,46,-0.04758352507016278
2101,Lago_di_Lugano,temperature_mean_c,47,-0.044994695779555505
2101,Lago_di_Lugano,temperature_mean_c,48,-0.04187159185763962
2101,Lago_di_Lugano,temperature_mean_c,49,-0.03920840813849404
2101,Lago_di_Lugano,temperature_mean_c,50,-0.03570753999044835
2101,Lago_di_Lugano,temperature_mean_c,51,-0.0323087488225308
2101,Lago_di_Lugano,temperature_mean_c,52,-0.02897558009734522
2101,Lago_di_Lugano,temperature_mean_c,53,-0.02607750458265038
2101,Lago_di_Lugano,temperature_mean_c,54,-0.025563044745877967
2101,Lago_di_Lugano,temperature_mean_c,55,-0.02426164139563528
2101,Lago_di_Lugano,temperature_mean_c,56,-0.023515190401142853
2101,Lago_di_Lugano,temperature_mean_c,57,-0.02408183917713857
2101,Lago_di_Lugano,temperature_mean_c,58,-0.025336595687949017
2101,Lago_di_Lugano,temperature_mean_c,59,-0.02658316541388189
2101,Lago_di_Lugano,temperature_mean_c,60,-0.030250920014549248
2101,Lago_di_Lugano,snowmelt_proxy,0,0.11900361266371812
2101,Lago_di_Lugano,snowmelt_proxy,1,0.11315311670539874
2101,Lago_di_Lugano,snowmelt_proxy,2,0.10919763796810046
2101,Lago_di_Lugano,snowmelt_proxy,3,0.10634384470942093
2101,Lago_di_Lugano,snowmelt_proxy,4,0.10378071104226046
2101,Lago_di_Lugano,snowmelt_proxy,5,0.09990195695526688
2101,Lago_di_Lugano,snowmelt_proxy,6,0.09799177490096218
2101,Lago_di_Lugano,snowmelt_proxy,7,0.09835669982150855
2101,Lago_di_Lugano,snowmelt_proxy,8,0.09681900653077997
2101,Lago_di_Lugano,snowmelt_proxy,9,0.09217521847254455
2101,Lago_di_Lugano,snowmelt_proxy,10,0.09358809104858377
2101,Lago_di_Lugano,snowmelt_proxy,11,0.09221863102367753
2101,Lago_di_Lugano,snowmelt_proxy,12,0.08983873340380197
2101,Lago_di_Lugano,snowmelt_proxy,13,0.0894102122023254
2101,Lago_di_Lugano,snowmelt_proxy,14,0.08952139467749827
2101,Lago_di_Lugano,snowmelt_proxy,15,0.08874272312709607
2101,Lago_di_Lugano,snowmelt_proxy,16,0.08597120656792498
2101,Lago_di_Lugano,snowmelt_proxy,17,0.08006494439370139
2101,Lago_di_Lugano,snowmelt_proxy,18,0.07554590350919378
2101,Lago_di_Lugano,snowmelt_proxy,19,0.07033733266268184
2101,Lago_di_Lugano,snowmelt_proxy,20,0.06293277721536253
2101,Lago_di_Lugano,snowmelt_proxy,21,0.05459595505127968
2101,Lago_di_Lugano,snowmelt_proxy,22,0.04855477359015689
2101,Lago_di_Lugano,snowmelt_proxy,23,0.04289682999234019
2101,Lago_di_Lugano,snowmelt_proxy,24,0.03715986935343887
2101,Lago_di_Lugano,snowmelt_proxy,25,0.03586989154810771
2101,Lago_di_Lugano,snowmelt_proxy,26,0.03020109121328349
2101,Lago_di_Lugano,snowmelt_proxy,27,0.024084466449774817
2101,Lago_di_Lugano,snowmelt_proxy,28,0.023284457771567343
2101,Lago_di_Lugano,snowmelt_proxy,29,0.021314605502891326
2101,Lago_di_Lugano,snowmelt_proxy,30,0.020939964229962228
2101,Lago_di_Lugano,snowmelt_proxy,31,0.02143025887918472
2101,Lago_di_Lugano,snowmelt_proxy,32,0.02304230329283036
2101,Lago_di_Lugano,snowmelt_proxy,33,0.022887721017477748
2101,Lago_di_Lugano,snowmelt_proxy,34,0.02194943571866369
2101,Lago_di_Lugano,snowmelt_proxy,35,0.018568991492429788
2101,Lago_di_Lugano,snowmelt_proxy,36,0.012447312782479389
2101,Lago_di_Lugano,snowmelt_proxy,37,0.006978316952026459
2101,Lago_di_Lugano,snowmelt_proxy,38,0.00415805887003691
2101,Lago_di_Lugano,snowmelt_proxy,39,0.002857719010258111
2101,Lago_di_Lugano,snowmelt_proxy,40,0.0019057578356881661
2101,Lago_di_Lugano,snowmelt_proxy,41,3.0097443009425286e-05
2101,Lago_di_Lugano,snowmelt_proxy,42,-0.00048705086518220105
2101,Lago_di_Lugano,snowmelt_proxy,43,-0.0001444119977029028
2101,Lago_di_Lugano,snowmelt_proxy,44,-0.0019281286783354927
2101,Lago_di_Lugano,snowmelt_proxy,45,-0.0007100497169424496
2101,Lago_di_Lugano,snowmelt_proxy,46,0.0008416239811740354
2101,Lago_di_Lugano,snowmelt_proxy,47,0.005304530332009338
2101,Lago_di_Lugano,snowmelt_proxy,48,0.008641702365019646
2101,Lago_di_Lugano,snowmelt_proxy,49,0.009611225454785911
2101,Lago_di_Lugano,snowmelt_proxy,50,0.01083290476186068
2101,Lago_di_Lugano,snowmelt_proxy,51,0.011792889390749857
2101,Lago_di_Lugano,snowmelt_proxy,52,0.010268326889314915
2101,Lago_di_Lugano,snowmelt_proxy,53,0.007767670444258246
2101,Lago_di_Lugano,snowmelt_proxy,54,0.006096887439362377
2101,Lago_di_Lugano,snowmelt_proxy,55,0.0055100447504337876
2101,Lago_di_Lugano,snowmelt_proxy,56,0.0037373437554190686
2101,Lago_di_Lugano,snowmelt_proxy,57,0.002936575167083192
2101,Lago_di_Lugano,snowmelt_proxy,58,0.001710335657667643
2101,Lago_di_Lugano,snowmelt_proxy,59,-0.001141311098390511
2101,Lago_di_Lugano,snowmelt_proxy,60,-0.004396980566117401
2093,Thunersee,precipitation_mm,0,0.06549242616488744
2093,Thunersee,precipitation_mm,1,0.17895459370781064
2093,Thunersee,precipitation_mm,2,0.19695827399793217
2093,Thunersee,precipitation_mm,3,0.15876968665392016
2093,Thunersee,precipitation_mm,4,0.11979135890374477
2093,Thunersee,precipitation_mm,5,0.09422066112062463
2093,Thunersee,precipitation_mm,6,0.07655805117165473
2093,Thunersee,precipitation_mm,7,0.062324385137356324
2093,Thunersee,precipitation_mm,8,0.05215033502457377
2093,Thunersee,precipitation_mm,9,0.04479955173604492
2093,Thunersee,precipitation_mm,10,0.04016696298426649
2093,Thunersee,precipitation_mm,11,0.03682585219065662
2093,Thunersee,precipitation_mm,12,0.03375847279656048
2093,Thunersee,precipitation_mm,13,0.03263370657805047
2093,Thunersee,precipitation_mm,14,0.033254625992673155
2093,Thunersee,precipitation_mm,15,0.03199160857910757
2093,Thunersee,precipitation_mm,16,0.02969391754629737
2093,Thunersee,precipitation_mm,17,0.026203318768543565
2093,Thunersee,precipitation_mm,18,0.023590082242099054
2093,Thunersee,precipitation_mm,19,0.02229568306436234
2093,Thunersee,precipitation_mm,20,0.01914438632292988
2093,Thunersee,precipitation_mm,21,0.018463136381239177
2093,Thunersee,precipitation_mm,22,0.01882173842108475
2093,Thunersee,precipitation_mm,23,0.020711446409312776
2093,Thunersee,precipitation_mm,24,0.021159702012765964
2093,Thunersee,precipitation_mm,25,0.02113389203281794
2093,Thunersee,precipitation_mm,26,0.01970191508492337
2093,Thunersee,precipitation_mm,27,0.01594623372686072
2093,Thunersee,precipitation_mm,28,0.011570683652186449
2093,Thunersee,precipitation_mm,29,0.011257244315293308
2093,Thunersee,precipitation_mm,30,0.012881601421984034
2093,Thunersee,precipitation_mm,31,0.009204510164932416
2093,Thunersee,precipitation_mm,32,0.005497204578658892
2093,Thunersee,precipitation_mm,33,0.002851601109534334
2093,Thunersee,precipitation_mm,34,0.0018025072561664998
2093,Thunersee,precipitation_mm,35,0.00015415231308887886
2093,Thunersee,precipitation_mm,36,-0.0033738728660019737
2093,Thunersee,precipitation_mm,37,-0.0012116734379190224
2093,Thunersee,precipitation_mm,38,0.0007953208092329184
2093,Thunersee,precipitation_mm,39,0.002415415286216803
2093,Thunersee,precipitation_mm,40,0.0013200385514715765
2093,Thunersee,precipitation_mm,41,-0.000571769205782453
2093,Thunersee,precipitation_mm,42,-0.001244321571436984
2093,Thunersee,precipitation_mm,43,-0.001723461400483562
2093,Thunersee,precipitation_mm,44,-0.0008562763729363831
2093,Thunersee,precipitation_mm,45,-0.0008698794512692678
2093,Thunersee,precipitation_mm,46,-0.0007849685104530555
2093,Thunersee,precipitation_mm,47,-0.0021653062566905955
2093,Thunersee,precipitation_mm,48,-0.0034613808920987365
2093,Thunersee,precipitation_mm,49,-0.003155557884536906
2093,Thunersee,precipitation_mm,50,-0.0049793007355618465
2093,Thunersee,precipitation_mm,51,-0.008073305399714167
2093,Thunersee,precipitation_mm,52,-0.010856686130751412
2093,Thunersee,precipitation_mm,53,-0.012091614721964964
2093,Thunersee,precipitation_mm,54,-0.011463988257951438
2093,Thunersee,precipitation_mm,55,-0.008908982039449597
2093,Thunersee,precipitation_mm,56,-0.0062891413777982
2093,Thunersee,precipitation_mm,57,-0.003984628449952396
2093,Thunersee,precipitation_mm,58,-0.0012759560547681633
2093,Thunersee,precipitation_mm,59,-0.002874587871718381
2093,Thunersee,precipitation_mm,60,-0.0013540954850185481
2093,Thunersee,temperature_mean_c,0,-0.03836075306867083
2093,Thunersee,temperature_mean_c,1,0.0003993203540434084
2093,Thunersee,temperature_mean_c,2,0.050013289266662625
2093,Thunersee,temperature_mean_c,3,0.07551390916150837
2093,Thunersee,temperature_mean_c,4,0.07905685574288687
2093,Thunersee,temperature_mean_c,5,0.07044239909528216
2093,Thunersee,temperature_mean_c,6,0.05829283555294676
2093,Thunersee,temperature_mean_c,7,0.04400154097191766
2093,Thunersee,temperature_mean_c,8,0.02879148851554541
2093,Thunersee,temperature_mean_c,9,0.014601544338829946
2093,Thunersee,temperature_mean_c,10,0.003405614978982243
2093,Thunersee,temperature_mean_c,11,-0.004182340099336673
2093,Thunersee,temperature_mean_c,12,-0.00823382447292973
2093,Thunersee,temperature_mean_c,13,-0.012653050987941436
2093,Thunersee,temperature_mean_c,14,-0.017076589426349608
2093,Thunersee,temperature_mean_c,15,-0.020605431942745885
2093,Thunersee,temperature_mean_c,16,-0.023100931064829855
2093,Thunersee,temperature_mean_c,17,-0.024418758867802627
2093,Thunersee,temperature_mean_c,18,-0.025149870336946694
2093,Thunersee,temperature_mean_c,19,-0.025754395777270653
2093,Thunersee,temperature_mean_c,20,-0.027984230553785516
2093,Thunersee,temperature_mean_c,21,-0.033334313524415675
2093,Thunersee,temperature_mean_c,22,-0.0391970883934063
2093,Thunersee,temperature_mean_c,23,-0.04312281243763579
2093,Thunersee,temperature_mean_c,24,-0.04356719783992707
2093,Thunersee,temperature_mean_c,25,-0.04293216012932782
2093,Thunersee,temperature_mean_c,26,-0.04233523137257342
2093,Thunersee,temperature_mean_c,27,-0.04269508840983578
2093,Thunersee,temperature_mean_c,28,-0.04552691654920196
2093,Thunersee,temperature_mean_c,29,-0.048592535454679064
2093,Thunersee,temperature_mean_c,30,-0.049842294076528376
2093,Thunersee,temperature_mean_c,31,-0.050979934945631813
2093,Thunersee,temperature_mean_c,32,-0.05125121310573894
2093,Thunersee,temperature_mean_c,33,-0.052187113342321026
2093,Thunersee,temperature_mean_c,34,-0.05329548969893334
2093,Thunersee,temperature_mean_c,35,-0.052717159105207814
2093,Thunersee,temperature_mean_c,36,-0.050757478932790805
2093,Thunersee,temperature_mean_c,37,-0.0474400865463922
2093,Thunersee,temperature_mean_c,38,-0.043216853642553336
2093,Thunersee,temperature_mean_c,39,-0.03964271554134762
2093,Thunersee,temperature_mean_c,40,-0.03866283757312627
2093,Thunersee,temperature_mean_c,41,-0.0396779856597592
2093,Thunersee,temperature_mean_c,42,-0.04095165829563988
2093,Thunersee,temperature_mean_c,43,-0.041711254615901444
2093,Thunersee,temperature_mean_c,44,-0.04245650579529663
2093,Thunersee,temperature_mean_c,45,-0.04209765233362067
2093,Thunersee,temperature_mean_c,46,-0.041812295569908946
2093,Thunersee,temperature_mean_c,47,-0.044176941174214564
2093,Thunersee,temperature_mean_c,48,-0.04760928748556004
2093,Thunersee,temperature_mean_c,49,-0.04951774625399573
2093,Thunersee,temperature_mean_c,50,-0.050633648714966374
2093,Thunersee,temperature_mean_c,51,-0.05159726844272568
2093,Thunersee,temperature_mean_c,52,-0.05246310639963106
2093,Thunersee,temperature_mean_c,53,-0.05373173741127448
2093,Thunersee,temperature_mean_c,54,-0.05419337466557303
2093,Thunersee,temperature_mean_c,55,-0.05462773311319253
2093,Thunersee,temperature_mean_c,56,-0.05545911868434264
2093,Thunersee,temperature_mean_c,57,-0.05760830136873423
2093,Thunersee,temperature_mean_c,58,-0.06024950140590042
2093,Thunersee,temperature_mean_c,59,-0.06220701949773574
2093,Thunersee,temperature_mean_c,60,-0.06383423903360247
2093,Thunersee,snowmelt_proxy,0,-0.008374341719655303
2093,Thunersee,snowmelt_proxy,1,0.009827123059819021
2093,Thunersee,snowmelt_proxy,2,0.023086576282054006
2093,Thunersee,snowmelt_proxy,3,0.026467903818538
2093,Thunersee,snowmelt_proxy,4,0.02228047442398124
2093,Thunersee,snowmelt_proxy,5,0.01856031116238743
2093,Thunersee,snowmelt_proxy,6,0.01004378992068623
2093,Thunersee,snowmelt_proxy,7,0.003354853818297035
2093,Thunersee,snowmelt_proxy,8,-0.001299721221856903
2093,Thunersee,snowmelt_proxy,9,-0.007534197102557834
2093,Thunersee,snowmelt_proxy,10,-0.01176367518093639
2093,Thunersee,snowmelt_proxy,11,-0.01358104257997561
2093,Thunersee,snowmelt_proxy,12,-0.013667752566724478
2093,Thunersee,snowmelt_proxy,13,-0.012553669233308057
2093,Thunersee,snowmelt_proxy,14,-0.010319791813018092
2093,Thunersee,snowmelt_proxy,15,-0.00914035769158676
2093,Thunersee,snowmelt_proxy,16,-0.00843490037794825
2093,Thunersee,snowmelt_proxy,17,-0.0073089162227650785
2093,Thunersee,snowmelt_proxy,18,-0.0077482963242885075
2093,Thunersee,snowmelt_proxy,19,-0.002417323769320675
2093,Thunersee,snowmelt_proxy,20,-0.002985427589568707
2093,Thunersee,snowmelt_proxy,21,-0.003894664668005901
2093,Thunersee,snowmelt_proxy,22,-0.005209785192688753
2093,Thunersee,snowmelt_proxy,23,-0.00887407213219745
2093,Thunersee,snowmelt_proxy,24,-0.008839787675029083
2093,Thunersee,snowmelt_proxy,25,-0.006241321493623455
2093,Thunersee,snowmelt_proxy,26,-0.004507359558473871
2093,Thunersee,snowmelt_proxy,27,-0.006945874202733228
2093,Thunersee,snowmelt_proxy,28,-0.010656998881148932
2093,Thunersee,snowmelt_proxy,29,-0.01272926877088768
2093,Thunersee,snowmelt_proxy,30,-0.013870378113836348
2093,Thunersee,snowmelt_proxy,31,-0.013629972564420528
2093,Thunersee,snowmelt_proxy,32,-0.013379688868192375
2093,Thunersee,snowmelt_proxy,33,-0.014664095475933031
2093,Thunersee,snowmelt_proxy,34,-0.014157597766693503
2093,Thunersee,snowmelt_proxy,35,-0.0130156816763355
2093,Thunersee,snowmelt_proxy,36,-0.013953020417803613
2093,Thunersee,snowmelt_proxy,37,-0.016573997663305022
2093,Thunersee,snowmelt_proxy,38,-0.016574765131794192
2093,Thunersee,snowmelt_proxy,39,-0.014960184949335152
2093,Thunersee,snowmelt_proxy,40,-0.014693019542893355
2093,Thunersee,snowmelt_proxy,41,-0.01544496561979459
2093,Thunersee,snowmelt_proxy,42,-0.012744676190661252
2093,Thunersee,snowmelt_proxy,43,-0.012312644484716181
2093,Thunersee,snowmelt_proxy,44,-0.011947592383002036
2093,Thunersee,snowmelt_proxy,45,-0.012038515746713737
2093,Thunersee,snowmelt_proxy,46,-0.011592265149991423
2093,Thunersee,snowmelt_proxy,47,-0.010981903314477095
2093,Thunersee,snowmelt_proxy,48,-0.01085274976462505
2093,Thunersee,snowmelt_proxy,49,-0.00864979785792579
2093,Thunersee,snowmelt_proxy,50,-0.006473154725462971
2093,Thunersee,snowmelt_proxy,51,-0.0076250407755746145
2093,Thunersee,snowmelt_proxy,52,-0.01025903242417647
2093,Thunersee,snowmelt_proxy,53,-0.014198860494407425
2093,Thunersee,snowmelt_proxy,54,-0.014566901554669309
2093,Thunersee,snowmelt_proxy,55,-0.015797901732934067
2093,Thunersee,snowmelt_proxy,56,-0.021134102125815128
2093,Thunersee,snowmelt_proxy,57,-0.023952570810271547
2093,Thunersee,snowmelt_proxy,58,-0.02441898336232084
2093,Thunersee,snowmelt_proxy,59,-0.027259140562253762
2093,Thunersee,snowmelt_proxy,60,-0.027438510134522524
2088,Sarnersee,precipitation_mm,0,0.0523994688691061
2088,Sarnersee,precipitation_mm,1,0.18957142180933095
2088,Sarnersee,precipitation_mm,2,0.2618588183643497
2088,Sarnersee,precipitation_mm,3,0.2731721044435623
2088,Sarnersee,precipitation_mm,4,0.26811167117455537
2088,Sarnersee,precipitation_mm,5,0.25488818152065923
2088,Sarnersee,precipitation_mm,6,0.24333475534548343
2088,Sarnersee,precipitation_mm,7,0.2300399215247991
2088,Sarnersee,precipitation_mm,8,0.2136821251088657
2088,Sarnersee,precipitation_mm,9,0.20179798850983272
2088,Sarnersee,precipitation_mm,10,0.19119640458355627
2088,Sarnersee,precipitation_mm,11,0.18439377264114284
2088,Sarnersee,precipitation_mm,12,0.1735812270202272
2088,Sarnersee,precipitation_mm,13,0.16106454110476948
2088,Sarnersee,precipitation_mm,14,0.149280674224338
2088,Sarnersee,precipitation_mm,15,0.13838381118321455
2088,Sarnersee,precipitation_mm,16,0.128488046513265
2088,Sarnersee,precipitation_mm,17,0.12238219456974805
2088,Sarnersee,precipitation_mm,18,0.11949285299428969
2088,Sarnersee,precipitation_mm,19,0.11482178955879904
2088,Sarnersee,precipitation_mm,20,0.10623420382776667
2088,Sarnersee,precipitation_mm,21,0.10048534471722435
2088,Sarnersee,precipitation_mm,22,0.09808884965860754
2088,Sarnersee,precipitation_mm,23,0.09451712644641598
2088,Sarnersee,precipitation_mm,24,0.09159889310266846
2088,Sarnersee,precipitation_mm,25,0.08995459530614958
2088,Sarnersee,precipitation_mm,26,0.08900193893455992
2088,Sarnersee,precipitation_mm,27,0.08479180570202682
2088,Sarnersee,precipitation_mm,28,0.08051738774636394
2088,Sarnersee,precipitation_mm,29,0.081308095822535
2088,Sarnersee,precipitation_mm,30,0.08275731033812236
2088,Sarnersee,precipitation_mm,31,0.07800103508322363
2088,Sarnersee,precipitation_mm,32,0.07540803880719951
2088,Sarnersee,precipitation_mm,33,0.07232276998105482
2088,Sarnersee,precipitation_mm,34,0.06730657715345534
2088,Sarnersee,precipitation_mm,35,0.05943781594203089
2088,Sarnersee,precipitation_mm,36,0.05446600371172723
2088,Sarnersee,precipitation_mm,37,0.057018819664641625
2088,Sarnersee,precipitation_mm,38,0.05974485912312263
2088,Sarnersee,precipitation_mm,39,0.06117851413042146
2088,Sarnersee,precipitation_mm,40,0.05715826228497074
2088,Sarnersee,precipitation_mm,41,0.05550898191690343
2088,Sarnersee,precipitation_mm,42,0.05278608743622695
2088,Sarnersee,precipitation_mm,43,0.05417501100388646
2088,Sarnersee,precipitation_mm,44,0.056609204081338696
2088,Sarnersee,precipitation_mm,45,0.05865536155403137
2088,Sarnersee,precipitation_mm,46,0.05954980922386172
2088,Sarnersee,precipitation_mm,47,0.05619230720531672
2088,Sarnersee,precipitation_mm,48,0.052323060841053544
2088,Sarnersee,precipitation_mm,49,0.04823333638946763
2088,Sarnersee,precipitation_mm,50,0.04529726341369132
2088,Sarnersee,precipitation_mm,51,0.0421350382751878
2088,Sarnersee,precipitation_mm,52,0.042568647632245174
2088,Sarnersee,precipitation_mm,53,0.04416214035404857
2088,Sarnersee,precipitation_mm,54,0.04474296015151188
2088,Sarnersee,precipitation_mm,55,0.0441202650470585
2088,Sarnersee,precipitation_mm,56,0.042166817975382145
2088,Sarnersee,precipitation_mm,57,0.04112383203099492
2088,Sarnersee,precipitation_mm,58,0.039798779181250576
2088,Sarnersee,precipitation_mm,59,0.03795147729975985
2088,Sarnersee,precipitation_mm,60,0.03622827376067274
2088,Sarnersee,temperature_mean_c,0,-0.14197981294481632
2088,Sarnersee,temperature_mean_c,1,-0.15256747630588066
2088,Sarnersee,temperature_mean_c,2,-0.14052178448029704
2088,Sarnersee,temperature_mean_c,3,-0.12628612976651096
2088,Sarnersee,temperature_mean_c,4,-0.11316473510577311
2088,Sarnersee,temperature_mean_c,5,-0.10357294248182204
2088,Sarnersee,temperature_mean_c,6,-0.10061936249287251
2088,Sarnersee,temperature_mean_c,7,-0.10213718977481089
2088,Sarnersee,temperature_mean_c,8,-0.10532709479596543
2088,Sarnersee,temperature_mean_c,9,-0.10870319367195222
2088,Sarnersee,temperature_mean_c,10,-0.11120677295731125
2088,Sarnersee,temperature_mean_c,11,-0.11133301423975811
2088,Sarnersee,temperature_mean_c,12,-0.10977182677063918
2088,Sarnersee,temperature_mean_c,13,-0.10824836687847603
2088,Sarnersee,temperature_mean_c,14,-0.10642623895732206
2088,Sarnersee,temperature_mean_c,15,-0.10334715003469098
2088,Sarnersee,temperature_mean_c,16,-0.10054376162160711
2088,Sarnersee,temperature_mean_c,17,-0.09949998283029507
2088,Sarnersee,temperature_mean_c,18,-0.09785213818513241
2088,Sarnersee,temperature_mean_c,19,-0.09365332146779927
2088,Sarnersee,temperature_mean_c,20,-0.08981211903603002
2088,Sarnersee,temperature_mean_c,21,-0.0873182286169202
2088,Sarnersee,temperature_mean_c,22,-0.08435336598642523
2088,Sarnersee,temperature_mean_c,23,-0.08186534587192804
2088,Sarnersee,temperature_mean_c,24,-0.0813689091912692
2088,Sarnersee,temperature_mean_c,25,-0.08094561183676328
2088,Sarnersee,temperature_mean_c,26,-0.08097286743716273
2088,Sarnersee,temperature_mean_c,27,-0.08164287965995988
2088,Sarnersee,temperature_mean_c,28,-0.08252913566170768
2088,Sarnersee,temperature_mean_c,29,-0.08331089760566479
2088,Sarnersee,temperature_mean_c,30,-0.08030719523578843
2088,Sarnersee,temperature_mean_c,31,-0.07624478635682048
2088,Sarnersee,temperature_mean_c,32,-0.07263688142645376
2088,Sarnersee,temperature_mean_c,33,-0.0699387517010035
2088,Sarnersee,temperature_mean_c,34,-0.0673505564423793
2088,Sarnersee,temperature_mean_c,35,-0.0666885022102438
2088,Sarnersee,temperature_mean_c,36,-0.06709739895252768
2088,Sarnersee,temperature_mean_c,37,-0.0656419093627394
2088,Sarnersee,temperature_mean_c,38,-0.0614287095812447
2088,Sarnersee,temperature_mean_c,39,-0.05648729453376838
2088,Sarnersee,temperature_mean_c,40,-0.05375278061806021
2088,Sarnersee,temperature_mean_c,41,-0.0531601882739839
2088,Sarnersee,temperature_mean_c,42,-0.05285275591874888
2088,Sarnersee,temperature_mean_c,43,-0.05196027775038467
2088,Sarnersee,temperature_mean_c,44,-0.05038220976416983
2088,Sarnersee,temperature_mean_c,45,-0.04634493894377892
2088,Sarnersee,temperature_mean_c,46,-0.04160289856047931
2088,Sarnersee,temperature_mean_c,47,-0.03793992570451206
2088,Sarnersee,temperature_mean_c,48,-0.03682690804218717
2088,Sarnersee,temperature_mean_c,49,-0.037285216594931635
2088,Sarnersee,temperature_mean_c,50,-0.03776377660334346
2088,Sarnersee,temperature_mean_c,51,-0.03926623759807365
2088,Sarnersee,temperature_mean_c,52,-0.03991526216724802
2088,Sarnersee,temperature_mean_c,53,-0.03966892742745298
2088,Sarnersee,temperature_mean_c,54,-0.0390481561156413
2088,Sarnersee,temperature_mean_c,55,-0.03797017409348499
2088,Sarnersee,temperature_mean_c,56,-0.03654626670808563
2088,Sarnersee,temperature_mean_c,57,-0.03548510026824587
2088,Sarnersee,temperature_mean_c,58,-0.03396561821783228
2088,Sarnersee,temperature_mean_c,59,-0.03247448130818646
2088,Sarnersee,temperature_mean_c,60,-0.031155525040431214
2088,Sarnersee,snowmelt_proxy,0,0.12745049902935726
2088,Sarnersee,snowmelt_proxy,1,0.13585236763949643
2088,Sarnersee,snowmelt_proxy,2,0.14616779140392144
2088,Sarnersee,snowmelt_proxy,3,0.15278427510136294
2088,Sarnersee,snowmelt_proxy,4,0.15854222413070074
2088,Sarnersee,snowmelt_proxy,5,0.15269336904330646
2088,Sarnersee,snowmelt_proxy,6,0.14206521902755587
2088,Sarnersee,snowmelt_proxy,7,0.127742820057861
2088,Sarnersee,snowmelt_proxy,8,0.11233341298743542
2088,Sarnersee,snowmelt_proxy,9,0.09638998080381923
2088,Sarnersee,snowmelt_proxy,10,0.0849086080065019
2088,Sarnersee,snowmelt_proxy,11,0.07413081549873539
2088,Sarnersee,snowmelt_proxy,12,0.0735019742409321
2088,Sarnersee,snowmelt_proxy,13,0.07250949622767103
2088,Sarnersee,snowmelt_proxy,14,0.07409462120250822
2088,Sarnersee,snowmelt_proxy,15,0.07357242083213554
2088,Sarnersee,snowmelt_proxy,16,0.06943961519715525
2088,Sarnersee,snowmelt_proxy,17,0.06400893309449784
2088,Sarnersee,snowmelt_proxy,18,0.056872022148394485
2088,Sarnersee,snowmelt_proxy,19,0.05023334300297664
2088,Sarnersee,snowmelt_proxy,20,0.0432470943557895
2088,Sarnersee,snowmelt_proxy,21,0.04085818795916738
2088,Sarnersee,snowmelt_proxy,22,0.0368815255203972
2088,Sarnersee,snowmelt_proxy,23,0.034155459185019124
2088,Sarnersee,snowmelt_proxy,24,0.028384324017749138
2088,Sarnersee,snowmelt_proxy,25,0.024649549928290677
2088,Sarnersee,snowmelt_proxy,26,0.018336810117994276
2088,Sarnersee,snowmelt_proxy,27,0.015033266772934989
2088,Sarnersee,snowmelt_proxy,28,0.005846307406032937
2088,Sarnersee,snowmelt_proxy,29,-0.0018975007965854986
2088,Sarnersee,snowmelt_proxy,30,-0.005552805656329239
2088,Sarnersee,snowmelt_proxy,31,-0.005240333624983425
2088,Sarnersee,snowmelt_proxy,32,-0.008753694789352342
2088,Sarnersee,snowmelt_proxy,33,-0.012068734252717758
2088,Sarnersee,snowmelt_proxy,34,-0.012916400092801705
2088,Sarnersee,snowmelt_proxy,35,-0.01307579044200081
2088,Sarnersee,snowmelt_proxy,36,-0.012011055751317392
2088,Sarnersee,snowmelt_proxy,37,-0.009709644142057132
2088,Sarnersee,snowmelt_proxy,38,-0.007991958950704465
2088,Sarnersee,snowmelt_proxy,39,-0.007384494651773049
2088,Sarnersee,snowmelt_proxy,40,-0.0077704677539087745
2088,Sarnersee,snowmelt_proxy,41,-0.005644005315107104
2088,Sarnersee,snowmelt_proxy,42,-0.005239750210686689
2088,Sarnersee,snowmelt_proxy,43,-0.005845422871666545
2088,Sarnersee,snowmelt_proxy,44,-0.008437603761016215
2088,Sarnersee,snowmelt_proxy,45,-0.009478755643606299
2088,Sarnersee,snowmelt_proxy,46,-0.00847113578812173
2088,Sarnersee,snowmelt_proxy,47,-0.00892796828484567
2088,Sarnersee,snowmelt_proxy,48,-0.012437000041551773
2088,Sarnersee,snowmelt_proxy,49,-0.0177882276626999
2088,Sarnersee,snowmelt_proxy,50,-0.02146028484687905
2088,Sarnersee,snowmelt_proxy,51,-0.029978471359707333
2088,Sarnersee,snowmelt_proxy,52,-0.03394614983821087
2088,Sarnersee,snowmelt_proxy,53,-0.03549896630966681
2088,Sarnersee,snowmelt_proxy,54,-0.0375058648059381
2088,Sarnersee,snowmelt_proxy,55,-0.040825645483614684
2088,Sarnersee,snowmelt_proxy,56,-0.047476388530285595
2088,Sarnersee,snowmelt_proxy,57,-0.05261346058868462
2088,Sarnersee,snowmelt_proxy,58,-0.05318248078760335
2088,Sarnersee,snowmelt_proxy,59,-0.05191000488852267
2088,Sarnersee,snowmelt_proxy,60,-0.05422687524825795
2081,Pfäffikersee,precipitation_mm,0,0.053597355890846334
2081,Pfäffikersee,precipitation_mm,1,0.14236351817542128
2081,Pfäffikersee,precipitation_mm,2,0.18594491075034367
2081,Pfäffikersee,precipitation_mm,3,0.19930981799759775
2081,Pfäffikersee,precipitation_mm,4,0.19945297174656634
2081,Pfäffikersee,precipitation_mm,5,0.2020199711675281
2081,Pfäffikersee,precipitation_mm,6,0.20623116591294616
2081,Pfäffikersee,precipitation_mm,7,0.20486487195392392
2081,Pfäffikersee,precipitation_mm,8,0.20228685215243722
2081,Pfäffikersee,precipitation_mm,9,0.1994395345110525
2081,Pfäffikersee,precipitation_mm,10,0.1956975937618137
2081,Pfäffikersee,precipitation_mm,11,0.191803052206371
2081,Pfäffikersee,precipitation_mm,12,0.1879790339431397
2081,Pfäffikersee,precipitation_mm,13,0.18638193573865622
2081,Pfäffikersee,precipitation_mm,14,0.1855421311762849
2081,Pfäffikersee,precipitation_mm,15,0.1826937516714791
2081,Pfäffikersee,precipitation_mm,16,0.1777423461275951
2081,Pfäffikersee,precipitation_mm,17,0.172719476507959
2081,Pfäffikersee,precipitation_mm,18,0.16739634242638765
2081,Pfäffikersee,precipitation_mm,19,0.1618447812550526
2081,Pfäffikersee,precipitation_mm,20,0.1573545852749417
2081,Pfäffikersee,precipitation_mm,21,0.15579002812407283
2081,Pfäffikersee,precipitation_mm,22,0.15590698640757142
2081,Pfäffikersee,precipitation_mm,23,0.15402044717832428
2081,Pfäffikersee,precipitation_mm,24,0.15106812109034473
2081,Pfäffikersee,precipitation_mm,25,0.14755293018172688
2081,Pfäffikersee,precipitation_mm,26,0.14163659136655365
2081,Pfäffikersee,precipitation_mm,27,0.14007851892922712
2081,Pfäffikersee,precipitation_mm,28,0.13817265869144332
2081,Pfäffikersee,precipitation_mm,29,0.13809259630543447
2081,Pfäffikersee,precipitation_mm,30,0.13858728305861914
2081,Pfäffikersee,precipitation_mm,31,0.13651305409701878
2081,Pfäffikersee,precipitation_mm,32,0.12958789171926696
2081,Pfäffikersee,precipitation_mm,33,0.12232405511284691
2081,Pfäffikersee,precipitation_mm,34,0.11702224858913567
2081,Pfäffikersee,precipitation_mm,35,0.1129116386524527
2081,Pfäffikersee,precipitation_mm,36,0.1101251162434451
2081,Pfäffikersee,precipitation_mm,37,0.10773797977381572
2081,Pfäffikersee,precipitation_mm,38,0.1047439175789741
2081,Pfäffikersee,precipitation_mm,39,0.10136768673407283
2081,Pfäffikersee,precipitation_mm,40,0.09968783252005159
2081,Pfäffikersee,precipitation_mm,41,0.09571451491497934
2081,Pfäffikersee,precipitation_mm,42,0.09301714290093836
2081,Pfäffikersee,precipitation_mm,43,0.09210592792007122
2081,Pfäffikersee,precipitation_mm,44,0.09014125535882897
2081,Pfäffikersee,precipitation_mm,45,0.08855377520411963
2081,Pfäffikersee,precipitation_mm,46,0.08674460021878755
2081,Pfäffikersee,precipitation_mm,47,0.08465616004870063
2081,Pfäffikersee,precipitation_mm,48,0.08361426640599322
2081,Pfäffikersee,precipitation_mm,49,0.08240607233395698
2081,Pfäffikersee,precipitation_mm,50,0.0808512396416466
2081,Pfäffikersee,precipitation_mm,51,0.07858698424518959
2081,Pfäffikersee,precipitation_mm,52,0.07413231521641721
2081,Pfäffikersee,precipitation_mm,53,0.07004390118091869
2081,Pfäffikersee,precipitation_mm,54,0.0671287287614421
2081,Pfäffikersee,precipitation_mm,55,0.06619627420177226
2081,Pfäffikersee,precipitation_mm,56,0.06675062064913816
2081,Pfäffikersee,precipitation_mm,57,0.06537800854233378
2081,Pfäffikersee,precipitation_mm,58,0.06284632107307901
2081,Pfäffikersee,precipitation_mm,59,0.062299100462888106
2081,Pfäffikersee,precipitation_mm,60,0.05891906240185397
2081,Pfäffikersee,temperature_mean_c,0,-0.1050256343945026
2081,Pfäffikersee,temperature_mean_c,1,-0.10314216393376043
2081,Pfäffikersee,temperature_mean_c,2,-0.09166306580621215
2081,Pfäffikersee,temperature_mean_c,3,-0.08205572394305223
2081,Pfäffikersee,temperature_mean_c,4,-0.07618999938781171
2081,Pfäffikersee,temperature_mean_c,5,-0.0745536607270886
2081,Pfäffikersee,temperature_mean_c,6,-0.07406010087146477
2081,Pfäffikersee,temperature_mean_c,7,-0.07420477982357059
2081,Pfäffikersee,temperature_mean_c,8,-0.07461747061313215
2081,Pfäffikersee,temperature_mean_c,9,-0.07561823169646886
2081,Pfäffikersee,temperature_mean_c,10,-0.07749683434843994
2081,Pfäffikersee,temperature_mean_c,11,-0.0808150701655951
2081,Pfäffikersee,temperature_mean_c,12,-0.08483887674834892
2081,Pfäffikersee,temperature_mean_c,13,-0.08918636675189295
2081,Pfäffikersee,temperature_mean_c,14,-0.0916274101763065
2081,Pfäffikersee,temperature_mean_c,15,-0.09191033600037325
2081,Pfäffikersee,temperature_mean_c,16,-0.09196302973374648
2081,Pfäffikersee,temperature_mean_c,17,-0.09136133788059489
2081,Pfäffikersee,temperature_mean_c,18,-0.09049904091911605
2081,Pfäffikersee,temperature_mean_c,19,-0.08926168029322268
2081,Pfäffikersee,temperature_mean_c,20,-0.08814756317413533
2081,Pfäffikersee,temperature_mean_c,21,-0.08712932214719211
2081,Pfäffikersee,temperature_mean_c,22,-0.0857461833900673
2081,Pfäffikersee,temperature_mean_c,23,-0.08421565323511036
2081,Pfäffikersee,temperature_mean_c,24,-0.08331069394820495
2081,Pfäffikersee,temperature_mean_c,25,-0.08302482354558097
2081,Pfäffikersee,temperature_mean_c,26,-0.0836895635386943
2081,Pfäffikersee,temperature_mean_c,27,-0.08475643694521634
2081,Pfäffikersee,temperature_mean_c,28,-0.08563792652143087
2081,Pfäffikersee,temperature_mean_c,29,-0.08630455433658399
2081,Pfäffikersee,temperature_mean_c,30,-0.08606036258793233
2081,Pfäffikersee,temperature_mean_c,31,-0.08436807485548291
2081,Pfäffikersee,temperature_mean_c,32,-0.0826691584217845
2081,Pfäffikersee,temperature_mean_c,33,-0.08181360123041759
2081,Pfäffikersee,temperature_mean_c,34,-0.08184361170143051
2081,Pfäffikersee,temperature_mean_c,35,-0.08222267649600487
2081,Pfäffikersee,temperature_mean_c,36,-0.08261705596798467
2081,Pfäffikersee,temperature_mean_c,37,-0.08367215616871554
2081,Pfäffikersee,temperature_mean_c,38,-0.08412817217805184
2081,Pfäffikersee,temperature_mean_c,39,-0.08436235399817457
2081,Pfäffikersee,temperature_mean_c,40,-0.083988357837944
2081,Pfäffikersee,temperature_mean_c,41,-0.08223675752347319
2081,Pfäffikersee,temperature_mean_c,42,-0.08119038529483835
2081,Pfäffikersee,temperature_mean_c,43,-0.07913146556740752
2081,Pfäffikersee,temperature_mean_c,44,-0.07780879482262919
2081,Pfäffikersee,temperature_mean_c,45,-0.07776194588712937
2081,Pfäffikersee,temperature_mean_c,46,-0.07775219495018752
2081,Pfäffikersee,temperature_mean_c,47,-0.07772533716420411
2081,Pfäffikersee,temperature_mean_c,48,-0.07785481624800807
2081,Pfäffikersee,temperature_mean_c,49,-0.0773972778635766
2081,Pfäffikersee,temperature_mean_c,50,-0.07682332023584876
2081,Pfäffikersee,temperature_mean_c,51,-0.07753090614774609
2081,Pfäffikersee,temperature_mean_c,52,-0.07795292173316314
2081,Pfäffikersee,temperature_mean_c,53,-0.07759526189155222
2081,Pfäffikersee,temperature_mean_c,54,-0.07715854583551782
2081,Pfäffikersee,temperature_mean_c,55,-0.0759892850459214
2081,Pfäffikersee,temperature_mean_c,56,-0.07397630523664485
2081,Pfäffikersee,temperature_mean_c,57,-0.07187205795188376
2081,Pfäffikersee,temperature_mean_c,58,-0.07047717819630493
2081,Pfäffikersee,temperature_mean_c,59,-0.06898682288293549
2081,Pfäffikersee,temperature_mean_c,60,-0.06801237223212418
2081,Pfäffikersee,snowmelt_proxy,0,0.07789231237153374
2081,Pfäffikersee,snowmelt_proxy,1,0.09778883780965072
2081,Pfäffikersee,snowmelt_proxy,2,0.1105038391982309
2081,Pfäffikersee,snowmelt_proxy,3,0.11725825050795692
2081,Pfäffikersee,snowmelt_proxy,4,0.11944454638033083
2081,Pfäffikersee,snowmelt_proxy,5,0.12211564053648018
2081,Pfäffikersee,snowmelt_proxy,6,0.12353024385584215
2081,Pfäffikersee,snowmelt_proxy,7,0.12536310771561468
2081,Pfäffikersee,snowmelt_proxy,8,0.12431346822677046
2081,Pfäffikersee,snowmelt_proxy,9,0.12102634936080231
2081,Pfäffikersee,snowmelt_proxy,10,0.11946942412982395
2081,Pfäffikersee,snowmelt_proxy,11,0.117225828467498
2081,Pfäffikersee,snowmelt_proxy,12,0.11265007651027541
2081,Pfäffikersee,snowmelt_proxy,13,0.1090524841922709
2081,Pfäffikersee,snowmelt_proxy,14,0.10716375001474858
2081,Pfäffikersee,snowmelt_proxy,15,0.10459444592456313
2081,Pfäffikersee,snowmelt_proxy,16,0.1009922323499724
2081,Pfäffikersee,snowmelt_proxy,17,0.09826335349349877
2081,Pfäffikersee,snowmelt_proxy,18,0.09428678117518383
2081,Pfäffikersee,snowmelt_proxy,19,0.09107055476510756
2081,Pfäffikersee,snowmelt_proxy,20,0.08753279949109712
2081,Pfäffikersee,snowmelt_proxy,21,0.0846669959937703
2081,Pfäffikersee,snowmelt_proxy,22,0.081451655020282
2081,Pfäffikersee,snowmelt_proxy,23,0.07574454254178964
2081,Pfäffikersee,snowmelt_proxy,24,0.07064104237287534
2081,Pfäffikersee,snowmelt_proxy,25,0.06685679234707627
2081,Pfäffikersee,snowmelt_proxy,26,0.06272239748728958
2081,Pfäffikersee,snowmelt_proxy,27,0.05895636775957723
2081,Pfäffikersee,snowmelt_proxy,28,0.05411552607757727
2081,Pfäffikersee,snowmelt_proxy,29,0.050117053113784636
2081,Pfäffikersee,snowmelt_proxy,30,0.0470703437054912
2081,Pfäffikersee,snowmelt_proxy,31,0.0444002876843626
2081,Pfäffikersee,snowmelt_proxy,32,0.04242079988896262
2081,Pfäffikersee,snowmelt_proxy,33,0.039126858711220305
2081,Pfäffikersee,snowmelt_proxy,34,0.03838665237348097
2081,Pfäffikersee,snowmelt_proxy,35,0.03880368008768388
2081,Pfäffikersee,snowmelt_proxy,36,0.03849939852652288
2081,Pfäffikersee,snowmelt_proxy,37,0.03632630587601171
2081,Pfäffikersee,snowmelt_proxy,38,0.03411990933626421
2081,Pfäffikersee,snowmelt_proxy,39,0.03101662227779176
2081,Pfäffikersee,snowmelt_proxy,40,0.0295012082060182
2081,Pfäffikersee,snowmelt_proxy,41,0.029200818287622173
2081,Pfäffikersee,snowmelt_proxy,42,0.03099524561733051
2081,Pfäffikersee,snowmelt_proxy,43,0.03312260701070822
2081,Pfäffikersee,snowmelt_proxy,44,0.03432888064454795
2081,Pfäffikersee,snowmelt_proxy,45,0.034544220867270256
2081,Pfäffikersee,snowmelt_proxy,46,0.037395785992818835
2081,Pfäffikersee,snowmelt_proxy,47,0.04069884334397025
2081,Pfäffikersee,snowmelt_proxy,48,0.042176360395649454
2081,Pfäffikersee,snowmelt_proxy,49,0.0446683629915693
2081,Pfäffikersee,snowmelt_proxy,50,0.045307500181562786
2081,Pfäffikersee,snowmelt_proxy,51,0.04172733720396611
2081,Pfäffikersee,snowmelt_proxy,52,0.04008031893769963
2081,Pfäffikersee,snowmelt_proxy,53,0.03845436278031911
2081,Pfäffikersee,snowmelt_proxy,54,0.03524090166301571
2081,Pfäffikersee,snowmelt_proxy,55,0.03516773090547498
2081,Pfäffikersee,snowmelt_proxy,56,0.03633430471455049
2081,Pfäffikersee,snowmelt_proxy,57,0.036334320137204855
2081,Pfäffikersee,snowmelt_proxy,58,0.03209111011120442
2081,Pfäffikersee,snowmelt_proxy,59,0.026138811883038
2081,Pfäffikersee,snowmelt_proxy,60,0.023319885913174857
2208,Bielersee,precipitation_mm,0,0.13462609494106115
2208,Bielersee,precipitation_mm,1,0.29078596769240844
2208,Bielersee,precipitation_mm,2,0.31604914626649383
2208,Bielersee,precipitation_mm,3,0.285033051122991
2208,Bielersee,precipitation_mm,4,0.2415312707297081
2208,Bielersee,precipitation_mm,5,0.2100200722098987
2208,Bielersee,precipitation_mm,6,0.18923875447788088
2208,Bielersee,precipitation_mm,7,0.17633939170983903
2208,Bielersee,precipitation_mm,8,0.16055309984201652
2208,Bielersee,precipitation_mm,9,0.15217446443543545
2208,Bielersee,precipitation_mm,10,0.14136851985228444
2208,Bielersee,precipitation_mm,11,0.13189424689648074
2208,Bielersee,precipitation_mm,12,0.12362801720205892
2208,Bielersee,precipitation_mm,13,0.11891537568273979
2208,Bielersee,precipitation_mm,14,0.114813302539167
2208,Bielersee,precipitation_mm,15,0.1089451618506689
2208,Bielersee,precipitation_mm,16,0.10167084245186911
2208,Bielersee,precipitation_mm,17,0.10093975791378378
2208,Bielersee,precipitation_mm,18,0.09383414525286754
2208,Bielersee,precipitation_mm,19,0.08590707130126833
2208,Bielersee,precipitation_mm,20,0.08015905274884863
2208,Bielersee,precipitation_mm,21,0.07783882313117321
2208,Bielersee,precipitation_mm,22,0.07730619065522375
2208,Bielersee,precipitation_mm,23,0.08312125216170439
2208,Bielersee,precipitation_mm,24,0.0840642935744843
2208,Bielersee,precipitation_mm,25,0.0848539672413129
2208,Bielersee,precipitation_mm,26,0.07679934126958
2208,Bielersee,precipitation_mm,27,0.07353522000623265
2208,Bielersee,precipitation_mm,28,0.07101921335135568
2208,Bielersee,precipitation_mm,29,0.07060957505079228
2208,Bielersee,precipitation_mm,30,0.07291357542974057
2208,Bielersee,precipitation_mm,31,0.06675487768082591
2208,Bielersee,precipitation_mm,32,0.06246004692669016
2208,Bielersee,precipitation_mm,33,0.05932703524615024
2208,Bielersee,precipitation_mm,34,0.053617841256834955
2208,Bielersee,precipitation_mm,35,0.046593087068111196
2208,Bielersee,precipitation_mm,36,0.04129055878049183
2208,Bielersee,precipitation_mm,37,0.044310535619711135
2208,Bielersee,precipitation_mm,38,0.05394051868861448
2208,Bielersee,precipitation_mm,39,0.0501969182405587
2208,Bielersee,precipitation_mm,40,0.045389061514480834
2208,Bielersee,precipitation_mm,41,0.04191403458187021
2208,Bielersee,precipitation_mm,42,0.04161900373846011
2208,Bielersee,precipitation_mm,43,0.04451060516048231
2208,Bielersee,precipitation_mm,44,0.04677862571855533
2208,Bielersee,precipitation_mm,45,0.046745819075989806
2208,Bielersee,precipitation_mm,46,0.04525086812011621
2208,Bielersee,precipitation_mm,47,0.041876828319614014
2208,Bielersee,precipitation_mm,48,0.043038611336388484
2208,Bielersee,precipitation_mm,49,0.042343841140251005
2208,Bielersee,precipitation_mm,50,0.03979405910510194
2208,Bielersee,precipitation_mm,51,0.03747424113988575
2208,Bielersee,precipitation_mm,52,0.03683154756285289
2208,Bielersee,precipitation_mm,53,0.03176171793857511
2208,Bielersee,precipitation_mm,54,0.028857326834915587
2208,Bielersee,precipitation_mm,55,0.02750428544436129
2208,Bielersee,precipitation_mm,56,0.02701416131364484
2208,Bielersee,precipitation_mm,57,0.024851811770294198
2208,Bielersee,precipitation_mm,58,0.023102066603563492
2208,Bielersee,precipitation_mm,59,0.02324566183616853
2208,Bielersee,precipitation_mm,60,0.02189637017926016
2208,Bielersee,temperature_mean_c,0,-0.04392097523038963
2208,Bielersee,temperature_mean_c,1,-0.00819881232189785
2208,Bielersee,temperature_mean_c,2,0.029640758172390598
2208,Bielersee,temperature_mean_c,3,0.048772101674211484
2208,Bielersee,temperature_mean_c,4,0.05334322497914215
2208,Bielersee,temperature_mean_c,5,0.05132764636342856
2208,Bielersee,temperature_mean_c,6,0.04552464221736925
2208,Bielersee,temperature_mean_c,7,0.039081059028844886
2208,Bielersee,temperature_mean_c,8,0.03171461997210118
2208,Bielersee,temperature_mean_c,9,0.023231192850782255
2208,Bielersee,temperature_mean_c,10,0.014853028163729505
2208,Bielersee,temperature_mean_c,11,0.00804084084363539
2208,Bielersee,temperature_mean_c,12,0.003802858400554107
2208,Bielersee,temperature_mean_c,13,-0.00148067568838384
2208,Bielersee,temperature_mean_c,14,-0.005598732304136993
2208,Bielersee,temperature_mean_c,15,-0.009134222316605342
2208,Bielersee,temperature_mean_c,16,-0.012428790553541168
2208,Bielersee,temperature_mean_c,17,-0.014023673291531286
2208,Bielersee,temperature_mean_c,18,-0.013439587087006094
2208,Bielersee,temperature_mean_c,19,-0.01244109080123476
2208,Bielersee,temperature_mean_c,20,-0.01602015921019677
2208,Bielersee,temperature_mean_c,21,-0.02330960471372385
2208,Bielersee,temperature_mean_c,22,-0.03162233071666746
2208,Bielersee,temperature_mean_c,23,-0.03593306090081214
2208,Bielersee,temperature_mean_c,24,-0.03773419271210381
2208,Bielersee,temperature_mean_c,25,-0.03688459763013574
2208,Bielersee,temperature_mean_c,26,-0.03655084451640667
2208,Bielersee,temperature_mean_c,27,-0.03744174651651078
2208,Bielersee,temperature_mean_c,28,-0.03872792652446566
2208,Bielersee,temperature_mean_c,29,-0.04023221785349737
2208,Bielersee,temperature_mean_c,30,-0.03828998398056663
2208,Bielersee,temperature_mean_c,31,-0.037138856270204086
2208,Bielersee,temperature_mean_c,32,-0.036737012952554014
2208,Bielersee,temperature_mean_c,33,-0.03723533556374702
2208,Bielersee,temperature_mean_c,34,-0.04182692464192511
2208,Bielersee,temperature_mean_c,35,-0.05042945665988769
2208,Bielersee,temperature_mean_c,36,-0.056085908071604754
2208,Bielersee,temperature_mean_c,37,-0.05546031206784201
2208,Bielersee,temperature_mean_c,38,-0.048319288670608286
2208,Bielersee,temperature_mean_c,39,-0.04103476740217329
2208,Bielersee,temperature_mean_c,40,-0.035579921943818295
2208,Bielersee,temperature_mean_c,41,-0.03737063253090666
2208,Bielersee,temperature_mean_c,42,-0.04189578600422276
2208,Bielersee,temperature_mean_c,43,-0.04351293683051115
2208,Bielersee,temperature_mean_c,44,-0.04269001039073284
2208,Bielersee,temperature_mean_c,45,-0.04091030727311702
2208,Bielersee,temperature_mean_c,46,-0.03860214606418888
2208,Bielersee,temperature_mean_c,47,-0.0386976830353231
2208,Bielersee,temperature_mean_c,48,-0.041326671213267815
2208,Bielersee,temperature_mean_c,49,-0.04505049132553252
2208,Bielersee,temperature_mean_c,50,-0.04834627034021428
2208,Bielersee,temperature_mean_c,51,-0.05086915455767992
2208,Bielersee,temperature_mean_c,52,-0.05120197838384271
2208,Bielersee,temperature_mean_c,53,-0.05049708120303503
2208,Bielersee,temperature_mean_c,54,-0.049139472008585434
2208,Bielersee,temperature_mean_c,55,-0.04697808612420647
2208,Bielersee,temperature_mean_c,56,-0.04418312801166842
2208,Bielersee,temperature_mean_c,57,-0.041224204100646526
2208,Bielersee,temperature_mean_c,58,-0.03923842772541673
2208,Bielersee,temperature_mean_c,59,-0.03733326103383451
2208,Bielersee,temperature_mean_c,60,-0.033736748812935
2208,Bielersee,snowmelt_proxy,0,0.007454928642198409
2208,Bielersee,snowmelt_proxy,1,0.03756314933281794
2208,Bielersee,snowmelt_proxy,2,0.06071038231698779
2208,Bielersee,snowmelt_proxy,3,0.06065069734991457
2208,Bielersee,snowmelt_proxy,4,0.054969884279151233
2208,Bielersee,snowmelt_proxy,5,0.050134220466341056
2208,Bielersee,snowmelt_proxy,6,0.04646126758678238
2208,Bielersee,snowmelt_proxy,7,0.0434994169119299
2208,Bielersee,snowmelt_proxy,8,0.04300016003538714
2208,Bielersee,snowmelt_proxy,9,0.046123194537569336
2208,Bielersee,snowmelt_proxy,10,0.05187916544642264
2208,Bielersee,snowmelt_proxy,11,0.04709197075179271
2208,Bielersee,snowmelt_proxy,12,0.038506656407486045
2208,Bielersee,snowmelt_proxy,13,0.034383886284697567
2208,Bielersee,snowmelt_proxy,14,0.037641731232546854
2208,Bielersee,snowmelt_proxy,15,0.0371400233561897
2208,Bielersee,snowmelt_proxy,16,0.035087456934523
2208,Bielersee,snowmelt_proxy,17,0.03376506523686534
2208,Bielersee,snowmelt_proxy,18,0.03271567148566173
2208,Bielersee,snowmelt_proxy,19,0.028563719915608004
2208,Bielersee,snowmelt_proxy,20,0.02653234816931425
2208,Bielersee,snowmelt_proxy,21,0.0266312061113413
2208,Bielersee,snowmelt_proxy,22,0.023272387967920072
2208,Bielersee,snowmelt_proxy,23,0.018438438215297667
2208,Bielersee,snowmelt_proxy,24,0.013966167207357232
2208,Bielersee,snowmelt_proxy,25,0.007503240081003116
2208,Bielersee,snowmelt_proxy,26,-0.0004477342232106117
2208,Bielersee,snowmelt_proxy,27,-0.008862040175581017
2208,Bielersee,snowmelt_proxy,28,-0.016880853447698994
2208,Bielersee,snowmelt_proxy,29,-0.020680821516918715
2208,Bielersee,snowmelt_proxy,30,-0.018159081350208706
2208,Bielersee,snowmelt_proxy,31,-0.017741284516825117
2208,Bielersee,snowmelt_proxy,32,-0.01614971767046766
2208,Bielersee,snowmelt_proxy,33,-0.019563546145727882
2208,Bielersee,snowmelt_proxy,34,-0.02477378489692368
2208,Bielersee,snowmelt_proxy,35,-0.03411756490754261
2208,Bielersee,snowmelt_proxy,36,-0.039882762678412294
2208,Bielersee,snowmelt_proxy,37,-0.04083204539365925
2208,Bielersee,snowmelt_proxy,38,-0.03751396954829898
2208,Bielersee,snowmelt_proxy,39,-0.035795344394154535
2208,Bielersee,snowmelt_proxy,40,-0.03049145758732267
2208,Bielersee,snowmelt_proxy,41,-0.02643918180023337
2208,Bielersee,snowmelt_proxy,42,-0.02626427885291758
2208,Bielersee,snowmelt_proxy,43,-0.02378069364866209
2208,Bielersee,snowmelt_proxy,44,-0.018010172493119175
2208,Bielersee,snowmelt_proxy,45,-0.014161106029831328
2208,Bielersee,snowmelt_proxy,46,-0.009353321383406606
2208,Bielersee,snowmelt_proxy,47,-0.008866345892872569
2208,Bielersee,snowmelt_proxy,48,-0.011615412948223922
2208,Bielersee,snowmelt_proxy,49,-0.016144770265008355
2208,Bielersee,snowmelt_proxy,50,-0.022501715975696775
2208,Bielersee,snowmelt_proxy,51,-0.026167446751581093
2208,Bielersee,snowmelt_proxy,52,-0.025471316203200735
2208,Bielersee,snowmelt_proxy,53,-0.025280450717713093
2208,Bielersee,snowmelt_proxy,54,-0.031041255676305217
2208,Bielersee,snowmelt_proxy,55,-0.03539440620317816
2208,Bielersee,snowmelt_proxy,56,-0.04551163311720282
2208,Bielersee,snowmelt_proxy,57,-0.0525587969549141
2208,Bielersee,snowmelt_proxy,58,-0.048063599644115794
2208,Bielersee,snowmelt_proxy,59,-0.046535618378987995
2208,Bielersee,snowmelt_proxy,60,-0.04485238580935399
2154,Lac_de_Neuchâtel,precipitation_mm,0,0.07523762303455288
2154,Lac_de_Neuchâtel,precipitation_mm,1,0.1748597878803749
2154,Lac_de_Neuchâtel,precipitation_mm,2,0.2706408875111627
2154,Lac_de_Neuchâtel,precipitation_mm,3,0.31293105464940646
2154,Lac_de_Neuchâtel,precipitation_mm,4,0.32547494623839907
2154,Lac_de_Neuchâtel,precipitation_mm,5,0.3221161164583218
2154,Lac_de_Neuchâtel,precipitation_mm,6,0.3080106492697505
2154,Lac_de_Neuchâtel,precipitation_mm,7,0.28906041573309454
2154,Lac_de_Neuchâtel,precipitation_mm,8,0.26879645550086095
2154,Lac_de_Neuchâtel,precipitation_mm,9,0.2504367760601152
2154,Lac_de_Neuchâtel,precipitation_mm,10,0.23313530495553594
2154,Lac_de_Neuchâtel,precipitation_mm,11,0.21760958242962103
2154,Lac_de_Neuchâtel,precipitation_mm,12,0.20188504670663676
2154,Lac_de_Neuchâtel,precipitation_mm,13,0.1867434917182395
2154,Lac_de_Neuchâtel,precipitation_mm,14,0.17571344107802894
2154,Lac_de_Neuchâtel,precipitation_mm,15,0.1645368630716115
2154,Lac_de_Neuchâtel,precipitation_mm,16,0.15449611128061336
2154,Lac_de_Neuchâtel,precipitation_mm,17,0.14544025826089096
2154,Lac_de_Neuchâtel,precipitation_mm,18,0.13853256234449743
2154,Lac_de_Neuchâtel,precipitation_mm,19,0.1310503372259354
2154,Lac_de_Neuchâtel,precipitation_mm,20,0.12496691893394683
2154,Lac_de_Neuchâtel,precipitation_mm,21,0.11990977997822284
2154,Lac_de_Neuchâtel,precipitation_mm,22,0.11639963451530023
2154,Lac_de_Neuchâtel,precipitation_mm,23,0.1131552854269655
2154,Lac_de_Neuchâtel,precipitation_mm,24,0.11174813763004912
2154,Lac_de_Neuchâtel,precipitation_mm,25,0.11214159159140896
2154,Lac_de_Neuchâtel,precipitation_mm,26,0.10986936750900211
2154,Lac_de_Neuchâtel,precipitation_mm,27,0.10763226752312553
2154,Lac_de_Neuchâtel,precipitation_mm,28,0.10341317389938977
2154,Lac_de_Neuchâtel,precipitation_mm,29,0.09973206771139037
2154,Lac_de_Neuchâtel,precipitation_mm,30,0.09748618499383081
2154,Lac_de_Neuchâtel,precipitation_mm,31,0.09486801148176958
2154,Lac_de_Neuchâtel,precipitation_mm,32,0.09119090294858477
2154,Lac_de_Neuchâtel,precipitation_mm,33,0.08611198188393206
2154,Lac_de_Neuchâtel,precipitation_mm,34,0.08084982946674116
2154,Lac_de_Neuchâtel,precipitation_mm,35,0.07323234814933118
2154,Lac_de_Neuchâtel,precipitation_mm,36,0.06655626272275145
2154,Lac_de_Neuchâtel,precipitation_mm,37,0.06369396995937071
2154,Lac_de_Neuchâtel,precipitation_mm,38,0.06423026213614078
2154,Lac_de_Neuchâtel,precipitation_mm,39,0.06308029957162069
2154,Lac_de_Neuchâtel,precipitation_mm,40,0.06231222077928261
2154,Lac_de_Neuchâtel,precipitation_mm,41,0.05975323406995795
2154,Lac_de_Neuchâtel,precipitation_mm,42,0.057338659200952595
2154,Lac_de_Neuchâtel,precipitation_mm,43,0.05747154968620514
2154,Lac_de_Neuchâtel,precipitation_mm,44,0.05587745788361974
2154,Lac_de_Neuchâtel,precipitation_mm,45,0.05574175892148685
2154,Lac_de_Neuchâtel,precipitation_mm,46,0.05525252843285309
2154,Lac_de_Neuchâtel,precipitation_mm,47,0.05332435927055589
2154,Lac_de_Neuchâtel,precipitation_mm,48,0.050639025579861226
2154,Lac_de_Neuchâtel,precipitation_mm,49,0.04863821406442589
2154,Lac_de_Neuchâtel,precipitation_mm,50,0.04809499053815404
2154,Lac_de_Neuchâtel,precipitation_mm,51,0.046977393251256494
2154,Lac_de_Neuchâtel,precipitation_mm,52,0.04572332486550961
2154,Lac_de_Neuchâtel,precipitation_mm,53,0.04556748376039146
2154,Lac_de_Neuchâtel,precipitation_mm,54,0.04380940194433235
2154,Lac_de_Neuchâtel,precipitation_mm,55,0.04115217684819522
2154,Lac_de_Neuchâtel,precipitation_mm,56,0.04000387081232876
2154,Lac_de_Neuchâtel,precipitation_mm,57,0.036821955218302845
2154,Lac_de_Neuchâtel,precipitation_mm,58,0.033438822955369665
2154,Lac_de_Neuchâtel,precipitation_mm,59,0.031263347962635274
2154,Lac_de_Neuchâtel,precipitation_mm,60,0.029187995838891184
2154,Lac_de_Neuchâtel,temperature_mean_c,0,-0.01377462115997938
2154,Lac_de_Neuchâtel,temperature_mean_c,1,0.0036183615821716586
2154,Lac_de_Neuchâtel,temperature_mean_c,2,0.0330381176696251
2154,Lac_de_Neuchâtel,temperature_mean_c,3,0.05784644975467134
2154,Lac_de_Neuchâtel,temperature_mean_c,4,0.0742039439247425
2154,Lac_de_Neuchâtel,temperature_mean_c,5,0.08307018610906407
2154,Lac_de_Neuchâtel,temperature_mean_c,6,0.0852621902139873
2154,Lac_de_Neuchâtel,temperature_mean_c,7,0.08180046006304736
2154,Lac_de_Neuchâtel,temperature_mean_c,8,0.07530016518828968
2154,Lac_de_Neuchâtel,temperature_mean_c,9,0.06627630162451544
2154,Lac_de_Neuchâtel,temperature_mean_c,10,0.05428114923329561
2154,Lac_de_Neuchâtel,temperature_mean_c,11,0.04221657622499317
2154,Lac_de_Neuchâtel,temperature_mean_c,12,0.031182441349651823
2154,Lac_de_Neuchâtel,temperature_mean_c,13,0.020976612475273947
2154,Lac_de_Neuchâtel,temperature_mean_c,14,0.012120286130545572
2154,Lac_de_Neuchâtel,temperature_mean_c,15,0.004443357977661997
2154,Lac_de_Neuchâtel,temperature_mean_c,16,-0.0008814551335740911
2154,Lac_de_Neuchâtel,temperature_mean_c,17,-0.004827191500586825
2154,Lac_de_Neuchâtel,temperature_mean_c,18,-0.00776117882432126
2154,Lac_de_Neuchâtel,temperature_mean_c,19,-0.009298265027003297
2154,Lac_de_Neuchâtel,temperature_mean_c,20,-0.011040970776631751
2154,Lac_de_Neuchâtel,temperature_mean_c,21,-0.01339769983655978
2154,Lac_de_Neuchâtel,temperature_mean_c,22,-0.015692305726644283
2154,Lac_de_Neuchâtel,temperature_mean_c,23,-0.017448713906312027
2154,Lac_de_Neuchâtel,temperature_mean_c,24,-0.018160669056518104
2154,Lac_de_Neuchâtel,temperature_mean_c,25,-0.018116482465529393
2154,Lac_de_Neuchâtel,temperature_mean_c,26,-0.017615458445074186
2154,Lac_de_Neuchâtel,temperature_mean_c,27,-0.0186471165331168
2154,Lac_de_Neuchâtel,temperature_mean_c,28,-0.020744913647655284
2154,Lac_de_Neuchâtel,temperature_mean_c,29,-0.0236767355251275
2154,Lac_de_Neuchâtel,temperature_mean_c,30,-0.026431523179592256
2154,Lac_de_Neuchâtel,temperature_mean_c,31,-0.02871132261458718
2154,Lac_de_Neuchâtel,temperature_mean_c,32,-0.031306876374747765
2154,Lac_de_Neuchâtel,temperature_mean_c,33,-0.03400286579804405
2154,Lac_de_Neuchâtel,temperature_mean_c,34,-0.03704953640875667
2154,Lac_de_Neuchâtel,temperature_mean_c,35,-0.04146533018610475
2154,Lac_de_Neuchâtel,temperature_mean_c,36,-0.04598171053102915
2154,Lac_de_Neuchâtel,temperature_mean_c,37,-0.04859703979167912
2154,Lac_de_Neuchâtel,temperature_mean_c,38,-0.0486317806367692
2154,Lac_de_Neuchâtel,temperature_mean_c,39,-0.04581760418152636
2154,Lac_de_Neuchâtel,temperature_mean_c,40,-0.04144959248964387
2154,Lac_de_Neuchâtel,temperature_mean_c,41,-0.037875888842487666
2154,Lac_de_Neuchâtel,temperature_mean_c,42,-0.03665964055483115
2154,Lac_de_Neuchâtel,temperature_mean_c,43,-0.03658909806568238
2154,Lac_de_Neuchâtel,temperature_mean_c,44,-0.037461409431628734
2154,Lac_de_Neuchâtel,temperature_mean_c,45,-0.03777819204058043
2154,Lac_de_Neuchâtel,temperature_mean_c,46,-0.036599669903826244
2154,Lac_de_Neuchâtel,temperature_mean_c,47,-0.035650750831506775
2154,Lac_de_Neuchâtel,temperature_mean_c,48,-0.0358136644681645
2154,Lac_de_Neuchâtel,temperature_mean_c,49,-0.03777428399619564
2154,Lac_de_Neuchâtel,temperature_mean_c,50,-0.04004708754981411
2154,Lac_de_Neuchâtel,temperature_mean_c,51,-0.04214069211083773
2154,Lac_de_Neuchâtel,temperature_mean_c,52,-0.04349739689940318
2154,Lac_de_Neuchâtel,temperature_mean_c,53,-0.04300999294701534
2154,Lac_de_Neuchâtel,temperature_mean_c,54,-0.0420081058999083
2154,Lac_de_Neuchâtel,temperature_mean_c,55,-0.040612306615992896
2154,Lac_de_Neuchâtel,temperature_mean_c,56,-0.038161060192875004
2154,Lac_de_Neuchâtel,temperature_mean_c,57,-0.03592594292430923
2154,Lac_de_Neuchâtel,temperature_mean_c,58,-0.03308467082496896
2154,Lac_de_Neuchâtel,temperature_mean_c,59,-0.03067768276056024
2154,Lac_de_Neuchâtel,temperature_mean_c,60,-0.02760872386378339
2168,Sempachersee,precipitation_mm,0,0.026462151402490537
2168,Sempachersee,precipitation_mm,1,0.09766754568321892
2168,Sempachersee,precipitation_mm,2,0.13294765884386855
2168,Sempachersee,precipitation_mm,3,0.14775619482062174
2168,Sempachersee,precipitation_mm,4,0.1557847992551687
2168,Sempachersee,precipitation_mm,5,0.1611798914994011
2168,Sempachersee,precipitation_mm,6,0.16512541641080786
2168,Sempachersee,precipitation_mm,7,0.1688010696307801
2168,Sempachersee,precipitation_mm,8,0.17149421348599195
2168,Sempachersee,precipitation_mm,9,0.17190320037673015
2168,Sempachersee,precipitation_mm,10,0.17177644370419032
2168,Sempachersee,precipitation_mm,11,0.17200410909467528
2168,Sempachersee,precipitation_mm,12,0.17168119339389593
2168,Sempachersee,precipitation_mm,13,0.1716109714023692
2168,Sempachersee,precipitation_mm,14,0.17171011124431088
2168,Sempachersee,precipitation_mm,15,0.17059992463952017
2168,Sempachersee,precipitation_mm,16,0.16870179641189315
2168,Sempachersee,precipitation_mm,17,0.16694946643355096
2168,Sempachersee,precipitation_mm,18,0.1651651537098296
2168,Sempachersee,precipitation_mm,19,0.16307087346414728
2168,Sempachersee,precipitation_mm,20,0.16163294527339833
2168,Sempachersee,precipitation_mm,21,0.1612352037120753
2168,Sempachersee,precipitation_mm,22,0.16088366729040232
2168,Sempachersee,precipitation_mm,23,0.15987397578574453
2168,Sempachersee,precipitation_mm,24,0.15825218342755343
2168,Sempachersee,precipitation_mm,25,0.1554245476463878
2168,Sempachersee,precipitation_mm,26,0.1518519128719121
2168,Sempachersee,precipitation_mm,27,0.1497652153927634
2168,Sempachersee,precipitation_mm,28,0.1478197174371022
2168,Sempachersee,precipitation_mm,29,0.1461042996912233
2168,Sempachersee,precipitation_mm,30,0.14494756040711038
2168,Sempachersee,precipitation_mm,31,0.14230521482679953
2168,Sempachersee,precipitation_mm,32,0.13925126606352534
2168,Sempachersee,precipitation_mm,33,0.13616390648389443
2168,Sempachersee,precipitation_mm,34,0.13225838827278918
2168,Sempachersee,precipitation_mm,35,0.12772171727829615
2168,Sempachersee,precipitation_mm,36,0.1242721210458616
2168,Sempachersee,precipitation_mm,37,0.12270634277572873
2168,Sempachersee,precipitation_mm,38,0.1216124167676857
2168,Sempachersee,precipitation_mm,39,0.11980259256362402
2168,Sempachersee,precipitation_mm,40,0.11813777149699704
2168,Sempachersee,precipitation_mm,41,0.11584593309545847
2168,Sempachersee,precipitation_mm,42,0.11379122199167453
2168,Sempachersee,precipitation_mm,43,0.11276979788103586
2168,Sempachersee,precipitation_mm,44,0.11129024670337243
2168,Sempachersee,precipitation_mm,45,0.11016770920681918
2168,Sempachersee,precipitation_mm,46,0.10894578492902829
2168,Sempachersee,precipitation_mm,47,0.10678438628428222
2168,Sempachersee,precipitation_mm,48,0.10406550569515295
2168,Sempachersee,precipitation_mm,49,0.10251259455621912
2168,Sempachersee,precipitation_mm,50,0.10030928016995855
2168,Sempachersee,precipitation_mm,51,0.0990314781241973
2168,Sempachersee,precipitation_mm,52,0.0980436074234911
2168,Sempachersee,precipitation_mm,53,0.09675926257224714
2168,Sempachersee,precipitation_mm,54,0.09447846950004539
2168,Sempachersee,precipitation_mm,55,0.09309731891903969
2168,Sempachersee,precipitation_mm,56,0.09155344247231073
2168,Sempachersee,precipitation_mm,57,0.08916982879275369
2168,Sempachersee,precipitation_mm,58,0.08753767069977385
2168,Sempachersee,precipitation_mm,59,0.08622649884167942
2168,Sempachersee,precipitation_mm,60,0.08393309802355577
2168,Sempachersee,temperature_mean_c,0,-0.05538874037997848
2168,Sempachersee,temperature_mean_c,1,-0.056028680619012096
2168,Sempachersee,temperature_mean_c,2,-0.050863710102536874
2168,Sempachersee,temperature_mean_c,3,-0.04658584058827865
2168,Sempachersee,temperature_mean_c,4,-0.04418069247585439
2168,Sempachersee,temperature_mean_c,5,-0.0438853617299579
2168,Sempachersee,temperature_mean_c,6,-0.044914868414157774
2168,Sempachersee,temperature_mean_c,7,-0.046388370913469715
2168,Sempachersee,temperature_mean_c,8,-0.047963851547043204
2168,Sempachersee,temperature_mean_c,9,-0.0499079205806533
2168,Sempachersee,temperature_mean_c,10,-0.05217313150826231
2168,Sempachersee,temperature_mean_c,11,-0.05389104829658662
2168,Sempachersee,temperature_mean_c,12,-0.055578114422279674
2168,Sempachersee,temperature_mean_c,13,-0.05733077235285131
2168,Sempachersee,temperature_mean_c,14,-0.05857088540807453
2168,Sempachersee,temperature_mean_c,15,-0.05941949632607038
2168,Sempachersee,temperature_mean_c,16,-0.05983208802405278
2168,Sempachersee,temperature_mean_c,17,-0.05986962328934411
2168,Sempachersee,temperature_mean_c,18,-0.05998335095856841
2168,Sempachersee,temperature_mean_c,19,-0.06010549570362788
2168,Sempachersee,temperature_mean_c,20,-0.06014891145116256
2168,Sempachersee,temperature_mean_c,21,-0.05995303442208294
2168,Sempachersee,temperature_mean_c,22,-0.0594449809752856
2168,Sempachersee,temperature_mean_c,23,-0.05850568761554723
2168,Sempachersee,temperature_mean_c,24,-0.05733810524831883
2168,Sempachersee,temperature_mean_c,25,-0.05657901283808852
2168,Sempachersee,temperature_mean_c,26,-0.05641751937938813
2168,Sempachersee,temperature_mean_c,27,-0.05711662826017612
2168,Sempachersee,temperature_mean_c,28,-0.05797517273787913
2168,Sempachersee,temperature_mean_c,29,-0.05891086379989617
2168,Sempachersee,temperature_mean_c,30,-0.05921717346474503
2168,Sempachersee,temperature_mean_c,31,-0.059136863729638466
2168,Sempachersee,temperature_mean_c,32,-0.05851173777063527
2168,Sempachersee,temperature_mean_c,33,-0.05818405598553335
2168,Sempachersee,temperature_mean_c,34,-0.058913643962726685
2168,Sempachersee,temperature_mean_c,35,-0.06040514327741083
2168,Sempachersee,temperature_mean_c,36,-0.0619444360036374
2168,Sempachersee,temperature_mean_c,37,-0.06326157726477713
2168,Sempachersee,temperature_mean_c,38,-0.06332912940720159
2168,Sempachersee,temperature_mean_c,39,-0.062480925588312045
2168,Sempachersee,temperature_mean_c,40,-0.06133726308651543
2168,Sempachersee,temperature_mean_c,41,-0.06016799358870706
2168,Sempachersee,temperature_mean_c,42,-0.059468576280250776
2168,Sempachersee,temperature_mean_c,43,-0.059112628969147415
2168,Sempachersee,temperature_mean_c,44,-0.05890276146650468
2168,Sempachersee,temperature_mean_c,45,-0.05858856654144467
2168,Sempachersee,temperature_mean_c,46,-0.05860197578018608
2168,Sempachersee,temperature_mean_c,47,-0.05937372792525308
2168,Sempachersee,temperature_mean_c,48,-0.06045062917725263
2168,Sempachersee,temperature_mean_c,49,-0.06062958585483982
2168,Sempachersee,temperature_mean_c,50,-0.060565886328100615
2168,Sempachersee,temperature_mean_c,51,-0.061284242735130987
2168,Sempachersee,temperature_mean_c,52,-0.06247707066639648
2168,Sempachersee,temperature_mean_c,53,-0.06319190000235964
2168,Sempachersee,temperature_mean_c,54,-0.06365105748044142
2168,Sempachersee,temperature_mean_c,55,-0.06317592390640658
2168,Sempachersee,temperature_mean_c,56,-0.06260007780710056
2168,Sempachersee,temperature_mean_c,57,-0.06223726862927789
2168,Sempachersee,temperature_mean_c,58,-0.061593342851957014
2168,Sempachersee,temperature_mean_c,59,-0.060175590020959395
2168,Sempachersee,temperature_mean_c,60,-0.05836611203788687
2168,Sempachersee,snowmelt_proxy,0,0.05858977213139021
2168,Sempachersee,snowmelt_proxy,1,0.06886818159875666
2168,Sempachersee,snowmelt_proxy,2,0.07760800852131419
2168,Sempachersee,snowmelt_proxy,3,0.08424701007241188
2168,Sempachersee,snowmelt_proxy,4,0.08827557819687862
2168,Sempachersee,snowmelt_proxy,5,0.09041961833880151
2168,Sempachersee,snowmelt_proxy,6,0.09186859941945934
2168,Sempachersee,snowmelt_proxy,7,0.09271949756550676
2168,Sempachersee,snowmelt_proxy,8,0.09248187221939658
2168,Sempachersee,snowmelt_proxy,9,0.09166186664693136
2168,Sempachersee,snowmelt_proxy,10,0.0905834329104433
2168,Sempachersee,snowmelt_proxy,11,0.08990810838373159
2168,Sempachersee,snowmelt_proxy,12,0.0890735682117593
2168,Sempachersee,snowmelt_proxy,13,0.08802674105636131
2168,Sempachersee,snowmelt_proxy,14,0.08717541575851098
2168,Sempachersee,snowmelt_proxy,15,0.08571792167226111
2168,Sempachersee,snowmelt_proxy,16,0.08479639285133092
2168,Sempachersee,snowmelt_proxy,17,0.08402847808604522
2168,Sempachersee,snowmelt_proxy,18,0.08318668128304059
2168,Sempachersee,snowmelt_proxy,19,0.08292094052527896
2168,Sempachersee,snowmelt_proxy,20,0.0823331333197354
2168,Sempachersee,snowmelt_proxy,21,0.08101414046290181
2168,Sempachersee,snowmelt_proxy,22,0.07990746936770504
2168,Sempachersee,snowmelt_proxy,23,0.07849822596635131
2168,Sempachersee,snowmelt_proxy,24,0.07711707779626883
2168,Sempachersee,snowmelt_proxy,25,0.07583018245145894
2168,Sempachersee,snowmelt_proxy,26,0.07460532975861306
2168,Sempachersee,snowmelt_proxy,27,0.07357594756076279
2168,Sempachersee,snowmelt_proxy,28,0.07299634037207813
2168,Sempachersee,snowmelt_proxy,29,0.0721193213967734
2168,Sempachersee,snowmelt_proxy,30,0.07174264284233196
2168,Sempachersee,snowmelt_proxy,31,0.07131338333392458
2168,Sempachersee,snowmelt_proxy,32,0.07225462659307436
2168,Sempachersee,snowmelt_proxy,33,0.07192009968026071
2168,Sempachersee,snowmelt_proxy,34,0.07176872053998498
2168,Sempachersee,snowmelt_proxy,35,0.07093068049947357
2168,Sempachersee,snowmelt_proxy,36,0.0690875408438878
2168,Sempachersee,snowmelt_proxy,37,0.06741878650293523
2168,Sempachersee,snowmelt_proxy,38,0.06563208770601694
2168,Sempachersee,snowmelt_proxy,39,0.0633520019960276
2168,Sempachersee,snowmelt_proxy,40,0.06105415821162239
2168,Sempachersee,snowmelt_proxy,41,0.059502467773498345
2168,Sempachersee,snowmelt_proxy,42,0.058469825149086954
2168,Sempachersee,snowmelt_proxy,43,0.05670485481154761
2168,Sempachersee,snowmelt_proxy,44,0.05571658306024471
2168,Sempachersee,snowmelt_proxy,45,0.05617901295128799
2168,Sempachersee,snowmelt_proxy,46,0.056987369835751193
2168,Sempachersee,snowmelt_proxy,47,0.058529685144558335
2168,Sempachersee,snowmelt_proxy,48,0.06037979481939749
2168,Sempachersee,snowmelt_proxy,49,0.060860196616239884
2168,Sempachersee,snowmelt_proxy,50,0.059934835765342316
2168,Sempachersee,snowmelt_proxy,51,0.0592888081391555
2168,Sempachersee,snowmelt_proxy,52,0.059363184359544775
2168,Sempachersee,snowmelt_proxy,53,0.05945267577819838
2168,Sempachersee,snowmelt_proxy,54,0.058956084814452234
2168,Sempachersee,snowmelt_proxy,55,0.05781382907821212
2168,Sempachersee,snowmelt_proxy,56,0.05676357368207539
2168,Sempachersee,snowmelt_proxy,57,0.05664049518593156
2168,Sempachersee,snowmelt_proxy,58,0.055615197174498116
2168,Sempachersee,snowmelt_proxy,59,0.05448692585423637
2168,Sempachersee,snowmelt_proxy,60,0.053256000396015274
2097,Hallwilersee,precipitation_mm,0,0.043424463093543524
2097,Hallwilersee,precipitation_mm,1,0.11724807983982861
2097,Hallwilersee,precipitation_mm,2,0.15119045825077163
2097,Hallwilersee,precipitation_mm,3,0.16357984152841004
2097,Hallwilersee,precipitation_mm,4,0.1694958463312693
2097,Hallwilersee,precipitation_mm,5,0.1695212413428083
2097,Hallwilersee,precipitation_mm,6,0.17114736598998595
2097,Hallwilersee,precipitation_mm,7,0.17321541419397293
2097,Hallwilersee,precipitation_mm,8,0.17231565087321604
2097,Hallwilersee,precipitation_mm,9,0.17359753987074047
2097,Hallwilersee,precipitation_mm,10,0.17391753003650132
2097,Hallwilersee,precipitation_mm,11,0.17495409545446297
2097,Hallwilersee,precipitation_mm,12,0.17784900857619224
2097,Hallwilersee,precipitation_mm,13,0.1756144832158569
2097,Hallwilersee,precipitation_mm,14,0.17360498009910663
2097,Hallwilersee,precipitation_mm,15,0.17016007063911603
2097,Hallwilersee,precipitation_mm,16,0.1672495039632515
2097,Hallwilersee,precipitation_mm,17,0.1614523116132529
2097,Hallwilersee,precipitation_mm,18,0.15744930689232708
2097,Hallwilersee,precipitation_mm,19,0.15368502372124893
2097,Hallwilersee,precipitation_mm,20,0.149831862154807
2097,Hallwilersee,precipitation_mm,21,0.1479203603164518
2097,Hallwilersee,precipitation_mm,22,0.14593876977543344
2097,Hallwilersee,precipitation_mm,23,0.14356160933567838
2097,Hallwilersee,precipitation_mm,24,0.14030300329529105
2097,Hallwilersee,precipitation_mm,25,0.13655298997729606
2097,Hallwilersee,precipitation_mm,26,0.1315189111676198
2097,Hallwilersee,precipitation_mm,27,0.12764479024998998
2097,Hallwilersee,precipitation_mm,28,0.12351374751416441
2097,Hallwilersee,precipitation_mm,29,0.12036356147197148
2097,Hallwilersee,precipitation_mm,30,0.11807582394884876
2097,Hallwilersee,precipitation_mm,31,0.11428611054012465
2097,Hallwilersee,precipitation_mm,32,0.10969389057370979
2097,Hallwilersee,precipitation_mm,33,0.1055673350141851
2097,Hallwilersee,precipitation_mm,34,0.10061177913343455
2097,Hallwilersee,precipitation_mm,35,0.09683049636006219
2097,Hallwilersee,precipitation_mm,36,0.09366251064660924
2097,Hallwilersee,precipitation_mm,37,0.09275205229652586
2097,Hallwilersee,precipitation_mm,38,0.09084336409486518
2097,Hallwilersee,precipitation_mm,39,0.08777240122210875
2097,Hallwilersee,precipitation_mm,40,0.08383598056176232
2097,Hallwilersee,precipitation_mm,41,0.08001878294904395
2097,Hallwilersee,precipitation_mm,42,0.07663440184174033
2097,Hallwilersee,precipitation_mm,43,0.07581956944555211
2097,Hallwilersee,precipitation_mm,44,0.0746492489135297
2097,Hallwilersee,precipitation_mm,45,0.07429330199526417
2097,Hallwilersee,precipitation_mm,46,0.07312000943548413
2097,Hallwilersee,precipitation_mm,47,0.07180975320745597
2097,Hallwilersee,precipitation_mm,48,0.07249354606095129
2097,Hallwilersee,precipitation_mm,49,0.07341125172116336
2097,Hallwilersee,precipitation_mm,50,0.07207315731943073
2097,Hallwilersee,precipitation_mm,51,0.07067895887070932
2097,Hallwilersee,precipitation_mm,52,0.06916245212620552
2097,Hallwilersee,precipitation_mm,53,0.06840901970153748
2097,Hallwilersee,precipitation_mm,54,0.06697387189085885
2097,Hallwilersee,precipitation_mm,55,0.06682810743109512
2097,Hallwilersee,precipitation_mm,56,0.06663144657678753
2097,Hallwilersee,precipitation_mm,57,0.06563277929728006
2097,Hallwilersee,precipitation_mm,58,0.06586052151579129
2097,Hallwilersee,precipitation_mm,59,0.06430213635722404
2097,Hallwilersee,precipitation_mm,60,0.06335296139540725
2097,Hallwilersee,temperature_mean_c,0,-0.08305365148643662
2097,Hallwilersee,temperature_mean_c,1,-0.07815661150012877
2097,Hallwilersee,temperature_mean_c,2,-0.06858884963550659
2097,Hallwilersee,temperature_mean_c,3,-0.06149153517470267
2097,Hallwilersee,temperature_mean_c,4,-0.05769515486939398
2097,Hallwilersee,temperature_mean_c,5,-0.05648623828252277
2097,Hallwilersee,temperature_mean_c,6,-0.05726938210619175
2097,Hallwilersee,temperature_mean_c,7,-0.059422366800382355
2097,Hallwilersee,temperature_mean_c,8,-0.06293761982115616
2097,Hallwilersee,temperature_mean_c,9,-0.06732076371300695
2097,Hallwilersee,temperature_mean_c,10,-0.07056354941053548
2097,Hallwilersee,temperature_mean_c,11,-0.07303922610262578
2097,Hallwilersee,temperature_mean_c,12,-0.07545702945285586
2097,Hallwilersee,temperature_mean_c,13,-0.07833086911670324
2097,Hallwilersee,temperature_mean_c,14,-0.08072397600540421
2097,Hallwilersee,temperature_mean_c,15,-0.0835831023101497
2097,Hallwilersee,temperature_mean_c,16,-0.08669723268582809
2097,Hallwilersee,temperature_mean_c,17,-0.08923837501965243
2097,Hallwilersee,temperature_mean_c,18,-0.09109144762097442
2097,Hallwilersee,temperature_mean_c,19,-0.09186643298045423
2097,Hallwilersee,temperature_mean_c,20,-0.09180086538750233
2097,Hallwilersee,temperature_mean_c,21,-0.09183883206500365
2097,Hallwilersee,temperature_mean_c,22,-0.09224120874412774
2097,Hallwilersee,temperature_mean_c,23,-0.09177599560612795
2097,Hallwilersee,temperature_mean_c,24,-0.0907353442146909
2097,Hallwilersee,temperature_mean_c,25,-0.08911437303161651
2097,Hallwilersee,temperature_mean_c,26,-0.08727910143766449
2097,Hallwilersee,temperature_mean_c,27,-0.08626991895509477
2097,Hallwilersee,temperature_mean_c,28,-0.08624256554285747
2097,Hallwilersee,temperature_mean_c,29,-0.08708001793396031
2097,Hallwilersee,temperature_mean_c,30,-0.08708666442846147
2097,Hallwilersee,temperature_mean_c,31,-0.08619255197425263
2097,Hallwilersee,temperature_mean_c,32,-0.08468876405863747
2097,Hallwilersee,temperature_mean_c,33,-0.08476379790422371
2097,Hallwilersee,temperature_mean_c,34,-0.08617462815995867
2097,Hallwilersee,temperature_mean_c,35,-0.0880496689334307
2097,Hallwilersee,temperature_mean_c,36,-0.08901020977451038
2097,Hallwilersee,temperature_mean_c,37,-0.08905627217977156
2097,Hallwilersee,temperature_mean_c,38,-0.08728245029182531
2097,Hallwilersee,temperature_mean_c,39,-0.0854788462516943
2097,Hallwilersee,temperature_mean_c,40,-0.08449099810899074
2097,Hallwilersee,temperature_mean_c,41,-0.08391878365801161
2097,Hallwilersee,temperature_mean_c,42,-0.08415872124719595
2097,Hallwilersee,temperature_mean_c,43,-0.0841520565432108
2097,Hallwilersee,temperature_mean_c,44,-0.0843344793284301
2097,Hallwilersee,temperature_mean_c,45,-0.08476237483486747
2097,Hallwilersee,temperature_mean_c,46,-0.08584702140706256
2097,Hallwilersee,temperature_mean_c,47,-0.08775105746476157
2097,Hallwilersee,temperature_mean_c,48,-0.08956584613342493
2097,Hallwilersee,temperature_mean_c,49,-0.09061882968904361
2097,Hallwilersee,temperature_mean_c,50,-0.09166555381855807
2097,Hallwilersee,temperature_mean_c,51,-0.09339177279106697
2097,Hallwilersee,temperature_mean_c,52,-0.09533210336186719
2097,Hallwilersee,temperature_mean_c,53,-0.09686713875039868
2097,Hallwilersee,temperature_mean_c,54,-0.09826108183834573
2097,Hallwilersee,temperature_mean_c,55,-0.0985380176322701
2097,Hallwilersee,temperature_mean_c,56,-0.09846918150846906
2097,Hallwilersee,temperature_mean_c,57,-0.09767050461364381
2097,Hallwilersee,temperature_mean_c,58,-0.09634782907516805
2097,Hallwilersee,temperature_mean_c,59,-0.09469855739916258
2097,Hallwilersee,temperature_mean_c,60,-0.09229914258139775
2097,Hallwilersee,snowmelt_proxy,0,0.038949589566871896
2097,Hallwilersee,snowmelt_proxy,1,0.05140673292753447
2097,Hallwilersee,snowmelt_proxy,2,0.06620235464923754
2097,Hallwilersee,snowmelt_proxy,3,0.0771491880427464
2097,Hallwilersee,snowmelt_proxy,4,0.08229430709359274
2097,Hallwilersee,snowmelt_proxy,5,0.08524080701706335
2097,Hallwilersee,snowmelt_proxy,6,0.08339071118552505
2097,Hallwilersee,snowmelt_proxy,7,0.08627501902769286
2097,Hallwilersee,snowmelt_proxy,8,0.08767803153594686
2097,Hallwilersee,snowmelt_proxy,9,0.09119674738808708
2097,Hallwilersee,snowmelt_proxy,10,0.08944994692769731
2097,Hallwilersee,snowmelt_proxy,11,0.08735542274723526
2097,Hallwilersee,snowmelt_proxy,12,0.0841435460488597
2097,Hallwilersee,snowmelt_proxy,13,0.08130691900292422
2097,Hallwilersee,snowmelt_proxy,14,0.08001609957275466
2097,Hallwilersee,snowmelt_proxy,15,0.07600721945529397
2097,Hallwilersee,snowmelt_proxy,16,0.07104346313935328
2097,Hallwilersee,snowmelt_proxy,17,0.06769090442380613
2097,Hallwilersee,snowmelt_proxy,18,0.06270237554706004
2097,Hallwilersee,snowmelt_proxy,19,0.05776921543888477
2097,Hallwilersee,snowmelt_proxy,20,0.05593264540394017
2097,Hallwilersee,snowmelt_proxy,21,0.053713391919144746
2097,Hallwilersee,snowmelt_proxy,22,0.04675032268054152
2097,Hallwilersee,snowmelt_proxy,23,0.04066123516976617
2097,Hallwilersee,snowmelt_proxy,24,0.03758222918546133
2097,Hallwilersee,snowmelt_proxy,25,0.033347617618822316
2097,Hallwilersee,snowmelt_proxy,26,0.03195954665425216
2097,Hallwilersee,snowmelt_proxy,27,0.031387705122431615
2097,Hallwilersee,snowmelt_proxy,28,0.030435168145750306
2097,Hallwilersee,snowmelt_proxy,29,0.02852840867829393
2097,Hallwilersee,snowmelt_proxy,30,0.02919595489410935
2097,Hallwilersee,snowmelt_proxy,31,0.02909148290202781
2097,Hallwilersee,snowmelt_proxy,32,0.030952956760946067
2097,Hallwilersee,snowmelt_proxy,33,0.03181060077050936
2097,Hallwilersee,snowmelt_proxy,34,0.029242014632587413
2097,Hallwilersee,snowmelt_proxy,35,0.01548759710391869
2097,Hallwilersee,snowmelt_proxy,36,0.013847743412962462
2097,Hallwilersee,snowmelt_proxy,37,0.011874476128959765
2097,Hallwilersee,snowmelt_proxy,38,0.009886091901264417
2097,Hallwilersee,snowmelt_proxy,39,0.0077798248134192515
2097,Hallwilersee,snowmelt_proxy,40,0.005478505766236298
2097,Hallwilersee,snowmelt_proxy,41,0.0048141274747766465
2097,Hallwilersee,snowmelt_proxy,42,0.00537311458532603
2097,Hallwilersee,snowmelt_proxy,43,0.014404194986382042
2097,Hallwilersee,snowmelt_proxy,44,0.014589736939865768
2097,Hallwilersee,snowmelt_proxy,45,0.01650206107068698
2097,Hallwilersee,snowmelt_proxy,46,0.019024619071998105
2097,Hallwilersee,snowmelt_proxy,47,0.020630102269249752
2097,Hallwilersee,snowmelt_proxy,48,0.022727636783001277
2097,Hallwilersee,snowmelt_proxy,49,0.02211659540937115
2097,Hallwilersee,snowmelt_proxy,50,0.021591625365825942
2097,Hallwilersee,snowmelt_proxy,51,0.020066410445099235
2097,Hallwilersee,snowmelt_proxy,52,0.018120652071826913
2097,Hallwilersee,snowmelt_proxy,53,0.017572034035076945
2097,Hallwilersee,snowmelt_proxy,54,0.017923853900177894
2097,Hallwilersee,snowmelt_proxy,55,0.015702292514362653
2097,Hallwilersee,snowmelt_proxy,56,0.016096070611392517
2097,Hallwilersee,snowmelt_proxy,57,0.01410263495946438
2097,Hallwilersee,snowmelt_proxy,58,0.014662508495417262
2097,Hallwilersee,snowmelt_proxy,59,0.01505520474579771
2097,Hallwilersee,snowmelt_proxy,60,0.016944418261023466
2118,Walensee,precipitation_mm,0,0.04449082355224317
2118,Walensee,precipitation_mm,1,0.14902378205461855
2118,Walensee,precipitation_mm,2,0.21200298697475123
2118,Walensee,precipitation_mm,3,0.22586362689988307
2118,Walensee,precipitation_mm,4,0.22191256288185396
2118,Walensee,precipitation_mm,5,0.2147634780663732
2118,Walensee,precipitation_mm,6,0.20447046807284375
2118,Walensee,precipitation_mm,7,0.19574524111643155
2118,Walensee,precipitation_mm,8,0.18688530842284992
2118,Walensee,precipitation_mm,9,0.17985389531017323
2118,Walensee,precipitation_mm,10,0.1736559210540626
2118,Walensee,precipitation_mm,11,0.1673967608061299
2118,Walensee,precipitation_mm,12,0.15927082803976966
2118,Walensee,precipitation_mm,13,0.14854953161476198
2118,Walensee,precipitation_mm,14,0.14168383958372585
2118,Walensee,precipitation_mm,15,0.13566551969782206
2118,Walensee,precipitation_mm,16,0.12821325199142472
2118,Walensee,precipitation_mm,17,0.12322985959763726
2118,Walensee,precipitation_mm,18,0.1182091456497428
2118,Walensee,precipitation_mm,19,0.11327433994462029
2118,Walensee,precipitation_mm,20,0.10657963715443983
2118,Walensee,precipitation_mm,21,0.10111721811709892
2118,Walensee,precipitation_mm,22,0.09812392769648763
2118,Walensee,precipitation_mm,23,0.096559708261443
2118,Walensee,precipitation_mm,24,0.0934286970968782
2118,Walensee,precipitation_mm,25,0.09024959149348233
2118,Walensee,precipitation_mm,26,0.0859822282133561
2118,Walensee,precipitation_mm,27,0.08369420054677217
2118,Walensee,precipitation_mm,28,0.08452403031829042
2118,Walensee,precipitation_mm,29,0.08411983221890104
2118,Walensee,precipitation_mm,30,0.08343861501930123
2118,Walensee,precipitation_mm,31,0.0801414313714162
2118,Walensee,precipitation_mm,32,0.07729474026005183
2118,Walensee,precipitation_mm,33,0.07280352654897539
2118,Walensee,precipitation_mm,34,0.06773324762622192
2118,Walensee,precipitation_mm,35,0.06256819323891315
2118,Walensee,precipitation_mm,36,0.05904056216911865
2118,Walensee,precipitation_mm,37,0.05975600432285402
2118,Walensee,precipitation_mm,38,0.05990623777287802
2118,Walensee,precipitation_mm,39,0.06126988411097792
2118,Walensee,precipitation_mm,40,0.06356086483083472
2118,Walensee,precipitation_mm,41,0.06193279470984446
2118,Walensee,precipitation_mm,42,0.05912795011567697
2118,Walensee,precipitation_mm,43,0.05851705141990975
2118,Walensee,precipitation_mm,44,0.05711872150443179
2118,Walensee,precipitation_mm,45,0.05562352080826201
2118,Walensee,precipitation_mm,46,0.055813297008372884
2118,Walensee,precipitation_mm,47,0.05511642488623781
2118,Walensee,precipitation_mm,48,0.052983349075035324
2118,Walensee,precipitation_mm,49,0.05023046330360329
2118,Walensee,precipitation_mm,50,0.045504148410891204
2118,Walensee,precipitation_mm,51,0.04287340364262659
2118,Walensee,precipitation_mm,52,0.04033580586408138
2118,Walensee,precipitation_mm,53,0.03839094133006015
2118,Walensee,precipitation_mm,54,0.036418397634352354
2118,Walensee,precipitation_mm,55,0.03291724457414111
2118,Walensee,precipitation_mm,56,0.031095846259299734
2118,Walensee,precipitation_mm,57,0.02928659256023925
2118,Walensee,precipitation_mm,58,0.029549292731697104
2118,Walensee,precipitation_mm,59,0.028750436564957484
2118,Walensee,precipitation_mm,60,0.02798551723972245
2118,Walensee,temperature_mean_c,0,-0.07834508283444298
2118,Walensee,temperature_mean_c,1,-0.08098151387907969
2118,Walensee,temperature_mean_c,2,-0.06346766299170038
2118,Walensee,temperature_mean_c,3,-0.045837689367158166
2118,Walensee,temperature_mean_c,4,-0.03361326776141073
2118,Walensee,temperature_mean_c,5,-0.027035492067511734
2118,Walensee,temperature_mean_c,6,-0.025372372113072823
2118,Walensee,temperature_mean_c,7,-0.027255960506887757
2118,Walensee,temperature_mean_c,8,-0.03110205307877336
2118,Walensee,temperature_mean_c,9,-0.03615935412507972
2118,Walensee,temperature_mean_c,10,-0.04141695997723514
2118,Walensee,temperature_mean_c,11,-0.045399882933240564
2118,Walensee,temperature_mean_c,12,-0.04880775191593192
2118,Walensee,temperature_mean_c,13,-0.052183167433635304
2118,Walensee,temperature_mean_c,14,-0.05492829832378612
2118,Walensee,temperature_mean_c,15,-0.05745375844755233
2118,Walensee,temperature_mean_c,16,-0.06037063234824563
2118,Walensee,temperature_mean_c,17,-0.06319485255684466
2118,Walensee,temperature_mean_c,18,-0.06577848209741942
2118,Walensee,temperature_mean_c,19,-0.06878745472647287
2118,Walensee,temperature_mean_c,20,-0.07133287085465273
2118,Walensee,temperature_mean_c,21,-0.07488109954405549
2118,Walensee,temperature_mean_c,22,-0.07951889172971903
2118,Walensee,temperature_mean_c,23,-0.08239402246847367
2118,Walensee,temperature_mean_c,24,-0.08448209114762922
2118,Walensee,temperature_mean_c,25,-0.08661987207598863
2118,Walensee,temperature_mean_c,26,-0.09093093756915882
2118,Walensee,temperature_mean_c,27,-0.09648171259619766
2118,Walensee,temperature_mean_c,28,-0.10246361264546609
2118,Walensee,temperature_mean_c,29,-0.1068202039437599
2118,Walensee,temperature_mean_c,30,-0.10866383528722953
2118,Walensee,temperature_mean_c,31,-0.10890016857608406
2118,Walensee,temperature_mean_c,32,-0.10769269038281803
2118,Walensee,temperature_mean_c,33,-0.10569688046204018
2118,Walensee,temperature_mean_c,34,-0.10401808847440552
2118,Walensee,temperature_mean_c,35,-0.10413981959163593
2118,Walensee,temperature_mean_c,36,-0.10441333608973656
2118,Walensee,temperature_mean_c,37,-0.10449328051673505
2118,Walensee,temperature_mean_c,38,-0.10366882073070503
2118,Walensee,temperature_mean_c,39,-0.10156237189217118
2118,Walensee,temperature_mean_c,40,-0.09936055050826718
2118,Walensee,temperature_mean_c,41,-0.09752929436840999
2118,Walensee,temperature_mean_c,42,-0.09594817252478464
2118,Walensee,temperature_mean_c,43,-0.09398386968438531
2118,Walensee,temperature_mean_c,44,-0.09147233484642048
2118,Walensee,temperature_mean_c,45,-0.08927501805885724
2118,Walensee,temperature_mean_c,46,-0.08573778265256767
2118,Walensee,temperature_mean_c,47,-0.08197455934273444
2118,Walensee,temperature_mean_c,48,-0.07916201760919946
2118,Walensee,temperature_mean_c,49,-0.07559917564614604
2118,Walensee,temperature_mean_c,50,-0.07245425776787673
2118,Walensee,temperature_mean_c,51,-0.07062648352995625
2118,Walensee,temperature_mean_c,52,-0.06943517433573848
2118,Walensee,temperature_mean_c,53,-0.0682385603552924
2118,Walensee,temperature_mean_c,54,-0.06619827562574139
2118,Walensee,temperature_mean_c,55,-0.06379616636429067
2118,Walensee,temperature_mean_c,56,-0.061625888560429436
2118,Walensee,temperature_mean_c,57,-0.06109941804959575
2118,Walensee,temperature_mean_c,58,-0.06087964029990238
2118,Walensee,temperature_mean_c,59,-0.06097461271958648
2118,Walensee,temperature_mean_c,60,-0.06198945633215186
2118,Walensee,snowmelt_proxy,0,0.25350091641520744
2118,Walensee,snowmelt_proxy,1,0.28491799098123255
2118,Walensee,snowmelt_proxy,2,0.3105028804670092
2118,Walensee,snowmelt_proxy,3,0.32566613526000476
2118,Walensee,snowmelt_proxy,4,0.3307150119739869
2118,Walensee,snowmelt_proxy,5,0.32997082382856957
2118,Walensee,snowmelt_proxy,6,0.32330551377907574
2118,Walensee,snowmelt_proxy,7,0.3138510371342762
2118,Walensee,snowmelt_proxy,8,0.30157194760813644
2118,Walensee,snowmelt_proxy,9,0.28581110238277135
2118,Walensee,snowmelt_proxy,10,0.26888622162653125
2118,Walensee,snowmelt_proxy,11,0.2537609279536173
2118,Walensee,snowmelt_proxy,12,0.24085007439214987
2118,Walensee,snowmelt_proxy,13,0.22836861860299998
2118,Walensee,snowmelt_proxy,14,0.21786389778926646
2118,Walensee,snowmelt_proxy,15,0.20631184987478807
2118,Walensee,snowmelt_proxy,16,0.19356849495077363
2118,Walensee,snowmelt_proxy,17,0.18034220272411916
2118,Walensee,snowmelt_proxy,18,0.16486545509918726
2118,Walensee,snowmelt_proxy,19,0.14849184016848066
2118,Walensee,snowmelt_proxy,20,0.13400959889683392
2118,Walensee,snowmelt_proxy,21,0.12075647633784713
2118,Walensee,snowmelt_proxy,22,0.10935971867054291
2118,Walensee,snowmelt_proxy,23,0.10162732087887871
2118,Walensee,snowmelt_proxy,24,0.09429017820408817
2118,Walensee,snowmelt_proxy,25,0.08545518767165639
2118,Walensee,snowmelt_proxy,26,0.07651248363298935
2118,Walensee,snowmelt_proxy,27,0.06724688362778995
2118,Walensee,snowmelt_proxy,28,0.057632373381312524
2118,Walensee,snowmelt_proxy,29,0.04975018522286022
2118,Walensee,snowmelt_proxy,30,0.045329639613954004
2118,Walensee,snowmelt_proxy,31,0.041723611502273675
2118,Walensee,snowmelt_proxy,32,0.03893257275187208
2118,Walensee,snowmelt_proxy,33,0.03689858317152678
2118,Walensee,snowmelt_proxy,34,0.03341088034123912
2118,Walensee,snowmelt_proxy,35,0.03148649700713774
2118,Walensee,snowmelt_proxy,36,0.029490771913652406
2118,Walensee,snowmelt_proxy,37,0.02452932110878055
2118,Walensee,snowmelt_proxy,38,0.019455613310819356
2118,Walensee,snowmelt_proxy,39,0.016044338206016646
2118,Walensee,snowmelt_proxy,40,0.01554949602276999
2118,Walensee,snowmelt_proxy,41,0.013659385845820795
2118,Walensee,snowmelt_proxy,42,0.01072744407705145
2118,Walensee,snowmelt_proxy,43,0.006971795770019361
2118,Walensee,snowmelt_proxy,44,0.005288422988577953
2118,Walensee,snowmelt_proxy,45,0.007453717095630043
2118,Walensee,snowmelt_proxy,46,0.010431681799874184
2118,Walensee,snowmelt_proxy,47,0.010795130467115282
2118,Walensee,snowmelt_proxy,48,0.010185204643339612
2118,Walensee,snowmelt_proxy,49,0.009091374491519963
2118,Walensee,snowmelt_proxy,50,0.0062377514049020664
2118,Walensee,snowmelt_proxy,51,0.0015443679864671077
2118,Walensee,snowmelt_proxy,52,-0.0035248602714689943
2118,Walensee,snowmelt_proxy,53,-0.007144517508571778
2118,Walensee,snowmelt_proxy,54,-0.011270450232818282
2118,Walensee,snowmelt_proxy,55,-0.01343285624698286
2118,Walensee,snowmelt_proxy,56,-0.017601721188588812
2118,Walensee,snowmelt_proxy,57,-0.02019072509207277
2118,Walensee,snowmelt_proxy,58,-0.021121052129501407
2118,Walensee,snowmelt_proxy,59,-0.02204673880217267
2118,Walensee,snowmelt_proxy,60,-0.025154898622304682
2137,Baldeggersee,precipitation_mm,0,0.037181756467815255
2137,Baldeggersee,precipitation_mm,1,0.11437177253846574
2137,Baldeggersee,precipitation_mm,2,0.16369378443313073
2137,Baldeggersee,precipitation_mm,3,0.1861232159532234
2137,Baldeggersee,precipitation_mm,4,0.19798456727803254
2137,Baldeggersee,precipitation_mm,5,0.2045355129281977
2137,Baldeggersee,precipitation_mm,6,0.20925736497231262
2137,Baldeggersee,precipitation_mm,7,0.21113300074613134
2137,Baldeggersee,precipitation_mm,8,0.21203305459637758
2137,Baldeggersee,precipitation_mm,9,0.21273179445982388
2137,Baldeggersee,precipitation_mm,10,0.21202975505703356
2137,Baldeggersee,precipitation_mm,11,0.21001695291501005
2137,Baldeggersee,precipitation_mm,12,0.2072151294567933
2137,Baldeggersee,precipitation_mm,13,0.20352278857399053
2137,Baldeggersee,precipitation_mm,14,0.20135544293668445
2137,Baldeggersee,precipitation_mm,15,0.19679332856150003
2137,Baldeggersee,precipitation_mm,16,0.1912035086386352
2137,Baldeggersee,precipitation_mm,17,0.18627996827630597
2137,Baldeggersee,precipitation_mm,18,0.18173446678741234
2137,Baldeggersee,precipitation_mm,19,0.17744447807484548
2137,Baldeggersee,precipitation_mm,20,0.1739732984019474
2137,Baldeggersee,precipitation_mm,21,0.1711431751529176
2137,Baldeggersee,precipitation_mm,22,0.16991857646197622
2137,Baldeggersee,precipitation_mm,23,0.16911725577670547
2137,Baldeggersee,precipitation_mm,24,0.16611230192269974
2137,Baldeggersee,precipitation_mm,25,0.16188500974859285
2137,Baldeggersee,precipitation_mm,26,0.15634342354188147
2137,Baldeggersee,precipitation_mm,27,0.15207030758848847
2137,Baldeggersee,precipitation_mm,28,0.1484820951158612
2137,Baldeggersee,precipitation_mm,29,0.14480697272731727
2137,Baldeggersee,precipitation_mm,30,0.14273510666530212
2137,Baldeggersee,precipitation_mm,31,0.13895715600966912
2137,Baldeggersee,precipitation_mm,32,0.13476957364150005
2137,Baldeggersee,precipitation_mm,33,0.1301302574321963
2137,Baldeggersee,precipitation_mm,34,0.12446224865748533
2137,Baldeggersee,precipitation_mm,35,0.11761468061805759
2137,Baldeggersee,precipitation_mm,36,0.11238003066331598
2137,Baldeggersee,precipitation_mm,37,0.11029046748112391
2137,Baldeggersee,precipitation_mm,38,0.10895364971935036
2137,Baldeggersee,precipitation_mm,39,0.10562475285634036
2137,Baldeggersee,precipitation_mm,40,0.10313074113533166
2137,Baldeggersee,precipitation_mm,41,0.0998781444111412
2137,Baldeggersee,precipitation_mm,42,0.0975488579958085
2137,Baldeggersee,precipitation_mm,43,0.0955401979227654
2137,Baldeggersee,precipitation_mm,44,0.09322325802597033
2137,Baldeggersee,precipitation_mm,45,0.09152394707558492
2137,Baldeggersee,precipitation_mm,46,0.09131790679498364
2137,Baldeggersee,precipitation_mm,47,0.0891760759776002
2137,Baldeggersee,precipitation_mm,48,0.08664948965672367
2137,Baldeggersee,precipitation_mm,49,0.08586096961517062
2137,Baldeggersee,precipitation_mm,50,0.08457406283488131
2137,Baldeggersee,precipitation_mm,51,0.08301180584069753
2137,Baldeggersee,precipitation_mm,52,0.08249328929209017
2137,Baldeggersee,precipitation_mm,53,0.08108104894578412
2137,Baldeggersee,precipitation_mm,54,0.07874746455696775
2137,Baldeggersee,precipitation_mm,55,0.07670379007730402
2137,Baldeggersee,precipitation_mm,56,0.07535778676663354
2137,Baldeggersee,precipitation_mm,57,0.07426336995543363
2137,Baldeggersee,precipitation_mm,58,0.0731402728652251
2137,Baldeggersee,precipitation_mm,59,0.07206195428907754
2137,Baldeggersee,precipitation_mm,60,0.07033568513359068
2137,Baldeggersee,temperature_mean_c,0,-0.07200562561931116
2137,Baldeggersee,temperature_mean_c,1,-0.07365736870915
2137,Baldeggersee,temperature_mean_c,2,-0.06866067304019541
2137,Baldeggersee,temperature_mean_c,3,-0.06292902878607677
2137,Baldeggersee,temperature_mean_c,4,-0.058865822484457174
2137,Baldeggersee,temperature_mean_c,5,-0.056984979949962114
2137,Baldeggersee,temperature_mean_c,6,-0.05742870114935619
2137,Baldeggersee,temperature_mean_c,7,-0.05936141970159247
2137,Baldeggersee,temperature_mean_c,8,-0.06279323162867995
2137,Baldeggersee,temperature_mean_c,9,-0.06650619349870837
2137,Baldeggersee,temperature_mean_c,10,-0.07005921381038638
2137,Baldeggersee,temperature_mean_c,11,-0.07234194245001097
2137,Baldeggersee,temperature_mean_c,12,-0.07458911693256558
2137,Baldeggersee,temperature_mean_c,13,-0.0770424066138576
2137,Baldeggersee,temperature_mean_c,14,-0.07926606344790606
2137,Baldeggersee,temperature_mean_c,15,-0.08069789632229855
2137,Baldeggersee,temperature_mean_c,16,-0.08242065059066855
2137,Baldeggersee,temperature_mean_c,17,-0.08328395369034618
2137,Baldeggersee,temperature_mean_c,18,-0.08369988929545805
2137,Baldeggersee,temperature_mean_c,19,-0.08341644332423355
2137,Baldeggersee,temperature_mean_c,20,-0.08330544633117026
2137,Baldeggersee,temperature_mean_c,21,-0.0830741520960604
2137,Baldeggersee,temperature_mean_c,22,-0.08256754305906727
2137,Baldeggersee,temperature_mean_c,23,-0.08054757764408396
2137,Baldeggersee,temperature_mean_c,24,-0.07758998996853181
2137,Baldeggersee,temperature_mean_c,25,-0.07510695322549157
2137,Baldeggersee,temperature_mean_c,26,-0.07375195671661773
2137,Baldeggersee,temperature_mean_c,27,-0.07339594821157662
2137,Baldeggersee,temperature_mean_c,28,-0.07364336775410528
2137,Baldeggersee,temperature_mean_c,29,-0.07419820155262942
2137,Baldeggersee,temperature_mean_c,30,-0.07374840572062537
2137,Baldeggersee,temperature_mean_c,31,-0.07271031684927197
2137,Baldeggersee,temperature_mean_c,32,-0.07179418940881119
2137,Baldeggersee,temperature_mean_c,33,-0.07111105981538544
2137,Baldeggersee,temperature_mean_c,34,-0.0720834129830639
2137,Baldeggersee,temperature_mean_c,35,-0.07369885948651136
2137,Baldeggersee,temperature_mean_c,36,-0.07511751363337624
2137,Baldeggersee,temperature_mean_c,37,-0.07591228652994401
2137,Baldeggersee,temperature_mean_c,38,-0.07502466246387653
2137,Baldeggersee,temperature_mean_c,39,-0.07286814420621496
2137,Baldeggersee,temperature_mean_c,40,-0.07064973651392943
2137,Baldeggersee,temperature_mean_c,41,-0.0682956414820776
2137,Baldeggersee,temperature_mean_c,42,-0.06749243852835748
2137,Baldeggersee,temperature_mean_c,43,-0.06706611963535108
2137,Baldeggersee,temperature_mean_c,44,-0.06624433225824959
2137,Baldeggersee,temperature_mean_c,45,-0.06580137197711403
2137,Baldeggersee,temperature_mean_c,46,-0.06578334338893488
2137,Baldeggersee,temperature_mean_c,47,-0.06614015064975542
2137,Baldeggersee,temperature_mean_c,48,-0.06761319501729016
2137,Baldeggersee,temperature_mean_c,49,-0.06848249324861355
2137,Baldeggersee,temperature_mean_c,50,-0.06894982782934134
2137,Baldeggersee,temperature_mean_c,51,-0.0700958066971935
2137,Baldeggersee,temperature_mean_c,52,-0.07143093944746216
2137,Baldeggersee,temperature_mean_c,53,-0.07246393396272129
2137,Baldeggersee,temperature_mean_c,54,-0.07273044880408194
2137,Baldeggersee,temperature_mean_c,55,-0.0720463076835147
2137,Baldeggersee,temperature_mean_c,56,-0.07045913606453603
2137,Baldeggersee,temperature_mean_c,57,-0.06895149083543234
2137,Baldeggersee,temperature_mean_c,58,-0.0666635615644757
2137,Baldeggersee,temperature_mean_c,59,-0.06363233650068717
2137,Baldeggersee,temperature_mean_c,60,-0.06056059586473229
2137,Baldeggersee,snowmelt_proxy,0,0.07030894419404363
2137,Baldeggersee,snowmelt_proxy,1,0.08823934995132644
2137,Baldeggersee,snowmelt_proxy,2,0.10253545140300764
2137,Baldeggersee,snowmelt_proxy,3,0.10953994341931944
2137,Baldeggersee,snowmelt_proxy,4,0.11487749689502069
2137,Baldeggersee,snowmelt_proxy,5,0.11223351805985438
2137,Baldeggersee,snowmelt_proxy,6,0.1130682212949667
2137,Baldeggersee,snowmelt_proxy,7,0.11913959223249593
2137,Baldeggersee,snowmelt_proxy,8,0.12041676544859829
2137,Baldeggersee,snowmelt_proxy,9,0.11717495363521889
2137,Baldeggersee,snowmelt_proxy,10,0.11461628614062531
2137,Baldeggersee,snowmelt_proxy,11,0.11198509437870076
2137,Baldeggersee,snowmelt_proxy,12,0.11254759201317345
2137,Baldeggersee,snowmelt_proxy,13,0.10865582558134873
2137,Baldeggersee,snowmelt_proxy,14,0.10462168203511195
2137,Baldeggersee,snowmelt_proxy,15,0.10053406232892424
2137,Baldeggersee,snowmelt_proxy,16,0.09724147724771715
2137,Baldeggersee,snowmelt_proxy,17,0.09355985451659922
2137,Baldeggersee,snowmelt_proxy,18,0.08738506378174773
2137,Baldeggersee,snowmelt_proxy,19,0.08519296928428267
2137,Baldeggersee,snowmelt_proxy,20,0.08421068542680504
2137,Baldeggersee,snowmelt_proxy,21,0.07733021788095767
2137,Baldeggersee,snowmelt_proxy,22,0.07245904496493194
2137,Baldeggersee,snowmelt_proxy,23,0.0701298405524231
2137,Baldeggersee,snowmelt_proxy,24,0.06728336102053903
2137,Baldeggersee,snowmelt_proxy,25,0.06823996463251358
2137,Baldeggersee,snowmelt_proxy,26,0.06657765893010617
2137,Baldeggersee,snowmelt_proxy,27,0.06606831522348028
2137,Baldeggersee,snowmelt_proxy,28,0.06913734093793784
2137,Baldeggersee,snowmelt_proxy,29,0.07075262687707995
2137,Baldeggersee,snowmelt_proxy,30,0.07039128246608349
2137,Baldeggersee,snowmelt_proxy,31,0.07114152081564708
2137,Baldeggersee,snowmelt_proxy,32,0.07295495152332664
2137,Baldeggersee,snowmelt_proxy,33,0.07361919769797601
2137,Baldeggersee,snowmelt_proxy,34,0.061453842794983275
2137,Baldeggersee,snowmelt_proxy,35,0.060293665918423965
2137,Baldeggersee,snowmelt_proxy,36,0.058188052118694586
2137,Baldeggersee,snowmelt_proxy,37,0.05639962694033235
2137,Baldeggersee,snowmelt_proxy,38,0.05480932199573081
2137,Baldeggersee,snowmelt_proxy,39,0.051845889471262556
2137,Baldeggersee,snowmelt_proxy,40,0.048465583913078286
2137,Baldeggersee,snowmelt_proxy,41,0.05707670367227595
2137,Baldeggersee,snowmelt_proxy,42,0.055796597292556586
2137,Baldeggersee,snowmelt_proxy,43,0.05388249433964682
2137,Baldeggersee,snowmelt_proxy,44,0.05320810636730599
2137,Baldeggersee,snowmelt_proxy,45,0.05433214574280804
2137,Baldeggersee,snowmelt_proxy,46,0.056388492882015986
2137,Baldeggersee,snowmelt_proxy,47,0.05922328933090051
2137,Baldeggersee,snowmelt_proxy,48,0.061974892055948715
2137,Baldeggersee,snowmelt_proxy,49,0.06297672896592135
2137,Baldeggersee,snowmelt_proxy,50,0.061566368549282914
2137,Baldeggersee,snowmelt_proxy,51,0.05882815281948222
2137,Baldeggersee,snowmelt_proxy,52,0.05691950484050723
2137,Baldeggersee,snowmelt_proxy,53,0.056611675402040804
2137,Baldeggersee,snowmelt_proxy,54,0.05329962354014874
2137,Baldeggersee,snowmelt_proxy,55,0.05256534812097095
2137,Baldeggersee,snowmelt_proxy,56,0.05061230710081123
2137,Baldeggersee,snowmelt_proxy,57,0.05239556799454216
2137,Baldeggersee,snowmelt_proxy,58,0.05302467591019433
2137,Baldeggersee,snowmelt_proxy,59,0.05341132604376821
2137,Baldeggersee,snowmelt_proxy,60,0.052436600932636135
2209,Zürichsee,precipitation_mm,0,0.11188391949866305
2209,Zürichsee,precipitation_mm,1,0.2728000381763642
2209,Zürichsee,precipitation_mm,2,0.31528370386677174
2209,Zürichsee,precipitation_mm,3,0.29442322198603654
2209,Zürichsee,precipitation_mm,4,0.25716399386334793
2209,Zürichsee,precipitation_mm,5,0.2325761585581668
2209,Zürichsee,precipitation_mm,6,0.21290286213716936
2209,Zürichsee,precipitation_mm,7,0.2012756752310173
2209,Zürichsee,precipitation_mm,8,0.19997356690979048
2209,Zürichsee,precipitation_mm,9,0.18814096779408598
2209,Zürichsee,precipitation_mm,10,0.17570944993468945
2209,Zürichsee,precipitation_mm,11,0.16462527116437758
2209,Zürichsee,precipitation_mm,12,0.15283318371827695
2209,Zürichsee,precipitation_mm,13,0.14259700255199764
2209,Zürichsee,precipitation_mm,14,0.13732149983031908
2209,Zürichsee,precipitation_mm,15,0.13545848218029233
2209,Zürichsee,precipitation_mm,16,0.13029285927199655
2209,Zürichsee,precipitation_mm,17,0.12205840032168694
2209,Zürichsee,precipitation_mm,18,0.11277242167574633
2209,Zürichsee,precipitation_mm,19,0.10620877036589549
2209,Zürichsee,precipitation_mm,20,0.09972842398653782
2209,Zürichsee,precipitation_mm,21,0.09696328436051058
2209,Zürichsee,precipitation_mm,22,0.09154528096855374
2209,Zürichsee,precipitation_mm,23,0.08775073036354611
2209,Zürichsee,precipitation_mm,24,0.08452299193603341
2209,Zürichsee,precipitation_mm,25,0.08448678726582957
2209,Zürichsee,precipitation_mm,26,0.0796170780011987
2209,Zürichsee,precipitation_mm,27,0.07880540769754864
2209,Zürichsee,precipitation_mm,28,0.08069127532661967
2209,Zürichsee,precipitation_mm,29,0.07927696514630005
2209,Zürichsee,precipitation_mm,30,0.07690881715035428
2209,Zürichsee,precipitation_mm,31,0.07176498977291482
2209,Zürichsee,precipitation_mm,32,0.06601471355739368
2209,Zürichsee,precipitation_mm,33,0.06036691150543887
2209,Zürichsee,precipitation_mm,34,0.05460594701494153
2209,Zürichsee,precipitation_mm,35,0.050434344832900914
2209,Zürichsee,precipitation_mm,36,0.049904935693064555
2209,Zürichsee,precipitation_mm,37,0.0519616059338248
2209,Zürichsee,precipitation_mm,38,0.05413864866074247
2209,Zürichsee,precipitation_mm,39,0.056163657512851205
2209,Zürichsee,precipitation_mm,40,0.05491765258500671
2209,Zürichsee,precipitation_mm,41,0.05436168099744004
2209,Zürichsee,precipitation_mm,42,0.05322805373030527
2209,Zürichsee,precipitation_mm,43,0.05734592545146633
2209,Zürichsee,precipitation_mm,44,0.053949181161052115
2209,Zürichsee,precipitation_mm,45,0.05261019599334366
2209,Zürichsee,precipitation_mm,46,0.053319215611229855
2209,Zürichsee,precipitation_mm,47,0.053025655399467214
2209,Zürichsee,precipitation_mm,48,0.04964390198640167
2209,Zürichsee,precipitation_mm,49,0.044177227545758764
2209,Zürichsee,precipitation_mm,50,0.03898448628794757
2209,Zürichsee,precipitation_mm,51,0.03729449939631904
2209,Zürichsee,precipitation_mm,52,0.03739940586051353
2209,Zürichsee,precipitation_mm,53,0.037784390116000696
2209,Zürichsee,precipitation_mm,54,0.03749989330726709
2209,Zürichsee,precipitation_mm,55,0.03379373995753206
2209,Zürichsee,precipitation_mm,56,0.0325339814639922
2209,Zürichsee,precipitation_mm,57,0.03371230405215132
2209,Zürichsee,precipitation_mm,58,0.03312816294102605
2209,Zürichsee,precipitation_mm,59,0.030431262542698057
2209,Zürichsee,precipitation_mm,60,0.026934188190773554
2209,Zürichsee,temperature_mean_c,0,-0.13313082151083547
2209,Zürichsee,temperature_mean_c,1,-0.12655715074629673
2209,Zürichsee,temperature_mean_c,2,-0.08903957523277647
2209,Zürichsee,temperature_mean_c,3,-0.056480688732145894
2209,Zürichsee,temperature_mean_c,4,-0.03698010041725776
2209,Zürichsee,temperature_mean_c,5,-0.03016019095630482
2209,Zürichsee,temperature_mean_c,6,-0.031052996333366115
2209,Zürichsee,temperature_mean_c,7,-0.03584762017920126
2209,Zürichsee,temperature_mean_c,8,-0.03954758905601708
2209,Zürichsee,temperature_mean_c,9,-0.040521139192930426
2209,Zürichsee,temperature_mean_c,10,-0.0409337369236276
2209,Zürichsee,temperature_mean_c,11,-0.039858745813524006
2209,Zürichsee,temperature_mean_c,12,-0.04093543611361213
2209,Zürichsee,temperature_mean_c,13,-0.043982391356578825
2209,Zürichsee,temperature_mean_c,14,-0.0475667814395695
2209,Zürichsee,temperature_mean_c,15,-0.050754768259972924
2209,Zürichsee,temperature_mean_c,16,-0.05001339831874756
2209,Zürichsee,temperature_mean_c,17,-0.047873039370209515
2209,Zürichsee,temperature_mean_c,18,-0.045490755899900086
2209,Zürichsee,temperature_mean_c,19,-0.04429215663171281
2209,Zürichsee,temperature_mean_c,20,-0.04457594982433959
2209,Zürichsee,temperature_mean_c,21,-0.04569842554463204
2209,Zürichsee,temperature_mean_c,22,-0.04834187947522264
2209,Zürichsee,temperature_mean_c,23,-0.05056541651228515
2209,Zürichsee,temperature_mean_c,24,-0.052149962115464125
2209,Zürichsee,temperature_mean_c,25,-0.05328774124411795
2209,Zürichsee,temperature_mean_c,26,-0.05607024225242902
2209,Zürichsee,temperature_mean_c,27,-0.060471308893920564
2209,Zürichsee,temperature_mean_c,28,-0.06343756246349724
2209,Zürichsee,temperature_mean_c,29,-0.06517044431051833
2209,Zürichsee,temperature_mean_c,30,-0.06551944685523685
2209,Zürichsee,temperature_mean_c,31,-0.06607404559086459
2209,Zürichsee,temperature_mean_c,32,-0.06756268174222477
2209,Zürichsee,temperature_mean_c,33,-0.0684031442989093
2209,Zürichsee,temperature_mean_c,34,-0.07109728856328401
2209,Zürichsee,temperature_mean_c,35,-0.07564795434748725
2209,Zürichsee,temperature_mean_c,36,-0.07771015376257893
2209,Zürichsee,temperature_mean_c,37,-0.07769137186826164
2209,Zürichsee,temperature_mean_c,38,-0.07462324485883563
2209,Zürichsee,temperature_mean_c,39,-0.07073357657365506
2209,Zürichsee,temperature_mean_c,40,-0.06794406041125907
2209,Zürichsee,temperature_mean_c,41,-0.06710518186676179
2209,Zürichsee,temperature_mean_c,42,-0.06762059161443315
2209,Zürichsee,temperature_mean_c,43,-0.06603302681383719
2209,Zürichsee,temperature_mean_c,44,-0.06383911805477124
2209,Zürichsee,temperature_mean_c,45,-0.06265630276035995
2209,Zürichsee,temperature_mean_c,46,-0.06044470865662728
2209,Zürichsee,temperature_mean_c,47,-0.05931361468371818
2209,Zürichsee,temperature_mean_c,48,-0.059084387321476396
2209,Zürichsee,temperature_mean_c,49,-0.05860665917715545
2209,Zürichsee,temperature_mean_c,50,-0.05906231716960021
2209,Zürichsee,temperature_mean_c,51,-0.060655749433037885
2209,Zürichsee,temperature_mean_c,52,-0.06056459129128458
2209,Zürichsee,temperature_mean_c,53,-0.05858066364274374
2209,Zürichsee,temperature_mean_c,54,-0.055632931667557305
2209,Zürichsee,temperature_mean_c,55,-0.05240767949653857
2209,Zürichsee,temperature_mean_c,56,-0.051593102273615674
2209,Zürichsee,temperature_mean_c,57,-0.04900469934914517
2209,Zürichsee,temperature_mean_c,58,-0.04547708520567633
2209,Zürichsee,temperature_mean_c,59,-0.04042550359848348
2209,Zürichsee,temperature_mean_c,60,-0.037756075548590874
2209,Zürichsee,snowmelt_proxy,0,0.014189341030935635
2209,Zürichsee,snowmelt_proxy,1,0.039355159745296686
2209,Zürichsee,snowmelt_proxy,2,0.06032186859302559
2209,Zürichsee,snowmelt_proxy,3,0.06891559693068319
2209,Zürichsee,snowmelt_proxy,4,0.07013412331427786
2209,Zürichsee,snowmelt_proxy,5,0.06592540197032949
2209,Zürichsee,snowmelt_proxy,6,0.05879378948583291
2209,Zürichsee,snowmelt_proxy,7,0.054848299361011287
2209,Zürichsee,snowmelt_proxy,8,0.0494093905675626
2209,Zürichsee,snowmelt_proxy,9,0.045041481513095886
2209,Zürichsee,snowmelt_proxy,10,0.043339130273726
2209,Zürichsee,snowmelt_proxy,11,0.042996524199330984
2209,Zürichsee,snowmelt_proxy,12,0.04007395980753575
2209,Zürichsee,snowmelt_proxy,13,0.0349020929631728
2209,Zürichsee,snowmelt_proxy,14,0.029114767653638154
2209,Zürichsee,snowmelt_proxy,15,0.02223907025277182
2209,Zürichsee,snowmelt_proxy,16,0.016499452655284998
2209,Zürichsee,snowmelt_proxy,17,0.01604248753189354
2209,Zürichsee,snowmelt_proxy,18,0.015563098257369028
2209,Zürichsee,snowmelt_proxy,19,0.017324071638028543
2209,Zürichsee,snowmelt_proxy,20,0.020713132474542144
2209,Zürichsee,snowmelt_proxy,21,0.021175053443031618
2209,Zürichsee,snowmelt_proxy,22,0.020627695767014613
2209,Zürichsee,snowmelt_proxy,23,0.020590422978258794
2209,Zürichsee,snowmelt_proxy,24,0.019200661436777625
2209,Zürichsee,snowmelt_proxy,25,0.017662025661090038
2209,Zürichsee,snowmelt_proxy,26,0.01700490650343918
2209,Zürichsee,snowmelt_proxy,27,0.015678498364296873
2209,Zürichsee,snowmelt_proxy,28,0.01167916203594054
2209,Zürichsee,snowmelt_proxy,29,0.008754303234787885
2209,Zürichsee,snowmelt_proxy,30,0.007272120338903952
2209,Zürichsee,snowmelt_proxy,31,0.008000843345486994
2209,Zürichsee,snowmelt_proxy,32,0.010502449572181868
2209,Zürichsee,snowmelt_proxy,33,0.013831943130485243
2209,Zürichsee,snowmelt_proxy,34,0.01732575624984345
2209,Zürichsee,snowmelt_proxy,35,0.01912298485912092
2209,Zürichsee,snowmelt_proxy,36,0.020612861262560168
2209,Zürichsee,snowmelt_proxy,37,0.02221480563627434
2209,Zürichsee,snowmelt_proxy,38,0.021802883901803467
2209,Zürichsee,snowmelt_proxy,39,0.02071063182950239
2209,Zürichsee,snowmelt_proxy,40,0.019353027783921846
2209,Zürichsee,snowmelt_proxy,41,0.016955630557702425
2209,Zürichsee,snowmelt_proxy,42,0.012650492162519528
2209,Zürichsee,snowmelt_proxy,43,0.01233155007550978
2209,Zürichsee,snowmelt_proxy,44,0.01502857927686223
2209,Zürichsee,snowmelt_proxy,45,0.019979085092658916
2209,Zürichsee,snowmelt_proxy,46,0.027239269076392146
2209,Zürichsee,snowmelt_proxy,47,0.03453241542142306
2209,Zürichsee,snowmelt_proxy,48,0.03745275261104923
2209,Zürichsee,snowmelt_proxy,49,0.03576383281442299
2209,Zürichsee,snowmelt_proxy,50,0.034454733157753485
2209,Zürichsee,snowmelt_proxy,51,0.033878088434493574
2209,Zürichsee,snowmelt_proxy,52,0.033150703844481474
2209,Zürichsee,snowmelt_proxy,53,0.029614107269498546
2209,Zürichsee,snowmelt_proxy,54,0.025833154092386585
2209,Zürichsee,snowmelt_proxy,55,0.020465768041448514
2209,Zürichsee,snowmelt_proxy,56,0.017947300580248664
2209,Zürichsee,snowmelt_proxy,57,0.02324271769736244
2209,Zürichsee,snowmelt_proxy,58,0.029157713593391185
2209,Zürichsee,snowmelt_proxy,59,0.03163145550207704
2209,Zürichsee,snowmelt_proxy,60,0.03300288771091418
2082,Greifensee,precipitation_mm,0,0.07117876162154123
2082,Greifensee,precipitation_mm,1,0.19764676733204348
2082,Greifensee,precipitation_mm,2,0.2691233711324641
2082,Greifensee,precipitation_mm,3,0.2943033742671028
2082,Greifensee,precipitation_mm,4,0.3006705338317522
2082,Greifensee,precipitation_mm,5,0.2994852718853037
2082,Greifensee,precipitation_mm,6,0.2953942111408538
2082,Greifensee,precipitation_mm,7,0.28963421856059995
2082,Greifensee,precipitation_mm,8,0.2799023714184238
2082,Greifensee,precipitation_mm,9,0.26857877934873403
2082,Greifensee,precipitation_mm,10,0.2562535287302282
2082,Greifensee,precipitation_mm,11,0.2436683989645565
2082,Greifensee,precipitation_mm,12,0.2321604483946046
2082,Greifensee,precipitation_mm,13,0.221889349297774
2082,Greifensee,precipitation_mm,14,0.21233547870706754
2082,Greifensee,precipitation_mm,15,0.20104257818142893
2082,Greifensee,precipitation_mm,16,0.18860162059357674
2082,Greifensee,precipitation_mm,17,0.17754894922078457
2082,Greifensee,precipitation_mm,18,0.16677131446876386
2082,Greifensee,precipitation_mm,19,0.15779071987588028
2082,Greifensee,precipitation_mm,20,0.14930360924377709
2082,Greifensee,precipitation_mm,21,0.14349248433530093
2082,Greifensee,precipitation_mm,22,0.13822080060581837
2082,Greifensee,precipitation_mm,23,0.13356888658001917
2082,Greifensee,precipitation_mm,24,0.12869932445765642
2082,Greifensee,precipitation_mm,25,0.12404709868028967
2082,Greifensee,precipitation_mm,26,0.11726638820891033
2082,Greifensee,precipitation_mm,27,0.11348070504830299
2082,Greifensee,precipitation_mm,28,0.10842716306873385
2082,Greifensee,precipitation_mm,29,0.10350204884799603
2082,Greifensee,precipitation_mm,30,0.10456730700548442
2082,Greifensee,precipitation_mm,31,0.10206079687321612
2082,Greifensee,precipitation_mm,32,0.09632530594573192
2082,Greifensee,precipitation_mm,33,0.08913501280153681
2082,Greifensee,precipitation_mm,34,0.08247704754990479
2082,Greifensee,precipitation_mm,35,0.07507886722794095
2082,Greifensee,precipitation_mm,36,0.06837108994802066
2082,Greifensee,precipitation_mm,37,0.06575380829157254
2082,Greifensee,precipitation_mm,38,0.06379256991540266
2082,Greifensee,precipitation_mm,39,0.06208120321448666
2082,Greifensee,precipitation_mm,40,0.06165199879992916
2082,Greifensee,precipitation_mm,41,0.0588989762579609
2082,Greifensee,precipitation_mm,42,0.055782624912799006
2082,Greifensee,precipitation_mm,43,0.0543021933297411
2082,Greifensee,precipitation_mm,44,0.05399817867732718
2082,Greifensee,precipitation_mm,45,0.05516344687532369
2082,Greifensee,precipitation_mm,46,0.05708827148811585
2082,Greifensee,precipitation_mm,47,0.05669299786040072
2082,Greifensee,precipitation_mm,48,0.05633521245524513
2082,Greifensee,precipitation_mm,49,0.05613941933827865
2082,Greifensee,precipitation_mm,50,0.053251393055225936
2082,Greifensee,precipitation_mm,51,0.05165149775947122
2082,Greifensee,precipitation_mm,52,0.05245605336201572
2082,Greifensee,precipitation_mm,53,0.052645803016484874
2082,Greifensee,precipitation_mm,54,0.050312820757632194
2082,Greifensee,precipitation_mm,55,0.05024865599751599
2082,Greifensee,precipitation_mm,56,0.04885354295443081
2082,Greifensee,precipitation_mm,57,0.04706182361566532
2082,Greifensee,precipitation_mm,58,0.044590149542712364
2082,Greifensee,precipitation_mm,59,0.0432592296431351
2082,Greifensee,precipitation_mm,60,0.040517050791466655
2082,Greifensee,temperature_mean_c,0,-0.11112037910878891
2082,Greifensee,temperature_mean_c,1,-0.11506156564907695
2082,Greifensee,temperature_mean_c,2,-0.10574941573761273
2082,Greifensee,temperature_mean_c,3,-0.0956292479594571
2082,Greifensee,temperature_mean_c,4,-0.08850214556490543
2082,Greifensee,temperature_mean_c,5,-0.08561126016741794
2082,Greifensee,temperature_mean_c,6,-0.08536023141739345
2082,Greifensee,temperature_mean_c,7,-0.08705713823185177
2082,Greifensee,temperature_mean_c,8,-0.08882270826942305
2082,Greifensee,temperature_mean_c,9,-0.09162656458567675
2082,Greifensee,temperature_mean_c,10,-0.09386447881817286
2082,Greifensee,temperature_mean_c,11,-0.0958267593873951
2082,Greifensee,temperature_mean_c,12,-0.0977924727540129
2082,Greifensee,temperature_mean_c,13,-0.09973666357464861
2082,Greifensee,temperature_mean_c,14,-0.10032560954745981
2082,Greifensee,temperature_mean_c,15,-0.10036481158053119
2082,Greifensee,temperature_mean_c,16,-0.09986414253846856
2082,Greifensee,temperature_mean_c,17,-0.09836727987213842
2082,Greifensee,temperature_mean_c,18,-0.09625840069935769
2082,Greifensee,temperature_mean_c,19,-0.09354321010848202
2082,Greifensee,temperature_mean_c,20,-0.0907245645618341
2082,Greifensee,temperature_mean_c,21,-0.08839275464120291
2082,Greifensee,temperature_mean_c,22,-0.08569919157905126
2082,Greifensee,temperature_mean_c,23,-0.08262925280947701
2082,Greifensee,temperature_mean_c,24,-0.0793783758605435
2082,Greifensee,temperature_mean_c,25,-0.07717965002163515
2082,Greifensee,temperature_mean_c,26,-0.07590442486958547
2082,Greifensee,temperature_mean_c,27,-0.07611560120282322
2082,Greifensee,temperature_mean_c,28,-0.07706591064290313
2082,Greifensee,temperature_mean_c,29,-0.07843056053374854
2082,Greifensee,temperature_mean_c,30,-0.07845788690791723
2082,Greifensee,temperature_mean_c,31,-0.07629236562260042
2082,Greifensee,temperature_mean_c,32,-0.07378694858507566
2082,Greifensee,temperature_mean_c,33,-0.0717867069631353
2082,Greifensee,temperature_mean_c,34,-0.07160018297900016
2082,Greifensee,temperature_mean_c,35,-0.07232634667749512
2082,Greifensee,temperature_mean_c,36,-0.07305789720343916
2082,Greifensee,temperature_mean_c,37,-0.07284170939212263
2082,Greifensee,temperature_mean_c,38,-0.07143750316284551
2082,Greifensee,temperature_mean_c,39,-0.06994756595030088
2082,Greifensee,temperature_mean_c,40,-0.06847950022923556
2082,Greifensee,temperature_mean_c,41,-0.06757371346399162
2082,Greifensee,temperature_mean_c,42,-0.06757999400680302
2082,Greifensee,temperature_mean_c,43,-0.06780272235234235
2082,Greifensee,temperature_mean_c,44,-0.06672985979204449
2082,Greifensee,temperature_mean_c,45,-0.06530257807425939
2082,Greifensee,temperature_mean_c,46,-0.06358274737769054
2082,Greifensee,temperature_mean_c,47,-0.06305050178278235
2082,Greifensee,temperature_mean_c,48,-0.06335849348192929
2082,Greifensee,temperature_mean_c,49,-0.06400736256262152
2082,Greifensee,temperature_mean_c,50,-0.0644889988943454
2082,Greifensee,temperature_mean_c,51,-0.06630990062771469
2082,Greifensee,temperature_mean_c,52,-0.06685165541660044
2082,Greifensee,temperature_mean_c,53,-0.06679083874709063
2082,Greifensee,temperature_mean_c,54,-0.06689527590971166
2082,Greifensee,temperature_mean_c,55,-0.06657821117506363
2082,Greifensee,temperature_mean_c,56,-0.06515988894326993
2082,Greifensee,temperature_mean_c,57,-0.06323474901428547
2082,Greifensee,temperature_mean_c,58,-0.06167678838632145
2082,Greifensee,temperature_mean_c,59,-0.05888308963241532
2082,Greifensee,temperature_mean_c,60,-0.05621777490859994
2082,Greifensee,snowmelt_proxy,0,0.07889983599313825
2082,Greifensee,snowmelt_proxy,1,0.10138589432927986
2082,Greifensee,snowmelt_proxy,2,0.11910921351094766
2082,Greifensee,snowmelt_proxy,3,0.12947458728367764
2082,Greifensee,snowmelt_proxy,4,0.13357286448254618
2082,Greifensee,snowmelt_proxy,5,0.13080123068260593
2082,Greifensee,snowmelt_proxy,6,0.12519275911039268
2082,Greifensee,snowmelt_proxy,7,0.11898083707520467
2082,Greifensee,snowmelt_proxy,8,0.1125478407874191
2082,Greifensee,snowmelt_proxy,9,0.10633931421394906
2082,Greifensee,snowmelt_proxy,10,0.10034183738237207
2082,Greifensee,snowmelt_proxy,11,0.09468716593937636
2082,Greifensee,snowmelt_proxy,12,0.08782228923605122
2082,Greifensee,snowmelt_proxy,13,0.08068772085258615
2082,Greifensee,snowmelt_proxy,14,0.07411592097743311
2082,Greifensee,snowmelt_proxy,15,0.06757941650476823
2082,Greifensee,snowmelt_proxy,16,0.061606149305252704
2082,Greifensee,snowmelt_proxy,17,0.05738719556993537
2082,Greifensee,snowmelt_proxy,18,0.053697456185206466
2082,Greifensee,snowmelt_proxy,19,0.05108011200202848
2082,Greifensee,snowmelt_proxy,20,0.04879685545094415
2082,Greifensee,snowmelt_proxy,21,0.04574134128679298
2082,Greifensee,snowmelt_proxy,22,0.0432342251726583
2082,Greifensee,snowmelt_proxy,23,0.0406894813766935
2082,Greifensee,snowmelt_proxy,24,0.03819580765461486
2082,Greifensee,snowmelt_proxy,25,0.03619155942519992
2082,Greifensee,snowmelt_proxy,26,0.03508432275271192
2082,Greifensee,snowmelt_proxy,27,0.03337315433817039
2082,Greifensee,snowmelt_proxy,28,0.031100919883128755
2082,Greifensee,snowmelt_proxy,29,0.026858578829653364
2082,Greifensee,snowmelt_proxy,30,0.022801053408574124
2082,Greifensee,snowmelt_proxy,31,0.020194269460611692
2082,Greifensee,snowmelt_proxy,32,0.01934585320309468
2082,Greifensee,snowmelt_proxy,33,0.019149601499484907
2082,Greifensee,snowmelt_proxy,34,0.01982181819964775
2082,Greifensee,snowmelt_proxy,35,0.019659738689407662
2082,Greifensee,snowmelt_proxy,36,0.018723722311461768
2082,Greifensee,snowmelt_proxy,37,0.018294230678943015
2082,Greifensee,snowmelt_proxy,38,0.016442299547136975
2082,Greifensee,snowmelt_proxy,39,0.013827884033287318
2082,Greifensee,snowmelt_proxy,40,0.012158207463910494
2082,Greifensee,snowmelt_proxy,41,0.011835589323983663
2082,Greifensee,snowmelt_proxy,42,0.012298445328778022
2082,Greifensee,snowmelt_proxy,43,0.012913493925295156
2082,Greifensee,snowmelt_proxy,44,0.014463757158910176
2082,Greifensee,snowmelt_proxy,45,0.018298043142231428
2082,Greifensee,snowmelt_proxy,46,0.024125609629962914
2082,Greifensee,snowmelt_proxy,47,0.029775054462566578
2082,Greifensee,snowmelt_proxy,48,0.03475588081050815
2082,Greifensee,snowmelt_proxy,49,0.03707071090162729
2082,Greifensee,snowmelt_proxy,50,0.03668170947895056
2082,Greifensee,snowmelt_proxy,51,0.037404715218693534
2082,Greifensee,snowmelt_proxy,52,0.037649328730559234
2082,Greifensee,snowmelt_proxy,53,0.03719925632043567
2082,Greifensee,snowmelt_proxy,54,0.0364171410603796
2082,Greifensee,snowmelt_proxy,55,0.03716608677592863
2082,Greifensee,snowmelt_proxy,56,0.03833626865019717
2082,Greifensee,snowmelt_proxy,57,0.04052627553341498
2082,Greifensee,snowmelt_proxy,58,0.041574666865941655
2082,Greifensee,snowmelt_proxy,59,0.041501833606317706
2082,Greifensee,snowmelt_proxy,60,0.04164034960146708
2073,Silvaplanersee,precipitation_mm,0,0.06019755378866556
2073,Silvaplanersee,precipitation_mm,1,0.11811959970887431
2073,Silvaplanersee,precipitation_mm,2,0.12238086942320804
2073,Silvaplanersee,precipitation_mm,3,0.10502352624665087
2073,Silvaplanersee,precipitation_mm,4,0.09512278107232962
2073,Silvaplanersee,precipitation_mm,5,0.08304744075316979
2073,Silvaplanersee,precipitation_mm,6,0.07083724862834821
2073,Silvaplanersee,precipitation_mm,7,0.06090263372218687
2073,Silvaplanersee,precipitation_mm,8,0.05102104841173599
2073,Silvaplanersee,precipitation_mm,9,0.0461099357334152
2073,Silvaplanersee,precipitation_mm,10,0.04084627335875682
2073,Silvaplanersee,precipitation_mm,11,0.03827353548039765
2073,Silvaplanersee,precipitation_mm,12,0.03474742254226866
2073,Silvaplanersee,precipitation_mm,13,0.033029789208247985
2073,Silvaplanersee,precipitation_mm,14,0.03183647781806977
2073,Silvaplanersee,precipitation_mm,15,0.03195725168624985
2073,Silvaplanersee,precipitation_mm,16,0.030579670796595557
2073,Silvaplanersee,precipitation_mm,17,0.03099652528020232
2073,Silvaplanersee,precipitation_mm,18,0.030622118418045415
2073,Silvaplanersee,precipitation_mm,19,0.03118755746342005
2073,Silvaplanersee,precipitation_mm,20,0.028656065915620896
2073,Silvaplanersee,precipitation_mm,21,0.026354376819166962
2073,Silvaplanersee,precipitation_mm,22,0.024736390654259408
2073,Silvaplanersee,precipitation_mm,23,0.025111340111783172
2073,Silvaplanersee,precipitation_mm,24,0.022516572804466124
2073,Silvaplanersee,precipitation_mm,25,0.022653514714788926
2073,Silvaplanersee,precipitation_mm,26,0.02109464222965064
2073,Silvaplanersee,precipitation_mm,27,0.016802809880707478
2073,Silvaplanersee,precipitation_mm,28,0.013448037544450772
2073,Silvaplanersee,precipitation_mm,29,0.009010042623445085
2073,Silvaplanersee,precipitation_mm,30,0.003134656425650074
2073,Silvaplanersee,precipitation_mm,31,-0.0013550120386620836
2073,Silvaplanersee,precipitation_mm,32,-0.0023248440193440233
2073,Silvaplanersee,precipitation_mm,33,-0.0005540428397232663
2073,Silvaplanersee,precipitation_mm,34,0.0058563704735834395
2073,Silvaplanersee,precipitation_mm,35,0.011239987144956512
2073,Silvaplanersee,precipitation_mm,36,0.01662838566571937
2073,Silvaplanersee,precipitation_mm,37,0.0164965531012317
2073,Silvaplanersee,precipitation_mm,38,0.01378442009920683
2073,Silvaplanersee,precipitation_mm,39,0.011490080577694945
2073,Silvaplanersee,precipitation_mm,40,0.01050734879359846
2073,Silvaplanersee,precipitation_mm,41,0.010499447007418384
2073,Silvaplanersee,precipitation_mm,42,0.010393397626708696
2073,Silvaplanersee,precipitation_mm,43,0.008610315009827892
2073,Silvaplanersee,precipitation_mm,44,0.007380076909575028
2073,Silvaplanersee,precipitation_mm,45,0.009226046164506084
2073,Silvaplanersee,precipitation_mm,46,0.007525611547210848
2073,Silvaplanersee,precipitation_mm,47,0.009947661065512654
2073,Silvaplanersee,precipitation_mm,48,0.010215207989005966
2073,Silvaplanersee,precipitation_mm,49,0.010801389175712701
2073,Silvaplanersee,precipitation_mm,50,0.009230096729847856
2073,Silvaplanersee,precipitation_mm,51,0.0070746269224443445
2073,Silvaplanersee,precipitation_mm,52,0.007373203954174895
2073,Silvaplanersee,precipitation_mm,53,0.007645555686837186
2073,Silvaplanersee,precipitation_mm,54,0.007296471247384331
2073,Silvaplanersee,precipitation_mm,55,0.010536518597199342
2073,Silvaplanersee,precipitation_mm,56,0.012417680346529068
2073,Silvaplanersee,precipitation_mm,57,0.013083891674497212
2073,Silvaplanersee,precipitation_mm,58,0.015848878072433376
2073,Silvaplanersee,precipitation_mm,59,0.015062248860212442
2073,Silvaplanersee,precipitation_mm,60,0.011126833674217452
2073,Silvaplanersee,temperature_mean_c,0,0.11870101743255768
2073,Silvaplanersee,temperature_mean_c,1,0.14858642035318403
2073,Silvaplanersee,temperature_mean_c,2,0.17356896110074632
2073,Silvaplanersee,temperature_mean_c,3,0.1864062197283318
2073,Silvaplanersee,temperature_mean_c,4,0.18994852586209368
2073,Silvaplanersee,temperature_mean_c,5,0.18625184683327417
2073,Silvaplanersee,temperature_mean_c,6,0.17807977110183043
2073,Silvaplanersee,temperature_mean_c,7,0.16783058383765403
2073,Silvaplanersee,temperature_mean_c,8,0.15754442417635237
2073,Silvaplanersee,temperature_mean_c,9,0.14719450823984265
2073,Silvaplanersee,temperature_mean_c,10,0.13625709907084776
2073,Silvaplanersee,temperature_mean_c,11,0.12628979053105738
2073,Silvaplanersee,temperature_mean_c,12,0.11783045617582656
2073,Silvaplanersee,temperature_mean_c,13,0.11155459607975075
2073,Silvaplanersee,temperature_mean_c,14,0.10721832340681334
2073,Silvaplanersee,temperature_mean_c,15,0.10331093429468005
2073,Silvaplanersee,temperature_mean_c,16,0.09946164398015474
2073,Silvaplanersee,temperature_mean_c,17,0.09939945708648466
2073,Silvaplanersee,temperature_mean_c,18,0.0999708079783336
2073,Silvaplanersee,temperature_mean_c,19,0.10038944118284512
2073,Silvaplanersee,temperature_mean_c,20,0.09889869894744985
2073,Silvaplanersee,temperature_mean_c,21,0.09642153138516689
2073,Silvaplanersee,temperature_mean_c,22,0.09306135557070917
2073,Silvaplanersee,temperature_mean_c,23,0.08807692509965279
2073,Silvaplanersee,temperature_mean_c,24,0.08211493443934269
2073,Silvaplanersee,temperature_mean_c,25,0.07628562182814332
2073,Silvaplanersee,temperature_mean_c,26,0.07165868148280281
2073,Silvaplanersee,temperature_mean_c,27,0.06673224358896392
2073,Silvaplanersee,temperature_mean_c,28,0.06346449245690698
2073,Silvaplanersee,temperature_mean_c,29,0.060994474977911606
2073,Silvaplanersee,temperature_mean_c,30,0.0577304195140112
2073,Silvaplanersee,temperature_mean_c,31,0.05306780517803607
2073,Silvaplanersee,temperature_mean_c,32,0.049316916278967636
2073,Silvaplanersee,temperature_mean_c,33,0.04564437874093383
2073,Silvaplanersee,temperature_mean_c,34,0.04222361865015203
2073,Silvaplanersee,temperature_mean_c,35,0.039735532637008825
2073,Silvaplanersee,temperature_mean_c,36,0.040348333523371194
2073,Silvaplanersee,temperature_mean_c,37,0.04134286634327589
2073,Silvaplanersee,temperature_mean_c,38,0.040840042938070906
2073,Silvaplanersee,temperature_mean_c,39,0.03988906066507059
2073,Silvaplanersee,temperature_mean_c,40,0.03793303397876551
2073,Silvaplanersee,temperature_mean_c,41,0.03749278909923516
2073,Silvaplanersee,temperature_mean_c,42,0.038254128673401076
2073,Silvaplanersee,temperature_mean_c,43,0.038622217859385334
2073,Silvaplanersee,temperature_mean_c,44,0.03743616982520414
2073,Silvaplanersee,temperature_mean_c,45,0.03475839640610584
2073,Silvaplanersee,temperature_mean_c,46,0.030153556517863424
2073,Silvaplanersee,temperature_mean_c,47,0.026399127834547932
2073,Silvaplanersee,temperature_mean_c,48,0.02353725980767408
2073,Silvaplanersee,temperature_mean_c,49,0.023723748952015525
2073,Silvaplanersee,temperature_mean_c,50,0.0238976085576135
2073,Silvaplanersee,temperature_mean_c,51,0.02408889111669115
2073,Silvaplanersee,temperature_mean_c,52,0.025153366529611275
2073,Silvaplanersee,temperature_mean_c,53,0.027604884177499792
2073,Silvaplanersee,temperature_mean_c,54,0.029743829170546687
2073,Silvaplanersee,temperature_mean_c,55,0.033830493076748895
2073,Silvaplanersee,temperature_mean_c,56,0.03881313013783882
2073,Silvaplanersee,temperature_mean_c,57,0.04329960436093345
2073,Silvaplanersee,temperature_mean_c,58,0.0484815445540645
2073,Silvaplanersee,temperature_mean_c,59,0.050803673993602645
2073,Silvaplanersee,temperature_mean_c,60,0.052155445634747305
2073,Silvaplanersee,snowmelt_proxy,0,0.1974567178225475
2073,Silvaplanersee,snowmelt_proxy,1,0.22236427676210518
2073,Silvaplanersee,snowmelt_proxy,2,0.23374552422276776
2073,Silvaplanersee,snowmelt_proxy,3,0.2352192591153851
2073,Silvaplanersee,snowmelt_proxy,4,0.23125971404667686
2073,Silvaplanersee,snowmelt_proxy,5,0.224621363449193
2073,Silvaplanersee,snowmelt_proxy,6,0.21793844531988477
2073,Silvaplanersee,snowmelt_proxy,7,0.20792798067524423
2073,Silvaplanersee,snowmelt_proxy,8,0.195261093471748
2073,Silvaplanersee,snowmelt_proxy,9,0.18164006920889667
2073,Silvaplanersee,snowmelt_proxy,10,0.17003366784317325
2073,Silvaplanersee,snowmelt_proxy,11,0.15885481563585171
2073,Silvaplanersee,snowmelt_proxy,12,0.14946284789633296
2073,Silvaplanersee,snowmelt_proxy,13,0.14108877751967816
2073,Silvaplanersee,snowmelt_proxy,14,0.1349447509541303
2073,Silvaplanersee,snowmelt_proxy,15,0.12974062664762162
2073,Silvaplanersee,snowmelt_proxy,16,0.12251623108404339
2073,Silvaplanersee,snowmelt_proxy,17,0.11615836252369478
2073,Silvaplanersee,snowmelt_proxy,18,0.11301259754152229
2073,Silvaplanersee,snowmelt_proxy,19,0.11059052362393094
2073,Silvaplanersee,snowmelt_proxy,20,0.10600528883440241
2073,Silvaplanersee,snowmelt_proxy,21,0.10053810937503352
2073,Silvaplanersee,snowmelt_proxy,22,0.0960750159688864
2073,Silvaplanersee,snowmelt_proxy,23,0.09221016699263312
2073,Silvaplanersee,snowmelt_proxy,24,0.08669434768600653
2073,Silvaplanersee,snowmelt_proxy,25,0.0807215853844742
2073,Silvaplanersee,snowmelt_proxy,26,0.07618553226774147
2073,Silvaplanersee,snowmelt_proxy,27,0.07431945561331038
2073,Silvaplanersee,snowmelt_proxy,28,0.07507328927976577
2073,Silvaplanersee,snowmelt_proxy,29,0.07496463685492603
2073,Silvaplanersee,snowmelt_proxy,30,0.07272090962693227
2073,Silvaplanersee,snowmelt_proxy,31,0.06673878541160806
2073,Silvaplanersee,snowmelt_proxy,32,0.058584723606452366
2073,Silvaplanersee,snowmelt_proxy,33,0.05202030378624686
2073,Silvaplanersee,snowmelt_proxy,34,0.05032619956922381
2073,Silvaplanersee,snowmelt_proxy,35,0.051929139269596934
2073,Silvaplanersee,snowmelt_proxy,36,0.0537279237866755
2073,Silvaplanersee,snowmelt_proxy,37,0.05335505473385851
2073,Silvaplanersee,snowmelt_proxy,38,0.05111468760229452
2073,Silvaplanersee,snowmelt_proxy,39,0.04716724299907101
2073,Silvaplanersee,snowmelt_proxy,40,0.04086706591848278
2073,Silvaplanersee,snowmelt_proxy,41,0.03734914466945073
2073,Silvaplanersee,snowmelt_proxy,42,0.03416538325583682
2073,Silvaplanersee,snowmelt_proxy,43,0.03382360390154612
2073,Silvaplanersee,snowmelt_proxy,44,0.03347246104410061
2073,Silvaplanersee,snowmelt_proxy,45,0.032727599195968037
2073,Silvaplanersee,snowmelt_proxy,46,0.03379043594179569
2073,Silvaplanersee,snowmelt_proxy,47,0.033273218148705534
2073,Silvaplanersee,snowmelt_proxy,48,0.03290380588148093
2073,Silvaplanersee,snowmelt_proxy,49,0.03326395652169976
2073,Silvaplanersee,snowmelt_proxy,50,0.031926259206126725
2073,Silvaplanersee,snowmelt_proxy,51,0.030010506385618006
2073,Silvaplanersee,snowmelt_proxy,52,0.0273063222822564
2073,Silvaplanersee,snowmelt_proxy,53,0.025446052026733144
2073,Silvaplanersee,snowmelt_proxy,54,0.025093994421268258
2073,Silvaplanersee,snowmelt_proxy,55,0.027047916451180515
2073,Silvaplanersee,snowmelt_proxy,56,0.027786714076111784
2073,Silvaplanersee,snowmelt_proxy,57,0.02529243244169296
2073,Silvaplanersee,snowmelt_proxy,58,0.023319842523744437
2073,Silvaplanersee,snowmelt_proxy,59,0.020671659637907812
2073,Silvaplanersee,snowmelt_proxy,60,0.01704594441209104
2007,Lac_de_Joux,precipitation_mm,0,0.04637553857446748
2007,Lac_de_Joux,precipitation_mm,1,0.08321271032102255
2007,Lac_de_Joux,precipitation_mm,2,0.11587319493253924
2007,Lac_de_Joux,precipitation_mm,3,0.13683909245153192
2007,Lac_de_Joux,precipitation_mm,4,0.1502040039108653
2007,Lac_de_Joux,precipitation_mm,5,0.1591484848831461
2007,Lac_de_Joux,precipitation_mm,6,0.16617143615429028
2007,Lac_de_Joux,precipitation_mm,7,0.16858111335054007
2007,Lac_de_Joux,precipitation_mm,8,0.16862091822229236
2007,Lac_de_Joux,precipitation_mm,9,0.16851139127202402
2007,Lac_de_Joux,precipitation_mm,10,0.16764493574601722
2007,Lac_de_Joux,precipitation_mm,11,0.1655117318873718
2007,Lac_de_Joux,precipitation_mm,12,0.1641942144372074
2007,Lac_de_Joux,precipitation_mm,13,0.1621230023824614
2007,Lac_de_Joux,precipitation_mm,14,0.16050297864624963
2007,Lac_de_Joux,precipitation_mm,15,0.1579569344074166
2007,Lac_de_Joux,precipitation_mm,16,0.1556215764071783
2007,Lac_de_Joux,precipitation_mm,17,0.15301053918016153
2007,Lac_de_Joux,precipitation_mm,18,0.1510082072302008
2007,Lac_de_Joux,precipitation_mm,19,0.14737960924912993
2007,Lac_de_Joux,precipitation_mm,20,0.1446147407464163
2007,Lac_de_Joux,precipitation_mm,21,0.14222496608672155
2007,Lac_de_Joux,precipitation_mm,22,0.1406028190400054
2007,Lac_de_Joux,precipitation_mm,23,0.1384368917192938
2007,Lac_de_Joux,precipitation_mm,24,0.1370333148001458
2007,Lac_de_Joux,precipitation_mm,25,0.1351561227835318
2007,Lac_de_Joux,precipitation_mm,26,0.13248666258512784
2007,Lac_de_Joux,precipitation_mm,27,0.13024707035248304
2007,Lac_de_Joux,precipitation_mm,28,0.12778691593978228
2007,Lac_de_Joux,precipitation_mm,29,0.12553235044453948
2007,Lac_de_Joux,precipitation_mm,30,0.1232760756618733
2007,Lac_de_Joux,precipitation_mm,31,0.12096737295517754
2007,Lac_de_Joux,precipitation_mm,32,0.11792637675024442
2007,Lac_de_Joux,precipitation_mm,33,0.11508994146356165
2007,Lac_de_Joux,precipitation_mm,34,0.1122817185603827
2007,Lac_de_Joux,precipitation_mm,35,0.10778355654850842
2007,Lac_de_Joux,precipitation_mm,36,0.10247964892017039
2007,Lac_de_Joux,precipitation_mm,37,0.09894040274208799
2007,Lac_de_Joux,precipitation_mm,38,0.09567348643169372
2007,Lac_de_Joux,precipitation_mm,39,0.09208678309333691
2007,Lac_de_Joux,precipitation_mm,40,0.08885243120055544
2007,Lac_de_Joux,precipitation_mm,41,0.08503647203281545
2007,Lac_de_Joux,precipitation_mm,42,0.08239909521428346
2007,Lac_de_Joux,precipitation_mm,43,0.08019008222125855
2007,Lac_de_Joux,precipitation_mm,44,0.07895569052722705
2007,Lac_de_Joux,precipitation_mm,45,0.07733016579004648
2007,Lac_de_Joux,precipitation_mm,46,0.07610674868462705
2007,Lac_de_Joux,precipitation_mm,47,0.07420157388386119
2007,Lac_de_Joux,precipitation_mm,48,0.07243891072403612
2007,Lac_de_Joux,precipitation_mm,49,0.07017325080141096
2007,Lac_de_Joux,precipitation_mm,50,0.06856330926268878
2007,Lac_de_Joux,precipitation_mm,51,0.0670990158231985
2007,Lac_de_Joux,precipitation_mm,52,0.06527463554424077
2007,Lac_de_Joux,precipitation_mm,53,0.06304654988371974
2007,Lac_de_Joux,precipitation_mm,54,0.060636351237943704
2007,Lac_de_Joux,precipitation_mm,55,0.05832431585804615
2007,Lac_de_Joux,precipitation_mm,56,0.055763695786442795
2007,Lac_de_Joux,precipitation_mm,57,0.05439003954599507
2007,Lac_de_Joux,precipitation_mm,58,0.05322645625726225
2007,Lac_de_Joux,precipitation_mm,59,0.05131813139667705
2007,Lac_de_Joux,precipitation_mm,60,0.049838380347243666
2007,Lac_de_Joux,temperature_mean_c,0,0.006300720701580005
2007,Lac_de_Joux,temperature_mean_c,1,0.014451954665417531
2007,Lac_de_Joux,temperature_mean_c,2,0.025173933699578363
2007,Lac_de_Joux,temperature_mean_c,3,0.03443587096396382
2007,Lac_de_Joux,temperature_mean_c,4,0.04199927716663979
2007,Lac_de_Joux,temperature_mean_c,5,0.047537577843028575
2007,Lac_de_Joux,temperature_mean_c,6,0.05171549343006467
2007,Lac_de_Joux,temperature_mean_c,7,0.05412891015250761
2007,Lac_de_Joux,temperature_mean_c,8,0.05546572306366134
2007,Lac_de_Joux,temperature_mean_c,9,0.05502927697838222
2007,Lac_de_Joux,temperature_mean_c,10,0.053610244120021626
2007,Lac_de_Joux,temperature_mean_c,11,0.051679924248776564
2007,Lac_de_Joux,temperature_mean_c,12,0.04973377469687773
2007,Lac_de_Joux,temperature_mean_c,13,0.04798334231910388
2007,Lac_de_Joux,temperature_mean_c,14,0.0460716076221137
2007,Lac_de_Joux,temperature_mean_c,15,0.043374110100193576
2007,Lac_de_Joux,temperature_mean_c,16,0.04102965441439096
2007,Lac_de_Joux,temperature_mean_c,17,0.038888624869669985
2007,Lac_de_Joux,temperature_mean_c,18,0.0372528741623538
2007,Lac_de_Joux,temperature_mean_c,19,0.03542832035921707
2007,Lac_de_Joux,temperature_mean_c,20,0.03328531926124843
2007,Lac_de_Joux,temperature_mean_c,21,0.03122430624676019
2007,Lac_de_Joux,temperature_mean_c,22,0.029678923464022122
2007,Lac_de_Joux,temperature_mean_c,23,0.028919745724496865
2007,Lac_de_Joux,temperature_mean_c,24,0.0292335175747418
2007,Lac_de_Joux,temperature_mean_c,25,0.029463671400818615
2007,Lac_de_Joux,temperature_mean_c,26,0.029420896803318237
2007,Lac_de_Joux,temperature_mean_c,27,0.029455212184219093
2007,Lac_de_Joux,temperature_mean_c,28,0.029060349294834104
2007,Lac_de_Joux,temperature_mean_c,29,0.027600647144297673
2007,Lac_de_Joux,temperature_mean_c,30,0.02581153128741749
2007,Lac_de_Joux,temperature_mean_c,31,0.02329842895216177
2007,Lac_de_Joux,temperature_mean_c,32,0.02074766546121573
2007,Lac_de_Joux,temperature_mean_c,33,0.018734977282030132
2007,Lac_de_Joux,temperature_mean_c,34,0.017295389983775396
2007,Lac_de_Joux,temperature_mean_c,35,0.01584836422458688
2007,Lac_de_Joux,temperature_mean_c,36,0.01445078073089373
2007,Lac_de_Joux,temperature_mean_c,37,0.013570036190671767
2007,Lac_de_Joux,temperature_mean_c,38,0.012911672853072594
2007,Lac_de_Joux,temperature_mean_c,39,0.013397276396341477
2007,Lac_de_Joux,temperature_mean_c,40,0.014438231251320783
2007,Lac_de_Joux,temperature_mean_c,41,0.014844910128151294
2007,Lac_de_Joux,temperature_mean_c,42,0.014632743564473562
2007,Lac_de_Joux,temperature_mean_c,43,0.013515667232152802
2007,Lac_de_Joux,temperature_mean_c,44,0.011368674721155266
2007,Lac_de_Joux,temperature_mean_c,45,0.007937151648956467
2007,Lac_de_Joux,temperature_mean_c,46,0.005102203748999268
2007,Lac_de_Joux,temperature_mean_c,47,0.002831240027635529
2007,Lac_de_Joux,temperature_mean_c,48,0.0010020164402401097
2007,Lac_de_Joux,temperature_mean_c,49,-0.0005396791807890259
2007,Lac_de_Joux,temperature_mean_c,50,-0.0015776406942797413
2007,Lac_de_Joux,temperature_mean_c,51,-0.0025016348909727795
2007,Lac_de_Joux,temperature_mean_c,52,-0.0035839377454937723
2007,Lac_de_Joux,temperature_mean_c,53,-0.005546523786197429
2007,Lac_de_Joux,temperature_mean_c,54,-0.007310604836571585
2007,Lac_de_Joux,temperature_mean_c,55,-0.009281004407192003
2007,Lac_de_Joux,temperature_mean_c,56,-0.01064102071009132
2007,Lac_de_Joux,temperature_mean_c,57,-0.011558454129253373
2007,Lac_de_Joux,temperature_mean_c,58,-0.012355323334816969
2007,Lac_de_Joux,temperature_mean_c,59,-0.01303779032246082
2007,Lac_de_Joux,temperature_mean_c,60,-0.013511419935691599
2007,Lac_de_Joux,snowmelt_proxy,0,0.0650913119354361
2007,Lac_de_Joux,snowmelt_proxy,1,0.08295306453484608
2007,Lac_de_Joux,snowmelt_proxy,2,0.10000949447372419
2007,Lac_de_Joux,snowmelt_proxy,3,0.1122802602422755
2007,Lac_de_Joux,snowmelt_proxy,4,0.12261094104576213
2007,Lac_de_Joux,snowmelt_proxy,5,0.132410857657428
2007,Lac_de_Joux,snowmelt_proxy,6,0.13970583365841233
2007,Lac_de_Joux,snowmelt_proxy,7,0.14422419106990314
2007,Lac_de_Joux,snowmelt_proxy,8,0.14644714266999967
2007,Lac_de_Joux,snowmelt_proxy,9,0.14748945726155882
2007,Lac_de_Joux,snowmelt_proxy,10,0.14835650952942675
2007,Lac_de_Joux,snowmelt_proxy,11,0.14917109224984068
2007,Lac_de_Joux,snowmelt_proxy,12,0.1481146404973739
2007,Lac_de_Joux,snowmelt_proxy,13,0.14619137291918594
2007,Lac_de_Joux,snowmelt_proxy,14,0.1436306458459017
2007,Lac_de_Joux,snowmelt_proxy,15,0.14085827210223464
2007,Lac_de_Joux,snowmelt_proxy,16,0.13987952713313045
2007,Lac_de_Joux,snowmelt_proxy,17,0.13782087996994327
2007,Lac_de_Joux,snowmelt_proxy,18,0.13568908732240534
2007,Lac_de_Joux,snowmelt_proxy,19,0.13345164996544712
2007,Lac_de_Joux,snowmelt_proxy,20,0.13145352688419348
2007,Lac_de_Joux,snowmelt_proxy,21,0.12992075792983027
2007,Lac_de_Joux,snowmelt_proxy,22,0.12872927503206877
2007,Lac_de_Joux,snowmelt_proxy,23,0.12863656853767597
2007,Lac_de_Joux,snowmelt_proxy,24,0.12985243957032322
2007,Lac_de_Joux,snowmelt_proxy,25,0.13070013272284473
2007,Lac_de_Joux,snowmelt_proxy,26,0.13097408148257764
2007,Lac_de_Joux,snowmelt_proxy,27,0.13077662838736254
2007,Lac_de_Joux,snowmelt_proxy,28,0.13000976041013318
2007,Lac_de_Joux,snowmelt_proxy,29,0.12763628732252907
2007,Lac_de_Joux,snowmelt_proxy,30,0.12519439821560013
2007,Lac_de_Joux,snowmelt_proxy,31,0.12238349589701165
2007,Lac_de_Joux,snowmelt_proxy,32,0.12027365379993296
2007,Lac_de_Joux,snowmelt_proxy,33,0.11994305527165879
2007,Lac_de_Joux,snowmelt_proxy,34,0.11933349132624933
2007,Lac_de_Joux,snowmelt_proxy,35,0.11859008221124856
2007,Lac_de_Joux,snowmelt_proxy,36,0.11739628200169676
2007,Lac_de_Joux,snowmelt_proxy,37,0.11596436100558205
2007,Lac_de_Joux,snowmelt_proxy,38,0.11441613975280314
2007,Lac_de_Joux,snowmelt_proxy,39,0.1130645187961353
2007,Lac_de_Joux,snowmelt_proxy,40,0.11268293486688435
2007,Lac_de_Joux,snowmelt_proxy,41,0.11289792771904208
2007,Lac_de_Joux,snowmelt_proxy,42,0.1128943326904648
2007,Lac_de_Joux,snowmelt_proxy,43,0.11254798203144951
2007,Lac_de_Joux,snowmelt_proxy,44,0.11126872839834866
2007,Lac_de_Joux,snowmelt_proxy,45,0.10882376644845473
2007,Lac_de_Joux,snowmelt_proxy,46,0.10715911316152078
2007,Lac_de_Joux,snowmelt_proxy,47,0.10570964460270402
2007,Lac_de_Joux,snowmelt_proxy,48,0.10421299991156228
2007,Lac_de_Joux,snowmelt_proxy,49,0.10228857453682859
2007,Lac_de_Joux,snowmelt_proxy,50,0.09943600875429907
2007,Lac_de_Joux,snowmelt_proxy,51,0.09618601488076498
2007,Lac_de_Joux,snowmelt_proxy,52,0.09278777818177489
2007,Lac_de_Joux,snowmelt_proxy,53,0.09030705123430122
2007,Lac_de_Joux,snowmelt_proxy,54,0.0884491920630211
2007,Lac_de_Joux,snowmelt_proxy,55,0.08687522491700106
2007,Lac_de_Joux,snowmelt_proxy,56,0.08533038468158434
2007,Lac_de_Joux,snowmelt_proxy,57,0.08352086390391704
2007,Lac_de_Joux,snowmelt_proxy,58,0.08182446377091747
2007,Lac_de_Joux,snowmelt_proxy,59,0.07940160708864005
2007,Lac_de_Joux,snowmelt_proxy,60,0.07712368710836993
2072,Silsersee,precipitation_mm,0,0.07281581631804948
2072,Silsersee,precipitation_mm,1,0.13854653560997585
2072,Silsersee,precipitation_mm,2,0.13892913034835527
2072,Silsersee,precipitation_mm,3,0.11849356284023119
2072,Silsersee,precipitation_mm,4,0.10046173452433321
2072,Silsersee,precipitation_mm,5,0.08281235709275157
2072,Silsersee,precipitation_mm,6,0.07331433551949869
2072,Silsersee,precipitation_mm,7,0.06795217041464839
2072,Silsersee,precipitation_mm,8,0.062237860116636734
2072,Silsersee,precipitation_mm,9,0.055775492256045694
2072,Silsersee,precipitation_mm,10,0.05022605270415434
2072,Silsersee,precipitation_mm,11,0.05032563750931611
2072,Silsersee,precipitation_mm,12,0.0467804483155429
2072,Silsersee,precipitation_mm,13,0.04244273075530767
2072,Silsersee,precipitation_mm,14,0.040470332882025624
2072,Silsersee,precipitation_mm,15,0.04009962343707776
2072,Silsersee,precipitation_mm,16,0.04003348244303818
2072,Silsersee,precipitation_mm,17,0.03957413614984342
2072,Silsersee,precipitation_mm,18,0.039173344464697564
2072,Silsersee,precipitation_mm,19,0.039845634211282566
2072,Silsersee,precipitation_mm,20,0.03884540739878763
2072,Silsersee,precipitation_mm,21,0.0405714454554545
2072,Silsersee,precipitation_mm,22,0.039855043328177436
2072,Silsersee,precipitation_mm,23,0.03826261631228995
2072,Silsersee,precipitation_mm,24,0.03880774111255951
2072,Silsersee,precipitation_mm,25,0.03781043929389876
2072,Silsersee,precipitation_mm,26,0.03695754998504876
2072,Silsersee,precipitation_mm,27,0.037131415747962
2072,Silsersee,precipitation_mm,28,0.035345206489941834
2072,Silsersee,precipitation_mm,29,0.03125557730377147
2072,Silsersee,precipitation_mm,30,0.027572518159820276
2072,Silsersee,precipitation_mm,31,0.025762373076958764
2072,Silsersee,precipitation_mm,32,0.026037146755457003
2072,Silsersee,precipitation_mm,33,0.0242343401062227
2072,Silsersee,precipitation_mm,34,0.01993159333486638
2072,Silsersee,precipitation_mm,35,0.021823472709212196
2072,Silsersee,precipitation_mm,36,0.022550641808826984
2072,Silsersee,precipitation_mm,37,0.02090851326508234
2072,Silsersee,precipitation_mm,38,0.02129653790135532
2072,Silsersee,precipitation_mm,39,0.02108695305066616
2072,Silsersee,precipitation_mm,40,0.01985401389628012
2072,Silsersee,precipitation_mm,41,0.01656140055132765
2072,Silsersee,precipitation_mm,42,0.015997741323353066
2072,Silsersee,precipitation_mm,43,0.010654344807694224
2072,Silsersee,precipitation_mm,44,0.00946486218077958
2072,Silsersee,precipitation_mm,45,0.010214035768879859
2072,Silsersee,precipitation_mm,46,0.011398570680632384
2072,Silsersee,precipitation_mm,47,0.011955539030948502
2072,Silsersee,precipitation_mm,48,0.01454681953050577
2072,Silsersee,precipitation_mm,49,0.012193116214220173
2072,Silsersee,precipitation_mm,50,0.008520820232953957
2072,Silsersee,precipitation_mm,51,0.005816792770693877
2072,Silsersee,precipitation_mm,52,-7.671813632949073e-05
2072,Silsersee,precipitation_mm,53,-0.006323243003894659
2072,Silsersee,precipitation_mm,54,-0.00950221593241329
2072,Silsersee,precipitation_mm,55,-0.006701552503918833
2072,Silsersee,precipitation_mm,56,-0.0061054082083363895
2072,Silsersee,precipitation_mm,57,-0.005142214060246251
2072,Silsersee,precipitation_mm,58,-0.003821323809334257
2072,Silsersee,precipitation_mm,59,0.000217950185475251
2072,Silsersee,precipitation_mm,60,0.0009700659552310349
2072,Silsersee,temperature_mean_c,0,0.07639217644116061
2072,Silsersee,temperature_mean_c,1,0.10852016628222008
2072,Silsersee,temperature_mean_c,2,0.13610999480954603
2072,Silsersee,temperature_mean_c,3,0.15244120131682085
2072,Silsersee,temperature_mean_c,4,0.1602679469400936
2072,Silsersee,temperature_mean_c,5,0.1615418042646706
2072,Silsersee,temperature_mean_c,6,0.15825822859175911
2072,Silsersee,temperature_mean_c,7,0.15293316760103165
2072,Silsersee,temperature_mean_c,8,0.14428608033412288
2072,Silsersee,temperature_mean_c,9,0.13350342758010453
2072,Silsersee,temperature_mean_c,10,0.1237159282622885
2072,Silsersee,temperature_mean_c,11,0.11699387543487748
2072,Silsersee,temperature_mean_c,12,0.11089072630499357
2072,Silsersee,temperature_mean_c,13,0.10340342593224816
2072,Silsersee,temperature_mean_c,14,0.09557260008664403
2072,Silsersee,temperature_mean_c,15,0.09177182673594145
2072,Silsersee,temperature_mean_c,16,0.08866954123862675
2072,Silsersee,temperature_mean_c,17,0.08674144707646003
2072,Silsersee,temperature_mean_c,18,0.08344171127818456
2072,Silsersee,temperature_mean_c,19,0.08043159758918744
2072,Silsersee,temperature_mean_c,20,0.07774211305080579
2072,Silsersee,temperature_mean_c,21,0.07347100531736352
2072,Silsersee,temperature_mean_c,22,0.06817963508645812
2072,Silsersee,temperature_mean_c,23,0.06379240328087835
2072,Silsersee,temperature_mean_c,24,0.058830891018081
2072,Silsersee,temperature_mean_c,25,0.05446122312083005
2072,Silsersee,temperature_mean_c,26,0.05190544791056838
2072,Silsersee,temperature_mean_c,27,0.04736500854204629
2072,Silsersee,temperature_mean_c,28,0.0440175038969512
2072,Silsersee,temperature_mean_c,29,0.041131739687352196
2072,Silsersee,temperature_mean_c,30,0.036751235856157194
2072,Silsersee,temperature_mean_c,31,0.03112815096710587
2072,Silsersee,temperature_mean_c,32,0.028172652331919203
2072,Silsersee,temperature_mean_c,33,0.026462222737203233
2072,Silsersee,temperature_mean_c,34,0.023858038103334183
2072,Silsersee,temperature_mean_c,35,0.02086206181180991
2072,Silsersee,temperature_mean_c,36,0.01802715099383662
2072,Silsersee,temperature_mean_c,37,0.016306062691654858
2072,Silsersee,temperature_mean_c,38,0.016350192770740582
2072,Silsersee,temperature_mean_c,39,0.015058906102987608
2072,Silsersee,temperature_mean_c,40,0.015390909229587003
2072,Silsersee,temperature_mean_c,41,0.016065915836465394
2072,Silsersee,temperature_mean_c,42,0.017829356311441964
2072,Silsersee,temperature_mean_c,43,0.019450525266585344
2072,Silsersee,temperature_mean_c,44,0.019814140428276873
2072,Silsersee,temperature_mean_c,45,0.019205108978853754
2072,Silsersee,temperature_mean_c,46,0.01849749600694523
2072,Silsersee,temperature_mean_c,47,0.018729326029085964
2072,Silsersee,temperature_mean_c,48,0.020534680649384036
2072,Silsersee,temperature_mean_c,49,0.023712978961874284
2072,Silsersee,temperature_mean_c,50,0.026762818935018202
2072,Silsersee,temperature_mean_c,51,0.030039163123273586
2072,Silsersee,temperature_mean_c,52,0.0327314091862196
2072,Silsersee,temperature_mean_c,53,0.03577044475906115
2072,Silsersee,temperature_mean_c,54,0.03723164208725024
2072,Silsersee,temperature_mean_c,55,0.039177386929924354
2072,Silsersee,temperature_mean_c,56,0.03857056645728372
2072,Silsersee,temperature_mean_c,57,0.038092105231341676
2072,Silsersee,temperature_mean_c,58,0.04038981076641478
2072,Silsersee,temperature_mean_c,59,0.04337411835290008
2072,Silsersee,temperature_mean_c,60,0.043898469461413785
2072,Silsersee,snowmelt_proxy,0,0.14453034944997878
2072,Silsersee,snowmelt_proxy,1,0.17786906278543835
2072,Silsersee,snowmelt_proxy,2,0.200520455271066
2072,Silsersee,snowmelt_proxy,3,0.2120407759846193
2072,Silsersee,snowmelt_proxy,4,0.215992030898016
2072,Silsersee,snowmelt_proxy,5,0.21491046422670462
2072,Silsersee,snowmelt_proxy,6,0.21259779000645673
2072,Silsersee,snowmelt_proxy,7,0.20471226726941893
2072,Silsersee,snowmelt_proxy,8,0.18882450126952374
2072,Silsersee,snowmelt_proxy,9,0.17363386153281354
2072,Silsersee,snowmelt_proxy,10,0.15807358309476544
2072,Silsersee,snowmelt_proxy,11,0.147677228928408
2072,Silsersee,snowmelt_proxy,12,0.1362395762965596
2072,Silsersee,snowmelt_proxy,13,0.12422957371617394
2072,Silsersee,snowmelt_proxy,14,0.11529659649684665
2072,Silsersee,snowmelt_proxy,15,0.10929230227456603
2072,Silsersee,snowmelt_proxy,16,0.10145268042276975
2072,Silsersee,snowmelt_proxy,17,0.0934121847216957
2072,Silsersee,snowmelt_proxy,18,0.08592268953541979
2072,Silsersee,snowmelt_proxy,19,0.08240845304409254
2072,Silsersee,snowmelt_proxy,20,0.07788864229820769
2072,Silsersee,snowmelt_proxy,21,0.0730933134155432
2072,Silsersee,snowmelt_proxy,22,0.06776327843490892
2072,Silsersee,snowmelt_proxy,23,0.0638693645964662
2072,Silsersee,snowmelt_proxy,24,0.06022575703727896
2072,Silsersee,snowmelt_proxy,25,0.05402242021543028
2072,Silsersee,snowmelt_proxy,26,0.048889036004458576
2072,Silsersee,snowmelt_proxy,27,0.045022554962273136
2072,Silsersee,snowmelt_proxy,28,0.04475414936536389
2072,Silsersee,snowmelt_proxy,29,0.04243309407797533
2072,Silsersee,snowmelt_proxy,30,0.04224253999449031
2072,Silsersee,snowmelt_proxy,31,0.03932237333199357
2072,Silsersee,snowmelt_proxy,32,0.03379516291237583
2072,Silsersee,snowmelt_proxy,33,0.030562052915113113
2072,Silsersee,snowmelt_proxy,34,0.02776397419708477
2072,Silsersee,snowmelt_proxy,35,0.027964736992156798
2072,Silsersee,snowmelt_proxy,36,0.029976224351270616
2072,Silsersee,snowmelt_proxy,37,0.0321605119528769
2072,Silsersee,snowmelt_proxy,38,0.03324103244151652
2072,Silsersee,snowmelt_proxy,39,0.03337602333341378
2072,Silsersee,snowmelt_proxy,40,0.032048061863265656
2072,Silsersee,snowmelt_proxy,41,0.029636770175107935
2072,Silsersee,snowmelt_proxy,42,0.02832819523428374
2072,Silsersee,snowmelt_proxy,43,0.027785035573701284
2072,Silsersee,snowmelt_proxy,44,0.025253352080446396
2072,Silsersee,snowmelt_proxy,45,0.024249089378076703
2072,Silsersee,snowmelt_proxy,46,0.024469243019616727
2072,Silsersee,snowmelt_proxy,47,0.025934521355058717
2072,Silsersee,snowmelt_proxy,48,0.027075064972380505
2072,Silsersee,snowmelt_proxy,49,0.029791142239488953
2072,Silsersee,snowmelt_proxy,50,0.029715635594621734
2072,Silsersee,snowmelt_proxy,51,0.029747902178238115
2072,Silsersee,snowmelt_proxy,52,0.030856784397973853
2072,Silsersee,snowmelt_proxy,53,0.03160281260290883
2072,Silsersee,snowmelt_proxy,54,0.03002180288159126
2072,Silsersee,snowmelt_proxy,55,0.02738932870462135
2072,Silsersee,snowmelt_proxy,56,0.02422372741904699
2072,Silsersee,snowmelt_proxy,57,0.019865220301099672
2072,Silsersee,snowmelt_proxy,58,0.017646368830901368
2072,Silsersee,snowmelt_proxy,59,0.017905522967236045
2072,Silsersee,snowmelt_proxy,60,0.01627525140360619
2066,St._Moritzersee,precipitation_mm,0,0.04591311072462904
2066,St._Moritzersee,precipitation_mm,1,0.12626780540307853
2066,St._Moritzersee,precipitation_mm,2,0.11648620628967671
2066,St._Moritzersee,precipitation_mm,3,0.08860853145874867
2066,St._Moritzersee,precipitation_mm,4,0.05299724282548363
2066,St._Moritzersee,precipitation_mm,5,0.035171315346557645
2066,St._Moritzersee,precipitation_mm,6,0.023890403871557414
2066,St._Moritzersee,precipitation_mm,7,0.0220074246958272
2066,St._Moritzersee,precipitation_mm,8,0.01605696306355761
2066,St._Moritzersee,precipitation_mm,9,0.026725966621240542
2066,St._Moritzersee,precipitation_mm,10,0.024707186167914695
2066,St._Moritzersee,precipitation_mm,11,0.0262196411071084
2066,St._Moritzersee,precipitation_mm,12,0.028809854319357633
2066,St._Moritzersee,precipitation_mm,13,0.03085557924473457
2066,St._Moritzersee,precipitation_mm,14,0.026772570573612594
2066,St._Moritzersee,precipitation_mm,15,0.02381920771562759
2066,St._Moritzersee,precipitation_mm,16,0.015358776524263556
2066,St._Moritzersee,precipitation_mm,17,0.013054466505370914
2066,St._Moritzersee,precipitation_mm,18,0.018242798320352856
2066,St._Moritzersee,precipitation_mm,19,0.028053950331926848
2066,St._Moritzersee,precipitation_mm,20,0.03059539131633706
2066,St._Moritzersee,precipitation_mm,21,0.03546554405307032
2066,St._Moritzersee,precipitation_mm,22,0.03179386196250196
2066,St._Moritzersee,precipitation_mm,23,0.027165217879745046
2066,St._Moritzersee,precipitation_mm,24,0.021520204152667192
2066,St._Moritzersee,precipitation_mm,25,0.012587631238346525
2066,St._Moritzersee,precipitation_mm,26,0.012564252396803813
2066,St._Moritzersee,precipitation_mm,27,0.01932072822395191
2066,St._Moritzersee,precipitation_mm,28,0.02208693632358286
2066,St._Moritzersee,precipitation_mm,29,0.01509470763167039
2066,St._Moritzersee,precipitation_mm,30,0.019723226617661443
2066,St._Moritzersee,precipitation_mm,31,0.0242143564956246
2066,St._Moritzersee,precipitation_mm,32,0.024248923767299972
2066,St._Moritzersee,precipitation_mm,33,0.021343677101139626
2066,St._Moritzersee,precipitation_mm,34,0.02480539067150714
2066,St._Moritzersee,precipitation_mm,35,0.020136385721256814
2066,St._Moritzersee,precipitation_mm,36,0.02297885994359668
2066,St._Moritzersee,precipitation_mm,37,0.02614522058536806
2066,St._Moritzersee,precipitation_mm,38,0.025002231339163107
2066,St._Moritzersee,precipitation_mm,39,0.025640801882733943
2066,St._Moritzersee,precipitation_mm,40,0.0273962764030194
2066,St._Moritzersee,precipitation_mm,41,0.01746042901096101
2066,St._Moritzersee,precipitation_mm,42,0.018174931101870455
2066,St._Moritzersee,precipitation_mm,43,0.016594541683864542
2066,St._Moritzersee,precipitation_mm,44,0.012864758264581418
2066,St._Moritzersee,precipitation_mm,45,0.003457718402758998
2066,St._Moritzersee,precipitation_mm,46,0.0025446914600490964
2066,St._Moritzersee,precipitation_mm,47,0.004977194354675182
2066,St._Moritzersee,precipitation_mm,48,0.008326839928096182
2066,St._Moritzersee,precipitation_mm,49,0.006916431574149267
2066,St._Moritzersee,precipitation_mm,50,-0.006959175879056967
2066,St._Moritzersee,precipitation_mm,51,-0.011951452572875755
2066,St._Moritzersee,precipitation_mm,52,-0.004928245483256161
2066,St._Moritzersee,precipitation_mm,53,-0.008022321608095228
2066,St._Moritzersee,precipitation_mm,54,-0.011151375924079478
2066,St._Moritzersee,precipitation_mm,55,-0.001528276580337406
2066,St._Moritzersee,precipitation_mm,56,0.006365174494041722
2066,St._Moritzersee,precipitation_mm,57,-0.0005542662406506342
2066,St._Moritzersee,precipitation_mm,58,-0.006235902545294
2066,St._Moritzersee,precipitation_mm,59,-0.008650842572132226
2066,St._Moritzersee,precipitation_mm,60,-0.013045703036334951
2066,St._Moritzersee,temperature_mean_c,0,0.0708873642666717
2066,St._Moritzersee,temperature_mean_c,1,0.10435505096211932
2066,St._Moritzersee,temperature_mean_c,2,0.12308524490958786
2066,St._Moritzersee,temperature_mean_c,3,0.12392809874797657
2066,St._Moritzersee,temperature_mean_c,4,0.11108783049291968
2066,St._Moritzersee,temperature_mean_c,5,0.08975248433546608
2066,St._Moritzersee,temperature_mean_c,6,0.06529854379811849
2066,St._Moritzersee,temperature_mean_c,7,0.0432591013484173
2066,St._Moritzersee,temperature_mean_c,8,0.029289845190876743
2066,St._Moritzersee,temperature_mean_c,9,0.01796682386481759
2066,St._Moritzersee,temperature_mean_c,10,0.008345272777806036
2066,St._Moritzersee,temperature_mean_c,11,0.0064959156467769555
2066,St._Moritzersee,temperature_mean_c,12,0.009557150734568419
2066,St._Moritzersee,temperature_mean_c,13,0.013427245807709008
2066,St._Moritzersee,temperature_mean_c,14,0.013256869416110671
2066,St._Moritzersee,temperature_mean_c,15,0.016764383782100205
2066,St._Moritzersee,temperature_mean_c,16,0.017883710442329122
2066,St._Moritzersee,temperature_mean_c,17,0.016000777307991276
2066,St._Moritzersee,temperature_mean_c,18,0.01157277918188558
2066,St._Moritzersee,temperature_mean_c,19,0.0073246028475282025
2066,St._Moritzersee,temperature_mean_c,20,0.0027169488108636656
2066,St._Moritzersee,temperature_mean_c,21,0.002238957143144416
2066,St._Moritzersee,temperature_mean_c,22,0.005630716077191299
2066,St._Moritzersee,temperature_mean_c,23,0.009124868398290025
2066,St._Moritzersee,temperature_mean_c,24,0.013018288634855442
2066,St._Moritzersee,temperature_mean_c,25,0.015020127643895693
2066,St._Moritzersee,temperature_mean_c,26,0.01226599183303004
2066,St._Moritzersee,temperature_mean_c,27,0.008538814448903963
2066,St._Moritzersee,temperature_mean_c,28,0.008314351770405857
2066,St._Moritzersee,temperature_mean_c,29,0.009357372619281885
2066,St._Moritzersee,temperature_mean_c,30,0.007689066464872299
2066,St._Moritzersee,temperature_mean_c,31,0.001221622136613897
2066,St._Moritzersee,temperature_mean_c,32,-0.001994818199549253
2066,St._Moritzersee,temperature_mean_c,33,-0.0048622985996581635
2066,St._Moritzersee,temperature_mean_c,34,-0.007800472980273071
2066,St._Moritzersee,temperature_mean_c,35,-0.008949220439198425
2066,St._Moritzersee,temperature_mean_c,36,-0.00830667485147951
2066,St._Moritzersee,temperature_mean_c,37,-0.010268109620386993
2066,St._Moritzersee,temperature_mean_c,38,-0.014164983727106869
2066,St._Moritzersee,temperature_mean_c,39,-0.01488725214302037
2066,St._Moritzersee,temperature_mean_c,40,-0.012284701393862004
2066,St._Moritzersee,temperature_mean_c,41,-0.00935984832897139
2066,St._Moritzersee,temperature_mean_c,42,-0.0021700073604397087
2066,St._Moritzersee,temperature_mean_c,43,0.00369027913947904
2066,St._Moritzersee,temperature_mean_c,44,0.005821746245793238
2066,St._Moritzersee,temperature_mean_c,45,0.003214131601127204
2066,St._Moritzersee,temperature_mean_c,46,-0.0042119861803504915
2066,St._Moritzersee,temperature_mean_c,47,-0.011049393482212875
2066,St._Moritzersee,temperature_mean_c,48,-0.013965414719713739
2066,St._Moritzersee,temperature_mean_c,49,-0.01015041912306911
2066,St._Moritzersee,temperature_mean_c,50,-0.004261557578638586
2066,St._Moritzersee,temperature_mean_c,51,-0.004904576704281428
2066,St._Moritzersee,temperature_mean_c,52,-0.007315535799457536
2066,St._Moritzersee,temperature_mean_c,53,-0.005000339132875377
2066,St._Moritzersee,temperature_mean_c,54,-0.0035559723686919256
2066,St._Moritzersee,temperature_mean_c,55,-0.0013841235376444592
2066,St._Moritzersee,temperature_mean_c,56,0.005439110515385557
2066,St._Moritzersee,temperature_mean_c,57,0.011845777255995404
2066,St._Moritzersee,temperature_mean_c,58,0.01447810342411453
2066,St._Moritzersee,temperature_mean_c,59,0.01256988156639804
2066,St._Moritzersee,temperature_mean_c,60,0.009237349904733249
2066,St._Moritzersee,snowmelt_proxy,0,0.093931527711797
2066,St._Moritzersee,snowmelt_proxy,1,0.12041899982971803
2066,St._Moritzersee,snowmelt_proxy,2,0.13534400367710853
2066,St._Moritzersee,snowmelt_proxy,3,0.13297316136196236
2066,St._Moritzersee,snowmelt_proxy,4,0.12467346143500556
2066,St._Moritzersee,snowmelt_proxy,5,0.11297155347759825
2066,St._Moritzersee,snowmelt_proxy,6,0.10555866021053689
2066,St._Moritzersee,snowmelt_proxy,7,0.10085610404534313
2066,St._Moritzersee,snowmelt_proxy,8,0.0944827844652708
2066,St._Moritzersee,snowmelt_proxy,9,0.08287584151743352
2066,St._Moritzersee,snowmelt_proxy,10,0.07604241177893767
2066,St._Moritzersee,snowmelt_proxy,11,0.07221652693931037
2066,St._Moritzersee,snowmelt_proxy,12,0.07073953217022551
2066,St._Moritzersee,snowmelt_proxy,13,0.0690307145253454
2066,St._Moritzersee,snowmelt_proxy,14,0.07149002105738397
2066,St._Moritzersee,snowmelt_proxy,15,0.0728591938763713
2066,St._Moritzersee,snowmelt_proxy,16,0.0705124792454507
2066,St._Moritzersee,snowmelt_proxy,17,0.0654591561547291
2066,St._Moritzersee,snowmelt_proxy,18,0.0551761872661638
2066,St._Moritzersee,snowmelt_proxy,19,0.04914937656133618
2066,St._Moritzersee,snowmelt_proxy,20,0.04378459324389714
2066,St._Moritzersee,snowmelt_proxy,21,0.03645192827551985
2066,St._Moritzersee,snowmelt_proxy,22,0.033734834802683564
2066,St._Moritzersee,snowmelt_proxy,23,0.03301722126347135
2066,St._Moritzersee,snowmelt_proxy,24,0.030955585437550108
2066,St._Moritzersee,snowmelt_proxy,25,0.03312007186106458
2066,St._Moritzersee,snowmelt_proxy,26,0.0335225781915489
2066,St._Moritzersee,snowmelt_proxy,27,0.03369904804849067
2066,St._Moritzersee,snowmelt_proxy,28,0.03546442818936244
2066,St._Moritzersee,snowmelt_proxy,29,0.034506939378689046
2066,St._Moritzersee,snowmelt_proxy,30,0.03310227955167523
2066,St._Moritzersee,snowmelt_proxy,31,0.026456887456223915
2066,St._Moritzersee,snowmelt_proxy,32,0.018627020201288483
2066,St._Moritzersee,snowmelt_proxy,33,0.012752299324384146
2066,St._Moritzersee,snowmelt_proxy,34,0.009627327915974489
2066,St._Moritzersee,snowmelt_proxy,35,0.008644722302590934
2066,St._Moritzersee,snowmelt_proxy,36,0.007313058705543194
2066,St._Moritzersee,snowmelt_proxy,37,0.006901954168332475
2066,St._Moritzersee,snowmelt_proxy,38,0.003347889986663522
2066,St._Moritzersee,snowmelt_proxy,39,-6.580520164917274e-05
2066,St._Moritzersee,snowmelt_proxy,40,0.00040365716831653137
2066,St._Moritzersee,snowmelt_proxy,41,-0.0015258850973194418
2066,St._Moritzersee,snowmelt_proxy,42,0.00013394312178068696
2066,St._Moritzersee,snowmelt_proxy,43,0.001621143643269326
2066,St._Moritzersee,snowmelt_proxy,44,7.407252861798809e-05
2066,St._Moritzersee,snowmelt_proxy,45,-0.0033389369745225645
2066,St._Moritzersee,snowmelt_proxy,46,-0.011022975129993428
2066,St._Moritzersee,snowmelt_proxy,47,-0.015412216629402183
2066,St._Moritzersee,snowmelt_proxy,48,-0.018132756516504686
2066,St._Moritzersee,snowmelt_proxy,49,-0.018110250588522687
2066,St._Moritzersee,snowmelt_proxy,50,-0.019177969793523514
2066,St._Moritzersee,snowmelt_proxy,51,-0.023888029681766846
2066,St._Moritzersee,snowmelt_proxy,52,-0.020161449352219606
2066,St._Moritzersee,snowmelt_proxy,53,-0.020705474739624037
2066,St._Moritzersee,snowmelt_proxy,54,-0.023008849119041514
2066,St._Moritzersee,snowmelt_proxy,55,-0.02191501663354733
2066,St._Moritzersee,snowmelt_proxy,56,-0.026887931586801354
2066,St._Moritzersee,snowmelt_proxy,57,-0.03204935154459731
2066,St._Moritzersee,snowmelt_proxy,58,-0.036460098322620066
2066,St._Moritzersee,snowmelt_proxy,59,-0.03632461187765994
2066,St._Moritzersee,snowmelt_proxy,60,-0.037496790517632696
2484,Lauerzersee,precipitation_mm,0,0.09184199157326438
2484,Lauerzersee,precipitation_mm,1,0.28469761929313026
2484,Lauerzersee,precipitation_mm,2,0.370261472914885
2484,Lauerzersee,precipitation_mm,3,0.37491803482222424
2484,Lauerzersee,precipitation_mm,4,0.3531551586254591
2484,Lauerzersee,precipitation_mm,5,0.3348870839400608
2484,Lauerzersee,precipitation_mm,6,0.3141165948162971
2484,Lauerzersee,precipitation_mm,7,0.28729986663963936
2484,Lauerzersee,precipitation_mm,8,0.2667139861193814
2484,Lauerzersee,precipitation_mm,9,0.24489363641194145
2484,Lauerzersee,precipitation_mm,10,0.22433614487634274
2484,Lauerzersee,precipitation_mm,11,0.20873134005203497
2484,Lauerzersee,precipitation_mm,12,0.1919752511468949
2484,Lauerzersee,precipitation_mm,13,0.17541832231809845
2484,Lauerzersee,precipitation_mm,14,0.16272410645510896
2484,Lauerzersee,precipitation_mm,15,0.15015394773685115
2484,Lauerzersee,precipitation_mm,16,0.13406000511341545
2484,Lauerzersee,precipitation_mm,17,0.12219896553356951
2484,Lauerzersee,precipitation_mm,18,0.11043687620559661
2484,Lauerzersee,precipitation_mm,19,0.10145740364009469
2484,Lauerzersee,precipitation_mm,20,0.0950879675380782
2484,Lauerzersee,precipitation_mm,21,0.09258516907983406
2484,Lauerzersee,precipitation_mm,22,0.09194284581923057
2484,Lauerzersee,precipitation_mm,23,0.0862074342232757
2484,Lauerzersee,precipitation_mm,24,0.07864990213281331
2484,Lauerzersee,precipitation_mm,25,0.07559938418646334
2484,Lauerzersee,precipitation_mm,26,0.07103730652813342
2484,Lauerzersee,precipitation_mm,27,0.06962203138880499
2484,Lauerzersee,precipitation_mm,28,0.068999965186985
2484,Lauerzersee,precipitation_mm,29,0.06897491082728281
2484,Lauerzersee,precipitation_mm,30,0.07172789831157056
2484,Lauerzersee,precipitation_mm,31,0.0691251588951894
2484,Lauerzersee,precipitation_mm,32,0.0648766386780542
2484,Lauerzersee,precipitation_mm,33,0.05973280181648824
2484,Lauerzersee,precipitation_mm,34,0.05329231312758044
2484,Lauerzersee,precipitation_mm,35,0.04606737662328122
2484,Lauerzersee,precipitation_mm,36,0.042539354399825785
2484,Lauerzersee,precipitation_mm,37,0.0415042776987624
2484,Lauerzersee,precipitation_mm,38,0.039496735669069194
2484,Lauerzersee,precipitation_mm,39,0.038014563897724146
2484,Lauerzersee,precipitation_mm,40,0.034730140796229526
2484,Lauerzersee,precipitation_mm,41,0.03068158129881022
2484,Lauerzersee,precipitation_mm,42,0.03149048133206903
2484,Lauerzersee,precipitation_mm,43,0.03212590580917558
2484,Lauerzersee,precipitation_mm,44,0.0293399323916548
2484,Lauerzersee,precipitation_mm,45,0.027605089856224896
2484,Lauerzersee,precipitation_mm,46,0.030612537973860727
2484,Lauerzersee,precipitation_mm,47,0.03352231070382978
2484,Lauerzersee,precipitation_mm,48,0.037027164939515717
2484,Lauerzersee,precipitation_mm,49,0.03761818801047085
2484,Lauerzersee,precipitation_mm,50,0.03433169918733201
2484,Lauerzersee,precipitation_mm,51,0.029821485372851533
2484,Lauerzersee,precipitation_mm,52,0.029986607136801593
2484,Lauerzersee,precipitation_mm,53,0.02659652843114551
2484,Lauerzersee,precipitation_mm,54,0.024222975244133086
2484,Lauerzersee,precipitation_mm,55,0.01944836071962976
2484,Lauerzersee,precipitation_mm,56,0.019377507098479834
2484,Lauerzersee,precipitation_mm,57,0.019957787494078782
2484,Lauerzersee,precipitation_mm,58,0.021351990467131883
2484,Lauerzersee,precipitation_mm,59,0.021778561667798742
2484,Lauerzersee,precipitation_mm,60,0.017136560592254043
2484,Lauerzersee,temperature_mean_c,0,-0.14804393605232685
2484,Lauerzersee,temperature_mean_c,1,-0.15290573638632277
2484,Lauerzersee,temperature_mean_c,2,-0.1313122292408816
2484,Lauerzersee,temperature_mean_c,3,-0.10930762395548231
2484,Lauerzersee,temperature_mean_c,4,-0.0932342519382676
2484,Lauerzersee,temperature_mean_c,5,-0.08522673986822722
2484,Lauerzersee,temperature_mean_c,6,-0.08225339463090955
2484,Lauerzersee,temperature_mean_c,7,-0.08207024076681517
2484,Lauerzersee,temperature_mean_c,8,-0.08152574684000434
2484,Lauerzersee,temperature_mean_c,9,-0.08166039773719319
2484,Lauerzersee,temperature_mean_c,10,-0.08397696090602867
2484,Lauerzersee,temperature_mean_c,11,-0.08723865809652538
2484,Lauerzersee,temperature_mean_c,12,-0.08885713687099384
2484,Lauerzersee,temperature_mean_c,13,-0.08926804270244648
2484,Lauerzersee,temperature_mean_c,14,-0.08848211000333993
2484,Lauerzersee,temperature_mean_c,15,-0.08397307892700151
2484,Lauerzersee,temperature_mean_c,16,-0.08145309989766719
2484,Lauerzersee,temperature_mean_c,17,-0.07891360319870644
2484,Lauerzersee,temperature_mean_c,18,-0.07726934757894098
2484,Lauerzersee,temperature_mean_c,19,-0.07502671983523972
2484,Lauerzersee,temperature_mean_c,20,-0.07372445227814692
2484,Lauerzersee,temperature_mean_c,21,-0.07285070702983655
2484,Lauerzersee,temperature_mean_c,22,-0.07059900576901239
2484,Lauerzersee,temperature_mean_c,23,-0.06848966667261501
2484,Lauerzersee,temperature_mean_c,24,-0.06747166020826427
2484,Lauerzersee,temperature_mean_c,25,-0.06698701436599046
2484,Lauerzersee,temperature_mean_c,26,-0.0682332141658708
2484,Lauerzersee,temperature_mean_c,27,-0.073164577873873
2484,Lauerzersee,temperature_mean_c,28,-0.07825593890845153
2484,Lauerzersee,temperature_mean_c,29,-0.0824735924998617
2484,Lauerzersee,temperature_mean_c,30,-0.08360820199917784
2484,Lauerzersee,temperature_mean_c,31,-0.0813154063556884
2484,Lauerzersee,temperature_mean_c,32,-0.07791966840390052
2484,Lauerzersee,temperature_mean_c,33,-0.0747274913439977
2484,Lauerzersee,temperature_mean_c,34,-0.07166049420886748
2484,Lauerzersee,temperature_mean_c,35,-0.06939885498728829
2484,Lauerzersee,temperature_mean_c,36,-0.06725445401048417
2484,Lauerzersee,temperature_mean_c,37,-0.06511218757480361
2484,Lauerzersee,temperature_mean_c,38,-0.06080840903598631
2484,Lauerzersee,temperature_mean_c,39,-0.055768278693622886
2484,Lauerzersee,temperature_mean_c,40,-0.05061112803727114
2484,Lauerzersee,temperature_mean_c,41,-0.047308495779129815
2484,Lauerzersee,temperature_mean_c,42,-0.04423399401035668
2484,Lauerzersee,temperature_mean_c,43,-0.04213622988942839
2484,Lauerzersee,temperature_mean_c,44,-0.04302071353131245
2484,Lauerzersee,temperature_mean_c,45,-0.04491488079333239
2484,Lauerzersee,temperature_mean_c,46,-0.04529489854733393
2484,Lauerzersee,temperature_mean_c,47,-0.0454729170726435
2484,Lauerzersee,temperature_mean_c,48,-0.04648728905073934
2484,Lauerzersee,temperature_mean_c,49,-0.04528507340201608
2484,Lauerzersee,temperature_mean_c,50,-0.042310714422951284
2484,Lauerzersee,temperature_mean_c,51,-0.04074412695709328
2484,Lauerzersee,temperature_mean_c,52,-0.03914374021381646
2484,Lauerzersee,temperature_mean_c,53,-0.03746372681663876
2484,Lauerzersee,temperature_mean_c,54,-0.0367641878055065
2484,Lauerzersee,temperature_mean_c,55,-0.036726185430878015
2484,Lauerzersee,temperature_mean_c,56,-0.03648799466212181
2484,Lauerzersee,temperature_mean_c,57,-0.03533981828873187
2484,Lauerzersee,temperature_mean_c,58,-0.03252716610378769
2484,Lauerzersee,temperature_mean_c,59,-0.028924112496994482
2484,Lauerzersee,temperature_mean_c,60,-0.026227341561378452
2484,Lauerzersee,snowmelt_proxy,0,0.13349931029086634
2484,Lauerzersee,snowmelt_proxy,1,0.16042494644063562
2484,Lauerzersee,snowmelt_proxy,2,0.17949517539244678
2484,Lauerzersee,snowmelt_proxy,3,0.18597892333024257
2484,Lauerzersee,snowmelt_proxy,4,0.18527371911258783
2484,Lauerzersee,snowmelt_proxy,5,0.18015016874579118
2484,Lauerzersee,snowmelt_proxy,6,0.1719019583521278
2484,Lauerzersee,snowmelt_proxy,7,0.15818138393964412
2484,Lauerzersee,snowmelt_proxy,8,0.14070278994100133
2484,Lauerzersee,snowmelt_proxy,9,0.1264093743031751
2484,Lauerzersee,snowmelt_proxy,10,0.11257293073397472
2484,Lauerzersee,snowmelt_proxy,11,0.09908811612641563
2484,Lauerzersee,snowmelt_proxy,12,0.08912826418160966
2484,Lauerzersee,snowmelt_proxy,13,0.08139335351833613
2484,Lauerzersee,snowmelt_proxy,14,0.07731031345858243
2484,Lauerzersee,snowmelt_proxy,15,0.07426038938858152
2484,Lauerzersee,snowmelt_proxy,16,0.06904430210923791
2484,Lauerzersee,snowmelt_proxy,17,0.06368254658770109
2484,Lauerzersee,snowmelt_proxy,18,0.060366103426156385
2484,Lauerzersee,snowmelt_proxy,19,0.056198109248596244
2484,Lauerzersee,snowmelt_proxy,20,0.04930241234064514
2484,Lauerzersee,snowmelt_proxy,21,0.043742914133798355
2484,Lauerzersee,snowmelt_proxy,22,0.043055074488387385
2484,Lauerzersee,snowmelt_proxy,23,0.043417431268116695
2484,Lauerzersee,snowmelt_proxy,24,0.04269041424821854
2484,Lauerzersee,snowmelt_proxy,25,0.043617514875844345
2484,Lauerzersee,snowmelt_proxy,26,0.03995662936992969
2484,Lauerzersee,snowmelt_proxy,27,0.03317428465792227
2484,Lauerzersee,snowmelt_proxy,28,0.025833377366987476
2484,Lauerzersee,snowmelt_proxy,29,0.015445547231670523
2484,Lauerzersee,snowmelt_proxy,30,0.005636592174819278
2484,Lauerzersee,snowmelt_proxy,31,0.0005384922760161523
2484,Lauerzersee,snowmelt_proxy,32,-0.000979589633236955
2484,Lauerzersee,snowmelt_proxy,33,-0.0005634379259344086
2484,Lauerzersee,snowmelt_proxy,34,0.0032683205341351657
2484,Lauerzersee,snowmelt_proxy,35,0.007544866820736975
2484,Lauerzersee,snowmelt_proxy,36,0.012582777061423946
2484,Lauerzersee,snowmelt_proxy,37,0.01753321223057674
2484,Lauerzersee,snowmelt_proxy,38,0.02375242370675154
2484,Lauerzersee,snowmelt_proxy,39,0.03406359034321221
2484,Lauerzersee,snowmelt_proxy,40,0.04147677552208985
2484,Lauerzersee,snowmelt_proxy,41,0.04906190198361271
2484,Lauerzersee,snowmelt_proxy,42,0.05598042029474881
2484,Lauerzersee,snowmelt_proxy,43,0.05974690594146379
2484,Lauerzersee,snowmelt_proxy,44,0.061320512596634055
2484,Lauerzersee,snowmelt_proxy,45,0.06482609855021372
2484,Lauerzersee,snowmelt_proxy,46,0.0636545169363049
2484,Lauerzersee,snowmelt_proxy,47,0.056197425271295336
2484,Lauerzersee,snowmelt_proxy,48,0.05017307343798331
2484,Lauerzersee,snowmelt_proxy,49,0.039799774804064166
2484,Lauerzersee,snowmelt_proxy,50,0.034073684185805045
2484,Lauerzersee,snowmelt_proxy,51,0.02924028803643942
2484,Lauerzersee,snowmelt_proxy,52,0.02652003259340346
2484,Lauerzersee,snowmelt_proxy,53,0.019838273647516152
2484,Lauerzersee,snowmelt_proxy,54,0.009644093268961727
2484,Lauerzersee,snowmelt_proxy,55,0.003684512975953223
2484,Lauerzersee,snowmelt_proxy,56,-0.0028378295110754684
2484,Lauerzersee,snowmelt_proxy,57,-0.006426379733669
2484,Lauerzersee,snowmelt_proxy,58,-0.01143429951211426
2484,Lauerzersee,snowmelt_proxy,59,-0.01878823599288589
2484,Lauerzersee,snowmelt_proxy,60,-0.020835694930330807
