rmse,mae,nse,kge,n,pss,model,horizon,gauge_id,water_body,stratum
0.02293400014891225,0.014976852732069779,0.98361239202643,0.9782553278933855,452,0.32992613994118214,ridge,1,2004,Murtensee,season_winter
0.01631769591225062,0.011754685907778673,0.9738209407372179,0.984528591871797,460,0.25374607496962964,ridge,1,2004,Murtensee,season_snowmelt
0.014887458908386313,0.011973370095957198,0.9553499518223342,0.9528446428982106,460,0.1353167285988629,ridge,1,2004,Murtensee,season_summer
0.014761775318658582,0.011154221218234752,0.9853197393492885,0.9763390918276683,455,0.32149241035729004,ridge,1,2004,Murtensee,season_autumn
0.03616291411612916,0.022438024642619868,0.7787801259278593,0.8930175687933719,94,0.3238984407021811,ridge,1,2004,Murtensee,high_5pct
0.014255806215027263,0.012550874129586824,0.9761106960271719,0.9727698903138334,92,0.16173838273170016,ridge,1,2004,Murtensee,low_5pct
0.06480306184686682,0.046524422704643825,0.9874602115980128,0.9801961440320075,452,0.01189830162411154,ridge,1,2007,Lac_de_Joux,season_winter
0.05117464518152057,0.038603562330163634,0.9811605280958775,0.9847969001866247,460,-0.18421443019316075,ridge,1,2007,Lac_de_Joux,season_snowmelt
0.05065875951770365,0.04035241486922478,0.9734934508022103,0.9773059184331935,460,-1.4526920245983428,ridge,1,2007,Lac_de_Joux,season_summer
0.15575540509938465,0.061067530001197495,0.9160752752448882,0.9496065208080433,455,-0.2730951817536662,ridge,1,2007,Lac_de_Joux,season_autumn
0.07603439803884723,0.051145932404887906,0.27146026551854396,0.39193518483251155,92,-0.03285970712480246,ridge,1,2007,Lac_de_Joux,high_5pct
0.18439013691741815,0.057540617569631164,-2.0999763680274732,-0.17508739650541516,92,-0.3246233861685093,ridge,1,2007,Lac_de_Joux,low_5pct
0.006277369730817291,0.004634957857350115,0.9980897389841649,0.9751846163449809,452,0.5163196893403443,ridge,1,2017,Zugersee,season_winter
0.007022953049144419,0.004840057638416362,0.9965990133759969,0.9713816480409174,460,0.5387584408038486,ridge,1,2017,Zugersee,season_snowmelt
0.008232214617278423,0.0058284864342734565,0.9986325030548953,0.9883000551716908,460,0.4794350317237349,ridge,1,2017,Zugersee,season_summer
0.006508857517765092,0.004432126828749256,0.9977046778266405,0.9866734077442796,455,0.4361432649553387,ridge,1,2017,Zugersee,season_autumn
0.010722793061891354,0.008002727549562532,0.9879902967647578,0.9826699339639491,93,0.5846778650221199,ridge,1,2017,Zugersee,high_5pct
0.00892731473704357,0.006202962239583901,0.8929068076708988,0.9577423841667746,93,-0.39641140048407375,ridge,1,2017,Zugersee,low_5pct
0.013237159864064717,0.008389173257964016,0.9946742991547164,0.9762386332283324,452,0.4760893928073633,ridge,1,2031,Ägerisee,season_winter
0.01822245780569252,0.009994619316140445,0.9875152709003208,0.9729885321607301,460,0.32523309398525435,ridge,1,2031,Ägerisee,season_snowmelt
0.010651806177526363,0.007400796110733441,0.9979928957468678,0.9878820612383559,460,0.5555486208547689,ridge,1,2031,Ägerisee,season_summer
0.008417815800215325,0.006019760903160494,0.9924915450946443,0.9753250469663267,455,0.5703219161598335,ridge,1,2031,Ägerisee,season_autumn
0.020254811741935934,0.013100644318956503,0.811267880182906,0.9110450278484538,92,0.5553438747126901,ridge,1,2031,Ägerisee,high_5pct
0.009876638076318648,0.007910287508395649,0.9593873262708896,0.9890264776875434,93,0.17700827866040014,ridge,1,2031,Ägerisee,low_5pct
0.013794062459581076,0.009667787264929133,0.6449499820406661,0.8317327494185716,452,-0.04687720477740398,ridge,1,2066,St._Moritzersee,season_winter
0.02237736685674454,0.015635319153028356,0.8406157811879283,0.9168354066269471,460,0.029276138139069596,ridge,1,2066,St._Moritzersee,season_snowmelt
0.0332994527822482,0.02085367486703559,0.8806242177935137,0.9384347676743119,460,0.1323975016410287,ridge,1,2066,St._Moritzersee,season_summer
0.030688181793958044,0.01961954842033295,0.6190571926377093,0.8138220425776538,455,0.05643247280271835,ridge,1,2066,St._Moritzersee,season_autumn
0.032355360468555285,0.01671224997230251,-3.3998271579589483,-0.4955679496775527,94,0.2354891505118093,ridge,1,2066,St._Moritzersee,high_5pct
0.03248948381890079,0.024214309210535582,-5.023986069127286,-0.31443626199684216,95,0.03329801346668115,ridge,1,2066,St._Moritzersee,low_5pct
0.022687841438025148,0.01219261038648439,0.9351494328259865,0.9681098711890219,392,-0.15186011294028257,ridge,1,2072,Silsersee,season_winter
0.025287620094517675,0.013933492387597368,0.9686583624159767,0.9642126120356754,433,0.06829098842140868,ridge,1,2072,Silsersee,season_snowmelt
0.023540195833799703,0.015404414540561764,0.8623695353162496,0.8666457042482415,460,0.02553430920489108,ridge,1,2072,Silsersee,season_summer
0.023095258706932943,0.013195938478512479,0.8940449696159335,0.9195621154165221,455,-0.0034103818935107277,ridge,1,2072,Silsersee,season_autumn
0.03799025413609537,0.024866664588877086,0.5086252924748078,0.6021961470340041,94,0.15434047687105812,ridge,1,2072,Silsersee,high_5pct
0.03575158137950572,0.018979335506768082,-0.4825957988312972,0.431094359714982,88,-0.04013774069354148,ridge,1,2072,Silsersee,low_5pct
0.015133119969369248,0.0094265715307559,0.9804025998764538,0.989348367684285,452,-0.5375711984774665,ridge,1,2073,Silvaplanersee,season_winter
0.01752551799710702,0.011914268427307454,0.9881736332990296,0.979807964271115,460,0.21404838801032788,ridge,1,2073,Silvaplanersee,season_snowmelt
0.025031284615845292,0.01795307617187815,0.8935657445017203,0.9126221740377644,460,0.1330832618070733,ridge,1,2073,Silvaplanersee,season_summer
0.0260911540400005,0.013659031552698842,0.9131655642611318,0.9411270520459444,455,-0.03313553721019313,ridge,1,2073,Silvaplanersee,season_autumn
0.041238775854211665,0.026410800365694858,0.4147115446543982,0.575289421307514,94,0.23636284294899879,ridge,1,2073,Silvaplanersee,high_5pct
0.018022511880182134,0.011771792204488362,0.941598413058783,0.9706204478393465,92,-0.005612102766331839,ridge,1,2073,Silvaplanersee,low_5pct
0.016228487064152638,0.011585265573147258,0.9949853561405998,0.9755642500161816,452,0.4013506020630776,ridge,1,2081,Pfäffikersee,season_winter
0.015003448336201304,0.010063805621602678,0.9872044780608107,0.9931146774820291,460,0.4310507651620221,ridge,1,2081,Pfäffikersee,season_snowmelt
0.019195796696372124,0.01100444073360608,0.9854251015433964,0.9917944359188261,460,0.2925048464526854,ridge,1,2081,Pfäffikersee,season_summer
0.012593822774039181,0.00967581022493285,0.9954836801960498,0.9853298955977979,455,0.39350523607039756,ridge,1,2081,Pfäffikersee,season_autumn
0.028095642649709058,0.022617990801409766,0.7506789819758862,0.8238516988737833,93,0.47753291584032687,ridge,1,2081,Pfäffikersee,high_5pct
0.008866959795944443,0.00725006899626163,0.9693381757416465,0.9930663020952484,92,0.3138614938957539,ridge,1,2081,Pfäffikersee,low_5pct
0.021501835847386908,0.011686290639691286,0.98159889822627,0.9739595642433985,452,0.3826378596726423,ridge,1,2082,Greifensee,season_winter
0.01816623695829612,0.009770491411134438,0.9890843650012392,0.9653236018914917,460,0.3907052662415055,ridge,1,2082,Greifensee,season_snowmelt
0.016808284696982416,0.009863627292799656,0.9961682249079338,0.9823671885980266,460,0.43753288343419006,ridge,1,2082,Greifensee,season_summer
0.012505985417399546,0.006829858666723324,0.9942711123791478,0.9803033081649081,455,0.42043765997508986,ridge,1,2082,Greifensee,season_autumn
0.04315558364229684,0.02680818598321064,0.9143958104302536,0.9638761429397126,94,0.3601854027096101,ridge,1,2082,Greifensee,high_5pct
0.007108604148078156,0.00565302220394654,0.945732611400473,0.9400428089113984,95,0.1606461850675902,ridge,1,2082,Greifensee,low_5pct
0.009173411784486512,0.006828172351759025,0.9946483656797631,0.9850015242752695,452,0.24688028886926805,ridge,1,2097,Hallwilersee,season_winter
0.006271928347072268,0.004449689695160037,0.9673468264417794,0.9793330374103574,460,0.10105246267687518,ridge,1,2097,Hallwilersee,season_snowmelt
0.007809910244723085,0.005630071756113762,0.9945329719040585,0.9775749961379656,460,0.22065346887209858,ridge,1,2097,Hallwilersee,season_summer
0.0075933063285743094,0.005643535123231056,0.9974950086060589,0.9711295795173204,455,-0.01941662251823395,ridge,1,2097,Hallwilersee,season_autumn
0.009054742461231334,0.005970345571529257,0.862112409688539,0.9298550433555897,94,0.4513033620161224,ridge,1,2097,Hallwilersee,high_5pct
0.011458511929757602,0.010483172872793404,0.7339792211565628,0.9275223860019707,92,-0.5869378204081515,ridge,1,2097,Hallwilersee,low_5pct
0.015957778717912215,0.008706818077065056,0.991944763369068,0.9703499456891869,452,0.2845339393677935,ridge,1,2101,Lago_di_Lugano,season_winter
0.013151759009465617,0.007976117208729351,0.9897926621788188,0.9736476777588929,460,0.42652642925263695,ridge,1,2101,Lago_di_Lugano,season_snowmelt
0.017301234485759327,0.008702858568274323,0.9870769698934685,0.9819704109749338,460,0.47737066543095585,ridge,1,2101,Lago_di_Lugano,season_summer
0.020314066963129748,0.0111606600918615,0.988360606101531,0.9697064477015714,455,0.4516182977457057,ridge,1,2101,Lago_di_Lugano,season_autumn
0.05030240538909579,0.032808153235390346,0.8055422885723929,0.910993892659838,92,0.3945098409163378,ridge,1,2101,Lago_di_Lugano,high_5pct
0.010515781988317036,0.008688368930611359,0.4767675008959613,0.8503457656846345,93,-0.18259489440523669,ridge,1,2101,Lago_di_Lugano,low_5pct
0.016272329877135585,0.009074877025527516,0.9934417540760611,0.9804635244218972,452,0.4253483155071658,ridge,1,2137,Baldeggersee,season_winter
0.009105963781347785,0.006326400093411413,0.9965881826382293,0.9745359497183225,460,0.48593029003633326,ridge,1,2137,Baldeggersee,season_snowmelt
0.013646932960852669,0.007843010147758294,0.9971490065829359,0.9842762149434422,460,0.33146978234783153,ridge,1,2137,Baldeggersee,season_summer
0.009917717618102603,0.006488366565076081,0.9963566483364035,0.9740240139889877,455,0.36359822066191083,ridge,1,2137,Baldeggersee,season_autumn
0.02305227391238551,0.012298668902848644,0.9329553421962193,0.9626979612209325,92,0.44241868051782174,ridge,1,2137,Baldeggersee,high_5pct
0.009494927168337513,0.00580437170941094,0.920899650616373,0.9700952224312824,92,-0.010977032584039037,ridge,1,2137,Baldeggersee,low_5pct
0.009558962547296632,0.004912978674588454,0.9922987440106452,0.9755437379141859,452,0.2566629750126229,ridge,1,2168,Sempachersee,season_winter
0.00557945110970417,0.003961284604281075,0.9964067322960115,0.96517208366224,460,0.42243606772341924,ridge,1,2168,Sempachersee,season_snowmelt
0.007717504995728609,0.005320021123472182,0.998485794909666,0.9776006243158356,460,0.3562084824706402,ridge,1,2168,Sempachersee,season_summer
0.005114840254124139,0.003854146098043217,0.998332039211008,0.9786068559601807,455,0.4238860254579062,ridge,1,2168,Sempachersee,season_autumn
0.013644451204829931,0.009987871723790714,0.9425572564002528,0.966626365866791,93,0.3332024478440504,ridge,1,2168,Sempachersee,high_5pct
0.0060521126007383385,0.004712554603494854,0.8439583101115785,0.9521405608303808,93,-0.2191051535913957,ridge,1,2168,Sempachersee,low_5pct
0.055728279109270806,0.024908328640168443,0.9556512776066151,0.9779253142674396,452,0.29139523573934334,ridge,1,2484,Lauerzersee,season_winter
0.046548952441344785,0.02074394466381675,0.9629841803001027,0.9814686850889079,460,0.3078772227026204,ridge,1,2484,Lauerzersee,season_snowmelt
0.041263187687891806,0.020090480107846097,0.9769656225386966,0.9879113383423483,460,0.438432226600028,ridge,1,2484,Lauerzersee,season_summer
0.0333786446372746,0.016136848600619643,0.9721962729809656,0.9862412022937046,455,0.4230839639642596,ridge,1,2484,Lauerzersee,season_autumn
0.12825990586140915,0.08696446572580756,0.5151520077833609,0.7379293961540139,93,0.33114541990396607,ridge,1,2484,Lauerzersee,high_5pct
0.006586382185699444,0.004681022312333336,0.9733975230836008,0.9834538795330662,92,0.3302026047198422,ridge,1,2484,Lauerzersee,low_5pct
0.023486159045648138,0.015037201106352678,0.9828137969214048,0.9639430239295772,452,0.31379344434079504,lightgbm,1,2004,Murtensee,season_winter
0.012988725157438843,0.008802601547060486,0.9834129398544093,0.990631436215762,460,0.405989228993877,lightgbm,1,2004,Murtensee,season_snowmelt
0.012392010887158708,0.009178130629607657,0.9690639861930104,0.971157053306485,460,0.2802556447621227,lightgbm,1,2004,Murtensee,season_summer
0.012899101849283268,0.009236945627111044,0.9887907764988347,0.9931290647675547,455,0.40710799918147456,lightgbm,1,2004,Murtensee,season_autumn
0.031335733546391895,0.01943984093739338,0.8338971698820445,0.9170542901058432,94,0.41414737085562414,lightgbm,1,2004,Murtensee,high_5pct
0.029835675991285816,0.021708568216070034,0.8953614544372425,0.8138006085436096,92,-0.7543800491889896,lightgbm,1,2004,Murtensee,low_5pct
0.05227523300153773,0.034690714586079634,0.9918399821183632,0.9802232941913288,452,0.20291966089697777,lightgbm,1,2007,Lac_de_Joux,season_winter
0.03255008033140707,0.021992557417574377,0.9923781012748328,0.9666169053800795,460,0.246770061703953,lightgbm,1,2007,Lac_de_Joux,season_snowmelt
0.024866745036105288,0.0167347732359852,0.9936132197603319,0.9950542190557632,460,-0.20394711217635764,lightgbm,1,2007,Lac_de_Joux,season_summer
0.124810489101608,0.03689105348963409,0.9461102905126723,0.972820430135812,455,-0.02016127277372637,lightgbm,1,2007,Lac_de_Joux,season_autumn
0.06252023243561561,0.04079300404740015,0.5074229345997806,0.7937188032688968,92,0.1507182192744887,lightgbm,1,2007,Lac_de_Joux,high_5pct
0.14177381664141847,0.036389627158716006,-0.8326311809184246,0.29398852411301446,92,-0.018475913132472543,lightgbm,1,2007,Lac_de_Joux,low_5pct
0.00655220267431486,0.0042797160813307,0.9979188089945344,0.9851692799569419,452,0.49514341819642604,lightgbm,1,2017,Zugersee,season_winter
0.006701187927511534,0.004248602673072192,0.9969035149420035,0.9981327054534505,460,0.5598907829052915,lightgbm,1,2017,Zugersee,season_snowmelt
0.010462278128483899,0.005794344227971771,0.9977912553084608,0.9967801612311561,460,0.33841672803080625,lightgbm,1,2017,Zugersee,season_summer
0.00566567649745967,0.003987465739067795,0.9982608474848214,0.9975313351202465,455,0.5091873123727859,lightgbm,1,2017,Zugersee,season_autumn
0.016564389806222993,0.011246255635103107,0.9713405856891157,0.9624349224983193,93,0.3584173732330793,lightgbm,1,2017,Zugersee,high_5pct
0.006908343080627111,0.005722623372178297,0.935869006713208,0.8950261219198368,93,-0.08060366643214056,lightgbm,1,2017,Zugersee,low_5pct
0.012432557396254807,0.007068463340438502,0.9953020532945235,0.9851113248453546,452,0.5079345749905406,lightgbm,1,2031,Ägerisee,season_winter
0.01715521264114464,0.008165038487734068,0.988934846887672,0.9913983389561007,460,0.3647525553729606,lightgbm,1,2031,Ägerisee,season_snowmelt
0.01917073484732904,0.010331757072384562,0.9934986890028193,0.9751195728616086,460,0.20009251012285934,lightgbm,1,2031,Ägerisee,season_summer
0.008807065318827205,0.005753235607958631,0.9917810909409515,0.9905812311014156,455,0.5504531056200992,lightgbm,1,2031,Ägerisee,season_autumn
0.01996787730522281,0.012191517155262387,0.81657725237761,0.9117026320611394,92,0.5616429781783716,lightgbm,1,2031,Ägerisee,high_5pct
0.03513039254386867,0.024250881357840714,0.48618200734211037,0.5931487981133392,93,-1.9273141333726782,lightgbm,1,2031,Ägerisee,low_5pct
0.013336433980476422,0.009891502751012452,0.6681173100157634,0.819321086335953,452,-0.01214625989184892,lightgbm,1,2066,St._Moritzersee,season_winter
0.023223524898826495,0.01769381533243167,0.8283342595792962,0.9239016335321123,460,-0.00742995903549204,lightgbm,1,2066,St._Moritzersee,season_snowmelt
0.031103402334563872,0.02047163835731641,0.8958503455827558,0.8918158859663651,460,0.18961462371785043,lightgbm,1,2066,St._Moritzersee,season_summer
0.02919788072506536,0.020236284253318804,0.6551580265379222,0.8056917999082849,455,0.10225466271920902,lightgbm,1,2066,St._Moritzersee,season_autumn
0.028302035309865484,0.016804459055850762,-2.366498828995602,0.03717826279385994,94,0.3312634214655633,lightgbm,1,2066,St._Moritzersee,high_5pct
0.037880646957176724,0.03034260235394868,-7.189042238093812,-0.3133465981751484,95,-0.12711229482097064,lightgbm,1,2066,St._Moritzersee,low_5pct
0.0220321994891676,0.009457405407508016,0.9388434281979985,0.9689354427095033,392,-0.11857321734369641,lightgbm,1,2072,Silsersee,season_winter
0.02376053494071876,0.011741437308057996,0.9723294242412821,0.9777158126200073,433,0.12455563467615005,lightgbm,1,2072,Silsersee,season_snowmelt
0.01977875305243459,0.01230878081694992,0.9028389388168517,0.9479847609386245,460,0.18124231453364648,lightgbm,1,2072,Silsersee,season_summer
0.017960293768216753,0.00926273300052484,0.9359229086912072,0.9648055085006007,455,0.21968636690455678,lightgbm,1,2072,Silsersee,season_autumn
0.031314837438970664,0.019573882408701834,0.6661366676414,0.8453021515247144,94,0.30293463158648803,lightgbm,1,2072,Silsersee,high_5pct
0.03429263370626484,0.01649535430572707,-0.36406144381851746,0.4582477862905904,88,0.002308117030244805,lightgbm,1,2072,Silsersee,low_5pct
0.009216503209373507,0.005421076800828802,0.9927310134196681,0.991749606755985,452,0.06357513096498024,lightgbm,1,2073,Silvaplanersee,season_winter
0.014095469149623426,0.009751708620752237,0.9923498722852455,0.9891918187198508,460,0.3678727954445651,lightgbm,1,2073,Silvaplanersee,season_snowmelt
0.021731242855229187,0.016070954233795044,0.9197797002519894,0.9303091338885436,460,0.24737469682206947,lightgbm,1,2073,Silvaplanersee,season_summer
0.023032394841712853,0.0118828042754253,0.9323319591456928,0.9492048288640877,455,0.08798263267507689,lightgbm,1,2073,Silvaplanersee,season_autumn
0.042347658370932406,0.0281071680471875,0.38281234677334486,0.7578639669449506,94,0.2158291613585035,lightgbm,1,2073,Silvaplanersee,high_5pct
0.013206622521996126,0.008420174138771708,0.9686398929163285,0.9847612966902544,92,0.2631027498786419,lightgbm,1,2073,Silvaplanersee,low_5pct
0.018462593278472078,0.011461952428907357,0.9935096303449068,0.9873539727149434,452,0.318937106902227,lightgbm,1,2081,Pfäffikersee,season_winter
0.013530098048127331,0.009371885477077553,0.9895941462180973,0.994793008987049,460,0.4869220222399958,lightgbm,1,2081,Pfäffikersee,season_snowmelt
0.01982640640361577,0.01076212600074373,0.9844517590337244,0.9885671802930336,460,0.26926260656487233,lightgbm,1,2081,Pfäffikersee,season_summer
0.02954533516153988,0.01673713917319214,0.9751430765901488,0.931575793150145,455,-0.4228476448753433,lightgbm,1,2081,Pfäffikersee,season_autumn
0.0262444104640324,0.02124783127656536,0.7824522511194401,0.8614625218620183,93,0.5119584633962941,lightgbm,1,2081,Pfäffikersee,high_5pct
0.06361995332903406,0.04832441829044174,-0.5784658988110909,0.23214016504726787,92,-3.9230063900335734,lightgbm,1,2081,Pfäffikersee,low_5pct
0.015236129105293976,0.007846171040612951,0.9907606369720092,0.9940595796394388,452,0.5625392482060381,lightgbm,1,2082,Greifensee,season_winter
0.015211777336357684,0.0077608800013755945,0.9923461671225294,0.9740509400791547,460,0.4897977031001538,lightgbm,1,2082,Greifensee,season_snowmelt
0.024639611353828635,0.012625147283475628,0.9917658092081831,0.9580347195580416,460,0.1754678480679066,lightgbm,1,2082,Greifensee,season_summer
0.012265809411712245,0.007585947910508122,0.9944890446576532,0.9900599919346352,455,0.4315680877845053,lightgbm,1,2082,Greifensee,season_autumn
0.04849566672687791,0.03237111427527396,0.8918996997742638,0.9342733437925813,94,0.2810145789159125,lightgbm,1,2082,Greifensee,high_5pct
0.034880358565987445,0.024804709846828723,-0.30656837989102437,0.05183370212161231,95,-3.118524736883413,lightgbm,1,2082,Greifensee,low_5pct
0.020572687756489943,0.0070284342180977205,0.9730842353923584,0.931550619157786,452,-0.6889786509477753,lightgbm,1,2097,Hallwilersee,season_winter
0.005461233472721312,0.003572002943660565,0.9752426186015541,0.9845829689816127,460,0.2172483310749035,lightgbm,1,2097,Hallwilersee,season_snowmelt
0.013583746414872897,0.006090877310961055,0.9834614149437257,0.9341525680985546,460,-0.3555143806300709,lightgbm,1,2097,Hallwilersee,season_summer
0.07600910188614145,0.036337949649570656,0.7489989148085103,0.6111322182947372,455,-9.204374559976817,lightgbm,1,2097,Hallwilersee,season_autumn
0.007372861630568972,0.004901916530047735,0.9085791733507425,0.9415231153108298,94,0.5532214851681833,lightgbm,1,2097,Hallwilersee,high_5pct
0.17186011356572747,0.17039850074093257,-58.84244193017227,-0.0838890539993511,92,-22.801634602204615,lightgbm,1,2097,Hallwilersee,low_5pct
0.02539196100616054,0.013083330289355499,0.9796048966373493,0.92458620319257,452,-0.13844706296197562,lightgbm,1,2101,Lago_di_Lugano,season_winter
0.014487626413637445,0.008467073368345391,0.9876137659925757,0.9752274536000091,460,0.36827683315191295,lightgbm,1,2101,Lago_di_Lugano,season_snowmelt
0.020931099509466464,0.009366921569676131,0.9810855265168476,0.9568600317759237,460,0.36772103647083787,lightgbm,1,2101,Lago_di_Lugano,season_summer
0.020365563202981166,0.010800627242291399,0.988301519485079,0.9703097695902414,455,0.450228147968181,lightgbm,1,2101,Lago_di_Lugano,season_autumn
0.06360082407969067,0.040117910061701914,0.6891340535830391,0.8324853632849867,92,0.23443674726911212,lightgbm,1,2101,Lago_di_Lugano,high_5pct
0.041591320412370486,0.0389604940224569,-7.184967891211151,-0.1160678245526916,93,-3.6773205479047215,lightgbm,1,2101,Lago_di_Lugano,low_5pct
0.014009690093588123,0.007302992668950893,0.9951387800085876,0.9852563087335307,452,0.5052526545190621,lightgbm,1,2137,Baldeggersee,season_winter
0.00783022956472555,0.0050481513886673525,0.9974771993903819,0.998563605679344,460,0.5579508179537691,lightgbm,1,2137,Baldeggersee,season_snowmelt
0.012894451905152218,0.006424662827386076,0.9974547416460856,0.995043424800298,460,0.3683320081233675,lightgbm,1,2137,Baldeggersee,season_summer
0.007878384063489674,0.004933940680605047,0.9977009314970372,0.996180875365834,455,0.4944585206618449,lightgbm,1,2137,Baldeggersee,season_autumn
0.02100256279469121,0.013389757410650467,0.9443479432208257,0.9023970526752714,92,0.4919964633389442,lightgbm,1,2137,Baldeggersee,high_5pct
0.008425911357821057,0.0060053100758760474,0.9377084843464534,0.9491073068870912,92,0.10284695076417438,lightgbm,1,2137,Baldeggersee,low_5pct
0.009095274748448259,0.0040133298645637005,0.9930277703255388,0.9922312485900702,452,0.292720895232885,lightgbm,1,2168,Sempachersee,season_winter
0.004584210226186906,0.003294829464780452,0.9975743079074588,0.9899082893334724,460,0.5254596854493441,lightgbm,1,2168,Sempachersee,season_snowmelt
0.007832584689085865,0.004876388180275008,0.9984403000366259,0.9885148095820865,460,0.3466085754457292,lightgbm,1,2168,Sempachersee,season_summer
0.004339423797281484,0.0030210821801044934,0.9987994346064186,0.9957927231371513,455,0.5112256557653765,lightgbm,1,2168,Sempachersee,season_autumn
0.01390701069677841,0.010541928521590346,0.9403252501793333,0.9757773845313206,93,0.32037129590555524,lightgbm,1,2168,Sempachersee,high_5pct
0.006099901432392851,0.004962585488108191,0.841484300849463,0.9158872082934646,93,-0.2287314799335427,lightgbm,1,2168,Sempachersee,low_5pct
0.04889763668601659,0.020461907576825106,0.9658566926599985,0.9675563389250402,452,0.3782492682241485,lightgbm,1,2484,Lauerzersee,season_winter
0.04623827311992408,0.018704814963650337,0.963476637038421,0.9572886026525522,460,0.3124966227860383,lightgbm,1,2484,Lauerzersee,season_snowmelt
0.030104921096186864,0.014485686856449236,0.9877389993563738,0.9893284057957571,460,0.5902896878389172,lightgbm,1,2484,Lauerzersee,season_summer
0.023979708839659688,0.012459726665780296,0.9856499494356087,0.9922409290446071,455,0.5855350413593889,lightgbm,1,2484,Lauerzersee,season_autumn
0.1175282941608533,0.07160436558023742,0.5928929405740122,0.7603588596980895,93,0.3871090321452304,lightgbm,1,2484,Lauerzersee,high_5pct
0.0072848841804912965,0.0052703247525202005,0.9674558058256253,0.9833508930094635,92,0.2591689471641969,lightgbm,1,2484,Lauerzersee,low_5pct
0.022149026370464828,0.014096431405846363,0.9847150076889669,0.962417079608658,452,0.3528611014112233,lstm,1,2004,Murtensee,season_winter
0.014299975766298908,0.009115722125508919,0.9798948661844306,0.9751455856220421,460,0.346022067035328,lstm,1,2004,Murtensee,season_snowmelt
0.012172933304197152,0.009186198447407456,0.9701481489962132,0.9844856349909892,460,0.2929799600594192,lstm,1,2004,Murtensee,season_summer
0.014213772030160835,0.01007728580013743,0.9863894625080306,0.9933200877030253,455,0.34668073509252073,lstm,1,2004,Murtensee,season_autumn
0.03393251146059902,0.019866343396774285,0.8052267505626194,0.9058258982463591,94,0.3655980312944487,lstm,1,2004,Murtensee,high_5pct
0.022230602356665553,0.019865566087806093,0.9419071890867269,0.9235349406544477,92,-0.30719093703051614,lstm,1,2004,Murtensee,low_5pct
0.051745172678512585,0.037120704853429345,0.9920046250141851,0.9707763142204727,452,0.2110018948300052,lstm,1,2007,Lac_de_Joux,season_winter
0.03303733904250249,0.022624145507814112,0.9921482011538428,0.9837909784711405,460,0.23549457958053466,lstm,1,2007,Lac_de_Joux,season_snowmelt
0.028281152882220134,0.021180018682062124,0.9917388918255382,0.9915103704531952,460,-0.36925891555688173,lstm,1,2007,Lac_de_Joux,season_summer
0.1337284031000508,0.0476319720650101,0.938134149275359,0.9630925634795516,455,-0.0930534676575363,lstm,1,2007,Lac_de_Joux,season_autumn
0.051011136022909846,0.03532965353260757,0.6720836962770887,0.8720480084931183,92,0.3070590631123655,lstm,1,2007,Lac_de_Joux,high_5pct
0.17851810822930994,0.08125214949898509,-1.9056785097213793,0.12459317108306311,92,-0.28243985805494143,lstm,1,2007,Lac_de_Joux,low_5pct
0.006778188775746358,0.0051413516188954,0.9977727723223918,0.9728044089134184,452,0.4777308660555917,lstm,1,2017,Zugersee,season_winter
0.005863597440054378,0.004067031993037063,0.9976292067233017,0.9949138669048881,460,0.6149006255881595,lstm,1,2017,Zugersee,season_snowmelt
0.008383222126896347,0.00541304878566628,0.9985818735939718,0.9903917805601526,460,0.46988605576667697,lstm,1,2017,Zugersee,season_summer
0.006646002106786105,0.00518056432874938,0.9976069318212231,0.9777894244963057,455,0.4242625470285185,lstm,1,2017,Zugersee,season_autumn
0.0102693002837618,0.00838017945648612,0.9889846542579497,0.9948406205760116,93,0.602242839718796,lstm,1,2017,Zugersee,high_5pct
0.009903557871016376,0.009279898038476292,0.8682038695915711,0.9426233048959852,93,-0.5491154421896074,lstm,1,2017,Zugersee,low_5pct
0.014384725113049454,0.008365263680738899,0.9937108743120817,0.9898749095388477,452,0.4306701629602633,lstm,1,2031,Ägerisee,season_winter
0.017925511176122597,0.009134225582760504,0.9879188489320062,0.9908985283602221,460,0.3362288532084591,lstm,1,2031,Ägerisee,season_snowmelt
0.011558516644731015,0.008149589206860118,0.9976366522699271,0.99734002027761,460,0.5177157208828592,lstm,1,2031,Ägerisee,season_summer
0.009435463172910859,0.007094925094438522,0.9905663841292929,0.9880645677169626,455,0.5183772331800025,lstm,1,2031,Ägerisee,season_autumn
0.022768430441929808,0.013752085810127908,0.7615180125298074,0.8426419919374297,92,0.5001621250213364,lstm,1,2031,Ägerisee,high_5pct
0.009244068944814011,0.006233282930100271,0.964422972885396,0.9228470803000021,93,0.22971843715568252,lstm,1,2031,Ägerisee,low_5pct
0.013203694871790161,0.010019239577568905,0.6746909677284161,0.7693397011666745,452,-0.002072248158663248,lstm,1,2066,St._Moritzersee,season_winter
0.02252145464945223,0.016936595053163687,0.8385566240726149,0.913676682036346,460,0.023025650336834236,lstm,1,2066,St._Moritzersee,season_snowmelt
0.03344216582761904,0.021643757997078013,0.8795987962310396,0.8919171119335714,460,0.12867917643244842,lstm,1,2066,St._Moritzersee,season_summer
0.02967252761937716,0.019918357228705864,0.643855249689814,0.7961802660914082,455,0.08766072556892035,lstm,1,2066,St._Moritzersee,season_autumn
0.03355422151728389,0.017586657801418968,-3.731920782483983,-0.29010148723323725,94,0.2071617801623874,lstm,1,2066,St._Moritzersee,high_5pct
0.03717812663533261,0.030234477796066608,-6.8881169454286315,-0.14511289904853197,95,-0.10620929142170943,lstm,1,2066,St._Moritzersee,low_5pct
0.024019127928951882,0.012354119935322063,0.9273154857051583,0.9595938510962475,392,-0.2194494343829405,lstm,1,2072,Silsersee,season_winter
0.02677492141916661,0.015640977332636804,0.9648632023501792,0.9823678785926653,433,0.013492156347503226,lstm,1,2072,Silsersee,season_snowmelt
0.02006916862270835,0.01471404426324032,0.8999647188295157,0.858343378223,460,0.16922032409216792,lstm,1,2072,Silsersee,season_summer
0.020293985118042007,0.01330813553012736,0.9181892088419215,0.9285716847776381,455,0.11829542089853506,lstm,1,2072,Silsersee,season_autumn
0.03261365221921896,0.02555212488918661,0.6378676922961967,0.8631298394366066,94,0.2740231353968896,lstm,1,2072,Silsersee,high_5pct
0.03547654482105556,0.01977148611780938,-0.4598723526139894,0.4881003840045134,88,-0.032135971443735256,lstm,1,2072,Silsersee,low_5pct
0.012865735798266798,0.009090504881393738,0.9858351895473969,0.9451692964172813,452,-0.30719804314483623,lstm,1,2073,Silvaplanersee,season_winter
0.01854827520990378,0.013654339334238121,0.9867530262114913,0.9846916368223783,460,0.16818168779613896,lstm,1,2073,Silvaplanersee,season_snowmelt
0.022145794535397008,0.016131568444298548,0.916689894867859,0.8945548933136939,460,0.23301739171772062,lstm,1,2073,Silvaplanersee,season_summer
0.02286471276458118,0.013654404264871318,0.9333136559369853,0.918532058014677,455,0.09462236630174437,lstm,1,2073,Silvaplanersee,season_autumn
0.039519577392006816,0.02630153964428536,0.4624943777940397,0.787699433875434,94,0.2681980223133369,lstm,1,2073,Silvaplanersee,high_5pct
0.01653551261401833,0.011260211447012372,0.9508380236855334,0.9671569933880816,92,0.07735882097617275,lstm,1,2073,Silvaplanersee,low_5pct
0.014675668045149214,0.009968908439343352,0.995899094261689,0.9878010696900958,452,0.458632230791414,lstm,1,2081,Pfäffikersee,season_winter
0.012640333045544898,0.008690257727581837,0.9909177622770184,0.9842619207892261,460,0.5206630067164391,lstm,1,2081,Pfäffikersee,season_snowmelt
0.021008490650703513,0.011452782614252971,0.9825424635324507,0.9892956845132951,460,0.2256947938229681,lstm,1,2081,Pfäffikersee,season_summer
0.015074911093513898,0.011173541595124854,0.9935288859929063,0.9837817614978991,455,0.27402069975389254,lstm,1,2081,Pfäffikersee,season_autumn
0.024053966681176726,0.018889244161630726,0.8172512728481148,0.9226025083060126,93,0.552691996012468,lstm,1,2081,Pfäffikersee,high_5pct
0.01924885479531327,0.01604337034363267,0.8555031750878503,0.8034564254657331,92,-0.4895049461614309,lstm,1,2081,Pfäffikersee,low_5pct
0.01395934047678936,0.007414084105364881,0.9922442724647217,0.9915437846368449,452,0.599198488190657,lstm,1,2082,Greifensee,season_winter
0.012489310792976759,0.008284625561099638,0.9948406379881495,0.9920216282692643,460,0.5811091030077807,lstm,1,2082,Greifensee,season_snowmelt
0.014350796678942053,0.010546458899456159,0.9972067793640307,0.99017107565731,460,0.519769484278436,lstm,1,2082,Greifensee,season_summer
0.01221992120389625,0.008436927476819435,0.9945302021239213,0.9687125210466675,455,0.43369467567132514,lstm,1,2082,Greifensee,season_autumn
0.0277794745423452,0.018818297041224726,0.9645293551036601,0.9705342175938227,94,0.5881480027110746,lstm,1,2082,Greifensee,high_5pct
0.01827453663129502,0.017636158511512397,0.6413564623647288,0.9609035348482836,95,-1.1577797438258624,lstm,1,2082,Greifensee,low_5pct
0.008654323578314442,0.005730948209059914,0.9952368867184016,0.9930815406225265,452,0.28949644620178894,lstm,1,2097,Hallwilersee,season_winter
0.006434675457620394,0.004443873908922901,0.9656302387436883,0.9753889491426193,460,0.07772612568165349,lstm,1,2097,Hallwilersee,season_snowmelt
0.008566965750046463,0.006459135105299281,0.9934217059659284,0.9800070905216316,460,0.14510732769285706,lstm,1,2097,Hallwilersee,season_summer
0.02070068568932666,0.012314854770379823,0.9813828216319739,0.8953440817854246,455,-1.7791086222629815,lstm,1,2097,Hallwilersee,season_autumn
0.007494845081411556,0.005547803080674534,0.9055290466668757,0.9527848780399926,94,0.5458295676560538,lstm,1,2097,Hallwilersee,high_5pct
0.04510842758115268,0.043849168860395304,-3.1226312889529293,0.5744748962959774,92,-5.247257077227453,lstm,1,2097,Hallwilersee,low_5pct
0.016424444959726222,0.009931671052556285,0.991466742915521,0.9556930674205731,452,0.2636109861446153,lstm,1,2101,Lago_di_Lugano,season_winter
0.012839859630249311,0.008543222974694354,0.9902710637973723,0.9811569629692511,460,0.44012659107010377,lstm,1,2101,Lago_di_Lugano,season_snowmelt
0.01587079006804087,0.008641055430537206,0.9891255508775691,0.9750008305205813,460,0.5205810048310457,lstm,1,2101,Lago_di_Lugano,season_summer
0.016571059321419057,0.010673974609374949,0.9922547195049434,0.9685349303683098,455,0.5526614274074138,lstm,1,2101,Lago_di_Lugano,season_autumn
0.042781822690706864,0.029035246475882313,0.8593414191523879,0.9392710435927958,92,0.48503511061718707,lstm,1,2101,Lago_di_Lugano,high_5pct
0.011672126702648791,0.010083708732359219,0.35536846071834916,0.8576750912382171,93,-0.31263632706906375,lstm,1,2101,Lago_di_Lugano,low_5pct
0.014315761283980084,0.007936762227807478,0.994924052586473,0.9812219540798792,452,0.49444385661111134,lstm,1,2137,Baldeggersee,season_winter
0.008150722096068331,0.005945475437330387,0.9972664557446193,0.9914652365726813,460,0.5398576751971087,lstm,1,2137,Baldeggersee,season_snowmelt
0.011835742846900685,0.006842678434953744,0.9978555440001451,0.9951013762929815,460,0.4201956026155176,lstm,1,2137,Baldeggersee,season_summer
0.008804679413024982,0.005308680138220582,0.9971285271796949,0.9942011284424538,455,0.4350198442106348,lstm,1,2137,Baldeggersee,season_autumn
0.018955688900748356,0.011631063710085677,0.9546668621632858,0.9055074999357006,92,0.5415056202635931,lstm,1,2137,Baldeggersee,high_5pct
0.006619648989073581,0.00455144467561297,0.961552770612018,0.9786148034404777,92,0.29516962341341324,lstm,1,2137,Baldeggersee,low_5pct
0.009162029764460546,0.004286111209321476,0.9929250490028024,0.9961028509683031,452,0.2875298010362045,lstm,1,2168,Sempachersee,season_winter
0.005317472445089355,0.004307086447011112,0.9967362482523251,0.9967148230584604,460,0.4495551202489144,lstm,1,2168,Sempachersee,season_snowmelt
0.00783671193025483,0.006051069972825906,0.9984386558912627,0.9915220947337757,460,0.3462642824576653,lstm,1,2168,Sempachersee,season_summer
0.0061599755441037055,0.004780911959133661,0.9975807560485274,0.9785636575011754,455,0.30616640648078575,lstm,1,2168,Sempachersee,season_autumn
0.00840196117820281,0.005262065272177097,0.9782186712180152,0.9717732303524664,93,0.5894003311066272,lstm,1,2168,Sempachersee,high_5pct
0.010853169395064982,0.010555110152049638,0.4981894255329862,0.9730468145735842,93,-1.1862043248683065,lstm,1,2168,Sempachersee,low_5pct
0.05041122081888318,0.022731299788364544,0.96371022474786,0.9599393439049415,452,0.3590035110466193,lstm,1,2484,Lauerzersee,season_winter
0.03935342086318066,0.017741032372811105,0.9735434915984416,0.9849180101160526,460,0.4148654799847874,lstm,1,2484,Lauerzersee,season_snowmelt
0.030083879427015507,0.01677774021314534,0.9877561328846373,0.9850647576262231,460,0.590576052610213,lstm,1,2484,Lauerzersee,season_summer
0.02591596434065941,0.013664005086710843,0.9832389829622924,0.9910085626607855,455,0.5520688278408893,lstm,1,2484,Lauerzersee,season_autumn
0.10345581016583187,0.06297657562584241,0.6845478149941877,0.8576524769006801,93,0.4604947508558679,lstm,1,2484,Lauerzersee,high_5pct
0.013680600184111944,0.012422310207200651,0.8852273204312631,0.9662688186972865,92,-0.3912387879772472,lstm,1,2484,Lauerzersee,low_5pct
0.07013677316129566,0.04788925197905128,0.8467334059964883,0.8820277884910328,452,0.18243530246837714,ridge,3,2004,Murtensee,season_winter
0.04424488222868249,0.033619818380603926,0.8075302634204271,0.9177431151508209,460,0.08683092781743418,ridge,3,2004,Murtensee,season_snowmelt
0.042140677425030956,0.03363991062330085,0.6422465704206634,0.8334047348109931,460,-0.04215335513890883,ridge,3,2004,Murtensee,season_summer
0.04312409661748391,0.031854131074004685,0.8747157130222991,0.8923900643804269,455,0.10307648682140447,ridge,3,2004,Murtensee,season_autumn
0.10674602675851576,0.07346969799285318,-0.9275281917466627,0.3506890404564488,94,0.14719899792997293,ridge,3,2004,Murtensee,high_5pct
0.04837703223174319,0.04375402566660979,0.7248950689696787,0.9091622225605293,92,-0.1886251825399936,ridge,3,2004,Murtensee,low_5pct
0.14908777170107532,0.10787512099004345,0.9336282599688672,0.9597165259803544,452,0.14896531987168204,ridge,3,2007,Lac_de_Joux,season_winter
0.10745565721595744,0.08262548509681106,0.916935087128294,0.9575331436147385,460,0.0681792158563046,ridge,3,2007,Lac_de_Joux,season_snowmelt
0.08893980825858941,0.06822895720108689,0.918297288912725,0.9507348343295201,460,-0.6438294892633118,ridge,3,2007,Lac_de_Joux,season_summer
0.24484299790263878,0.11540861023814704,0.7926141843499275,0.8977576330512086,455,-0.1184937619747024,ridge,3,2007,Lac_de_Joux,season_autumn
0.18542467448206376,0.11841126549762007,-3.3327942833292727,-0.4003774650758436,92,0.05667005802128178,ridge,3,2007,Lac_de_Joux,high_5pct
0.3028274476196732,0.13395881984545385,-7.361293756694202,-1.13938370146959,92,-0.2344419892290699,ridge,3,2007,Lac_de_Joux,low_5pct
0.024059983031535847,0.016782968983780865,0.9719373985494134,0.9253548207068298,452,0.24566665341175098,ridge,3,2017,Zugersee,season_winter
0.03015713138198496,0.02040730511209265,0.937288751095017,0.886427553998858,460,0.1973784882462104,ridge,3,2017,Zugersee,season_snowmelt
0.03280498357598172,0.025588269042969698,0.9782843593741749,0.9475079436800536,460,0.043949096139122235,ridge,3,2017,Zugersee,season_summer
0.02426889834637629,0.017830549717459964,0.968089453072433,0.9469669214435888,455,0.14268038915267423,ridge,3,2017,Zugersee,season_autumn
0.0542386281677377,0.037582671790992526,0.6927203356312592,0.8807281316756462,93,0.181855927675605,ridge,3,2017,Zugersee,high_5pct
0.029242698488240834,0.025003971879202683,-0.1490926977096998,0.8314271371918922,93,-1.2292471396595355,ridge,3,2017,Zugersee,low_5pct
0.045817492199450596,0.029845496101282794,0.9361957263289649,0.9154986488521335,452,0.25908198117636083,ridge,3,2031,Ägerisee,season_winter
0.05313627596354374,0.038389022905214606,0.8938432915263218,0.8831490848325734,460,0.14946732251302552,ridge,3,2031,Ägerisee,season_snowmelt
0.045209240853747786,0.03529290506114031,0.9638442104747655,0.9462485611346017,460,0.16003199463764894,ridge,3,2031,Ägerisee,season_summer
0.03638034511739426,0.025993726390795398,0.8597556513989206,0.9007931540723046,455,0.21238353402294974,ridge,3,2031,Ägerisee,season_autumn
0.09080000250505048,0.059222905698031465,-2.792810257931097,-0.07638644449840704,92,0.2229333955530327,ridge,3,2031,Ägerisee,high_5pct
0.03896007141206924,0.03518806703628817,0.36804989337270666,0.8917601125112811,93,-0.6597872348830038,ridge,3,2031,Ägerisee,low_5pct
0.026487808127825696,0.019573054220819435,-0.3091735013971302,0.41666696964394256,452,-0.13090285671419966,ridge,3,2066,St._Moritzersee,season_winter
0.038454446276438195,0.028409166094578445,0.5293257070952184,0.733902585168879,460,0.03403100153306904,ridge,3,2066,St._Moritzersee,season_snowmelt
0.06113750524313704,0.04121838908559104,0.5976004716174701,0.7745289406313642,460,0.0983067135693424,ridge,3,2066,St._Moritzersee,season_summer
0.05152023717124935,0.03438184023008224,-0.0736758106548554,0.4818772235227805,455,0.07338895302793969,ridge,3,2066,St._Moritzersee,season_autumn
0.07934662939129007,0.049446410267064686,-25.460624909391544,-2.735918086243091,94,0.10679582698513634,ridge,3,2066,St._Moritzersee,high_5pct
0.07186941084601742,0.0570199115953983,-28.47721881621597,-1.586328050943767,95,0.02999669525562354,ridge,3,2066,St._Moritzersee,low_5pct
0.04088911044700961,0.027911672520024914,0.7893590779955918,0.9123904228824244,392,-0.199024909724566,ridge,3,2072,Silsersee,season_winter
0.04986074524592961,0.03519098776156263,0.8787055758842595,0.8638511620156755,431,0.13858714000630434,ridge,3,2072,Silsersee,season_snowmelt
0.055448950218632144,0.038897784824174504,0.23637332649532605,0.6359060121715913,460,-0.08822178999317964,ridge,3,2072,Silsersee,season_summer
0.050818212623495146,0.03257156164222079,0.4870031605859436,0.745967992276787,455,-0.11713636466619537,ridge,3,2072,Silsersee,season_autumn
0.09419855080911119,0.06894407967641616,-2.0210425608210922,-0.06985980991966967,94,-0.005910356539121198,ridge,3,2072,Silsersee,high_5pct
0.06808701795365533,0.05091166602701688,-4.377258061372396,0.06123301832432493,88,-0.09659973950880985,ridge,3,2072,Silsersee,low_5pct
0.03268954064645071,0.02420882820682191,0.9085551723730281,0.9450575941363578,452,-0.40696372838704353,ridge,3,2073,Silvaplanersee,season_winter
0.04660606290071521,0.03277116380774724,0.9163637699152855,0.90690097127116,460,0.19831267512042405,ridge,3,2073,Silvaplanersee,season_snowmelt
0.06549329016000262,0.048598324983017055,0.2713671171601,0.6558023753055645,460,-0.032154847899984684,ridge,3,2073,Silvaplanersee,season_summer
0.052318756331209644,0.033358587270418405,0.6508434187191906,0.8279047712588161,455,-0.04512806125471025,ridge,3,2073,Silvaplanersee,season_autumn
0.10157777963400696,0.0753844955119677,-2.551042406267105,-0.15120175532824587,94,0.04864336468975139,ridge,3,2073,Silvaplanersee,high_5pct
0.04303243645097578,0.03051742951766834,0.6670447405527662,0.8550899425468514,92,-0.05513996936281407,ridge,3,2073,Silvaplanersee,low_5pct
0.052584591609488404,0.03752519077537283,0.947349677195418,0.920113349622321,452,0.22522532669559792,ridge,3,2081,Pfäffikersee,season_winter
0.050443744183953344,0.032763475501016735,0.8553593180740711,0.9142486428128977,460,0.18318116358767833,ridge,3,2081,Pfäffikersee,season_snowmelt
0.05126829470552913,0.03638586260746024,0.8960340805731922,0.9373589092504437,460,0.10426922309424536,ridge,3,2081,Pfäffikersee,season_summer
0.04263146045309772,0.03388321707589257,0.9482476644716822,0.9352576304917075,455,0.15589822577476165,ridge,3,2081,Pfäffikersee,season_autumn
0.10208748516088133,0.079193033854168,-2.291743309905047,0.05097497367025383,93,0.13775928869754295,ridge,3,2081,Pfäffikersee,high_5pct
0.033784920457847596,0.03077048658287921,0.5548623660868707,0.9202109262535056,92,-0.32965392950826145,ridge,3,2081,Pfäffikersee,low_5pct
0.06680843728465681,0.04131193934077738,0.8223540257998931,0.877298726929415,452,0.2079246791994419,ridge,3,2082,Greifensee,season_winter
0.06162079714616537,0.03763999635613402,0.8744046154612041,0.8563823970312602,460,0.1747779467788867,ridge,3,2082,Greifensee,season_snowmelt
0.058955834665280295,0.04025199399201763,0.9528581302559149,0.926695671347759,460,0.15119051089954683,ridge,3,2082,Greifensee,season_summer
0.04235839938038903,0.027109811233688955,0.9342775796290174,0.9170846099710622,455,0.21484246144094632,ridge,3,2082,Greifensee,season_autumn
0.15381837149880664,0.10240857453041727,-0.0875204928004123,0.6237731169609477,94,0.14488600700213128,ridge,3,2082,Greifensee,high_5pct
0.02986579306172636,0.026451744962993847,0.042103987811602295,0.8168754051872871,95,-0.7622112066199456,ridge,3,2082,Greifensee,low_5pct
0.02922421922221473,0.021832239201637953,0.9456861627786816,0.9539913225063517,452,0.08267728061787272,ridge,3,2097,Hallwilersee,season_winter
0.01706320444543096,0.012462378461859203,0.7583179427284532,0.8734995870847257,460,-0.07427703388681772,ridge,3,2097,Hallwilersee,season_snowmelt
0.025964143694426928,0.020307007189764748,0.9395763121334609,0.9119459787098222,460,-0.1441568503316777,ridge,3,2097,Hallwilersee,season_summer
0.025836920026017497,0.01961413583161652,0.9709981381808699,0.9003912707452647,455,-0.45407764944733175,ridge,3,2097,Hallwilersee,season_autumn
0.034064417134234054,0.022285431557509006,-0.9515285162181892,0.3784348088731997,94,0.21797496723601884,ridge,3,2097,Hallwilersee,high_5pct
0.039427734624059796,0.037483823029892054,-2.1496534199784967,0.725556355510348,92,-1.9259439275798464,ridge,3,2097,Hallwilersee,low_5pct
0.047031704734710744,0.028948900791044983,0.9300295177616608,0.9046595432423645,452,0.15196272168789127,ridge,3,2101,Lago_di_Lugano,season_winter
0.0433842667375412,0.02916713548743147,0.8889267890290192,0.8934036860464637,460,0.2300542972632973,ridge,3,2101,Lago_di_Lugano,season_snowmelt
0.06005508942156857,0.0339013533882468,0.8442924011324117,0.8815660382367027,460,0.19275172610975833,ridge,3,2101,Lago_di_Lugano,season_summer
0.07011264115979676,0.042092557198660105,0.8613470030744368,0.8560403200670261,455,0.19875663092569607,ridge,3,2101,Lago_di_Lugano,season_autumn
0.16685424858147607,0.12177022652003722,-1.1395488339222721,0.33766115461979207,92,0.19953824546749932,ridge,3,2101,Lago_di_Lugano,high_5pct
0.033398003309827284,0.0315493400327621,-4.27779564416971,0.6918120277630384,93,-1.5875408180837471,ridge,3,2101,Lago_di_Lugano,low_5pct
0.05410271925139863,0.032779371500980745,0.9275019365827292,0.935254226822448,452,0.2272269981736449,ridge,3,2137,Baldeggersee,season_winter
0.03628034046097348,0.02706263003142043,0.9458402506841,0.9042553297400984,460,0.210137707949557,ridge,3,2137,Baldeggersee,season_snowmelt
0.04384662441614453,0.0326055940047538,0.9705694467060099,0.9375140064654437,460,0.08749288307122194,ridge,3,2137,Baldeggersee,season_summer
0.03234636326526783,0.021890638950892705,0.9612449292553462,0.9139434089480047,455,0.18903591936726238,ridge,3,2137,Baldeggersee,season_autumn
0.09052261138886465,0.05556914752462267,-0.0338339354867212,0.649863062154125,92,0.20925575497680915,ridge,3,2137,Baldeggersee,high_5pct
0.02861913656665095,0.0247752128269352,0.28136530569832596,0.802662062925532,92,-0.8219544373510519,ridge,3,2137,Baldeggersee,low_5pct
0.02334488885953412,0.015723241300542645,0.9540671216629918,0.9260302587490804,452,0.19196418068252596,ridge,3,2168,Sempachersee,season_winter
0.021283127742112436,0.015591323985223875,0.9477149503693139,0.8777266660260046,460,0.12147159084517656,ridge,3,2168,Sempachersee,season_snowmelt
0.028310493576982333,0.020971551779042284,0.9796236803248204,0.9169491636510035,460,-0.028164015045292423,ridge,3,2168,Sempachersee,season_summer
0.01962534772150153,0.014699432305974994,0.9754440687615078,0.9298831549260984,455,0.07392909738929032,ridge,3,2168,Sempachersee,season_autumn
0.050823016919327314,0.036945157615086925,0.20302644114680168,0.7408635291887358,93,0.06963533486469553,ridge,3,2168,Sempachersee,high_5pct
0.02119404915189089,0.018905945480510153,-0.9136147957420611,0.7089939767286637,93,-1.250237910899878,ridge,3,2168,Sempachersee,low_5pct
0.15326928476116694,0.08771564042382841,0.6645404885674127,0.8207374350295509,452,0.15310636854322357,ridge,3,2484,Lauerzersee,season_winter
0.12693024458988045,0.07769711902268232,0.7247687255009343,0.8445971772555396,460,0.149946057480289,ridge,3,2484,Lauerzersee,season_snowmelt
0.12921980305499445,0.0843115611200738,0.7741037204526958,0.875001951910818,460,0.18517793128695292,ridge,3,2484,Lauerzersee,season_summer
0.10419483772685356,0.06479916509272031,0.7290694208288593,0.8541172974772413,455,0.19570544138751478,ridge,3,2484,Lauerzersee,season_autumn
0.3814239121704609,0.3079780063424041,-3.2878501601982446,-0.05918415554777012,93,0.14492711112619838,ridge,3,2484,Lauerzersee,high_5pct
0.02538071122607418,0.020317205014433543,0.6049648003359782,0.8667141240933633,92,-0.25915169086807266,ridge,3,2484,Lauerzersee,low_5pct
0.06810387018854484,0.04620702035108809,0.8554894581844701,0.8770059299098218,452,0.20613228237085912,lightgbm,3,2004,Murtensee,season_winter
0.03989354603057917,0.02914522877429988,0.84352619350271,0.927823641966627,460,0.17663805213610906,lightgbm,3,2004,Murtensee,season_snowmelt
0.035251231569099775,0.02663117206130768,0.7496605064586493,0.8772236124691515,460,0.12822499548394573,lightgbm,3,2004,Murtensee,season_summer
0.04076788658427854,0.027839582240830753,0.8880322422634976,0.942936012951806,455,0.15208250309844806,lightgbm,3,2004,Murtensee,season_autumn
0.1023529830724484,0.0694315902693721,-0.7721411498244184,0.39950976714793796,94,0.18229531178239256,lightgbm,3,2004,Murtensee,high_5pct
0.0559006817475284,0.04521185643447414,0.6326719113299579,0.7339644211406893,92,-0.3734814845187495,lightgbm,3,2004,Murtensee,low_5pct
0.13169824090113394,0.09421703076167688,0.9482084266764146,0.9171368993299703,452,0.24822962312776797,lightgbm,3,2007,Lac_de_Joux,season_winter
0.08511654639450594,0.061138274695238325,0.9478820851466921,0.9270374029306322,460,0.2618967762159523,lightgbm,3,2007,Lac_de_Joux,season_snowmelt
0.06250026549149819,0.04457581944656879,0.95965331902306,0.964025460922693,460,-0.1551607937246562,lightgbm,3,2007,Lac_de_Joux,season_summer
0.21467481803365415,0.0917066405767815,0.8405715297035259,0.917095049978994,455,0.01932076113862702,lightgbm,3,2007,Lac_de_Joux,season_autumn
0.1814984726472044,0.12305261914870559,-3.1512507638378953,-0.05200399479180695,92,0.07664422682821082,lightgbm,3,2007,Lac_de_Joux,high_5pct
0.2436200783171946,0.10820010526060247,-4.411394132951947,-0.3354103194120863,92,0.006910184470074299,lightgbm,3,2007,Lac_de_Joux,low_5pct
0.02573257198395033,0.017148223622423575,0.9679000993954573,0.9528670569441064,452,0.19322731377100266,lightgbm,3,2017,Zugersee,season_winter
0.026525612962006014,0.017228210892867832,0.9514827417189033,0.9658573108204077,460,0.2940300817709983,lightgbm,3,2017,Zugersee,season_snowmelt
0.032138936502143604,0.023880112470977148,0.9791572029517538,0.9688988433129079,460,0.06336001599164842,lightgbm,3,2017,Zugersee,season_summer
0.02422823692221831,0.016728518374226006,0.9681962928053882,0.9747895739583319,455,0.14411678877156442,lightgbm,3,2017,Zugersee,season_autumn
0.05045753925459742,0.036144176441169254,0.7340692489571672,0.8539167813474822,93,0.23889047271701658,lightgbm,3,2017,Zugersee,high_5pct
0.02131016542893669,0.019091200988953616,0.3897696351377168,0.857279078490305,93,-0.6245294649271764,lightgbm,3,2017,Zugersee,low_5pct
0.04528046777177726,0.029448447700820227,0.9376826539621839,0.9456408077425444,452,0.26776624249034864,lightgbm,3,2031,Ägerisee,season_winter
0.04905671183958034,0.033377759929430054,0.9095180218348087,0.9178572777848245,460,0.21476739359280905,lightgbm,3,2031,Ägerisee,season_snowmelt
0.05100856823291859,0.04145204182173544,0.9539733159767626,0.9322200988231765,460,0.05228301767774157,lightgbm,3,2031,Ägerisee,season_summer
0.038469773682587576,0.026718248962763008,0.8431837720752018,0.9213283345882636,455,0.1671484397125821,lightgbm,3,2031,Ägerisee,season_autumn
0.08608517655798331,0.05504561372250889,-2.4091502721430333,-0.0010132975182308712,92,0.2632828855108348,lightgbm,3,2031,Ägerisee,high_5pct
0.056798717388956296,0.050365112698841585,-0.34313714666596096,0.6170756717897883,93,-1.4197539342988055,lightgbm,3,2031,Ägerisee,low_5pct
0.02579208207474482,0.02096095347815258,-0.24130346277939063,0.27224615599400026,452,-0.10119867820600814,lightgbm,3,2066,St._Moritzersee,season_winter
0.04359741085096601,0.03595853808413307,0.3950092268646388,0.7819391655786267,460,-0.09515937357971738,lightgbm,3,2066,St._Moritzersee,season_snowmelt
0.05770964934356674,0.04094610826869079,0.6414589320002675,0.6753883637137359,460,0.1488628270254312,lightgbm,3,2066,St._Moritzersee,season_summer
0.04803388553653916,0.033211295970207944,0.06671797969554905,0.40463583063142494,455,0.13609231224605933,lightgbm,3,2066,St._Moritzersee,season_autumn
0.07666484143955483,0.05174820966485979,-23.702198906016882,-1.7075765212942713,94,0.13698468576851697,lightgbm,3,2066,St._Moritzersee,high_5pct
0.07451452874804694,0.06325426115147724,-30.68693655336905,-1.047224641284982,95,-0.005703793675674307,lightgbm,3,2066,St._Moritzersee,low_5pct
0.034966632685965164,0.02054526095049213,0.8459594555395897,0.9257405317738651,392,-0.02535523862754152,lightgbm,3,2072,Silsersee,season_winter
0.04917438645656331,0.03314524862791898,0.8820219520787682,0.9304173175118846,431,0.15044493083581667,lightgbm,3,2072,Silsersee,season_snowmelt
0.04304820759115666,0.030552169243662775,0.5397385726766355,0.6772378556433947,460,0.15515086694815117,lightgbm,3,2072,Silsersee,season_summer
0.03773760297254694,0.024208418273271422,0.717105476852526,0.8272762268189876,455,0.17041457344613364,lightgbm,3,2072,Silsersee,season_autumn
0.0814476700108009,0.05852363163800167,-1.2585293076150426,0.3888525988104301,94,0.13025143087529356,lightgbm,3,2072,Silsersee,high_5pct
0.06875337904779079,0.0469149810421434,-4.483026528506803,-0.1700753136342994,88,-0.10733205565672987,lightgbm,3,2072,Silsersee,low_5pct
0.02019892464142515,0.014051694915141287,0.9650861286252799,0.9554046784362951,452,0.13063463845295475,lightgbm,3,2073,Silvaplanersee,season_winter
0.046563913753674295,0.03280733515618878,0.9165149777839192,0.9535911398949233,460,0.19903769746374378,lightgbm,3,2073,Silvaplanersee,season_snowmelt
0.055384958340653906,0.0412699956423259,0.4789267043431522,0.6280884992255609,460,0.12714946657304516,lightgbm,3,2073,Silvaplanersee,season_summer
0.04728257539623632,0.031072086639130577,0.7148274911923616,0.8049695314775909,455,0.055475515469776915,lightgbm,3,2073,Silvaplanersee,season_autumn
0.10644604093281015,0.08434679499910235,-2.8995765876653827,0.2045802232098456,94,0.0030482285711237456,lightgbm,3,2073,Silvaplanersee,high_5pct
0.03361943358784669,0.019932810570527756,0.796776095127234,0.8971575736090404,92,0.17566349824769567,lightgbm,3,2073,Silvaplanersee,low_5pct
0.05033532868307004,0.03334803789838899,0.9517574955974755,0.9592208940476529,452,0.2583656800891012,lightgbm,3,2081,Pfäffikersee,season_winter
0.04717577429836414,0.03125180453377341,0.8734931897648694,0.9214026135190014,460,0.23609831719235908,lightgbm,3,2081,Pfäffikersee,season_snowmelt
0.05245906239579777,0.03607329464467121,0.8911485289218006,0.9452235832572378,460,0.08346480050822225,lightgbm,3,2081,Pfäffikersee,season_summer
0.05599550406104922,0.041642576758817995,0.9107155455980565,0.8846276000056404,455,-0.1087094794364174,lightgbm,3,2081,Pfäffikersee,season_autumn
0.09424541357285841,0.07146772733874,-1.8054426802370913,0.2460169282904351,93,0.20399417903190376,lightgbm,3,2081,Pfäffikersee,high_5pct
0.08301262595055195,0.07062338341565376,-1.68742786457969,0.1726847874945857,92,-2.267080780363718,lightgbm,3,2081,Pfäffikersee,low_5pct
0.05836476359333066,0.03296895840748056,0.8644204447602544,0.9157306351667278,452,0.308032177887012,lightgbm,3,2082,Greifensee,season_winter
0.05320122866456392,0.030794530592714246,0.9063813487169877,0.948108679811085,460,0.2875323075045705,lightgbm,3,2082,Greifensee,season_snowmelt
0.058053524728613616,0.03934634813164216,0.9542900858840868,0.9149938255733132,460,0.16418140892856492,lightgbm,3,2082,Greifensee,season_summer
0.04304398790733556,0.028483768668005335,0.9321328723816956,0.9263267025805579,455,0.2021343561263984,lightgbm,3,2082,Greifensee,season_autumn
0.13736774024608497,0.08939069726465099,0.13265767631560188,0.6368451108055577,94,0.23633909443752588,lightgbm,3,2082,Greifensee,high_5pct
0.05336056398638729,0.04584584164736402,-2.057814138567442,0.14096009424648104,95,-2.1485044999148903,lightgbm,3,2082,Greifensee,low_5pct
0.03096201572450845,0.018063684355424627,0.939034645137969,0.9061440005476042,452,0.028129366057847105,lightgbm,3,2097,Hallwilersee,season_winter
0.015501781065955756,0.010778106992508123,0.8005259440547688,0.9015657431054447,460,0.024028139804828097,lightgbm,3,2097,Hallwilersee,season_snowmelt
0.025627158104454165,0.01723771659712591,0.9411345976599963,0.9016971724165038,460,-0.1293069721393474,lightgbm,3,2097,Hallwilersee,season_summer
0.08598185485709442,0.04649783891551176,0.678812957303873,0.5632512102157758,455,-3.8389782249520223,lightgbm,3,2097,Hallwilersee,season_autumn
0.033342886737397485,0.02071294080495564,-0.869732045443594,0.29936834577890903,94,0.23453931442572207,lightgbm,3,2097,Hallwilersee,high_5pct
0.1907591045166401,0.1890726347058487,-72.72752723777856,-0.29346422891621726,92,-13.15628995205915,lightgbm,3,2097,Hallwilersee,low_5pct
0.049420692906624215,0.03170525940385621,0.9227406435877031,0.8398303707495911,452,0.10888643860062075,lightgbm,3,2101,Lago_di_Lugano,season_winter
0.04435318166589902,0.030701308657724576,0.883910119985235,0.9000514966152093,460,0.21285884966198954,lightgbm,3,2101,Lago_di_Lugano,season_snowmelt
0.059540516964445775,0.03114397740633518,0.8469492810942598,0.858015194784835,460,0.19966850421807059,lightgbm,3,2101,Lago_di_Lugano,season_summer
0.06880465033896863,0.042081230629626036,0.866472047209355,0.862635077844943,455,0.21370427737949338,lightgbm,3,2101,Lago_di_Lugano,season_autumn
0.16409571913201185,0.11676847645288507,-1.069389148636184,0.35995384679664233,92,0.21277193500084968,lightgbm,3,2101,Lago_di_Lugano,high_5pct
0.07399317419056414,0.07259323439459679,-24.905673049158892,0.1916700894244393,93,-4.732688768892025,lightgbm,3,2101,Lago_di_Lugano,low_5pct
0.051634691917329396,0.028474678893404697,0.9339654232429618,0.9402045147558804,452,0.2624789211440208,lightgbm,3,2137,Baldeggersee,season_winter
0.031029543760142886,0.020878732131712527,0.9603827142674847,0.9723137188340693,460,0.32445323709047835,lightgbm,3,2137,Baldeggersee,season_snowmelt
0.04000922241932502,0.025276434376798346,0.9754954732145305,0.9710031737846161,460,0.16735437022655186,lightgbm,3,2137,Baldeggersee,season_summer
0.03047916871803237,0.01837343344892863,0.9655900651139407,0.9614367809085455,455,0.23584883916734334,lightgbm,3,2137,Baldeggersee,season_autumn
0.08716036891140348,0.05321546675943174,0.04153831738370539,0.6321315079909757,92,0.2386260288634503,lightgbm,3,2137,Baldeggersee,high_5pct
0.02111877121271821,0.01627325957340368,0.6086796647927324,0.8071685403848906,92,-0.3444654010718913,lightgbm,3,2137,Baldeggersee,low_5pct
0.022583884854432922,0.013721684651925197,0.9570129798216749,0.9611901922856404,452,0.2183047856203254,lightgbm,3,2168,Sempachersee,season_winter
0.017918955382383948,0.012419217924986015,0.96293773155232,0.9504956184730029,460,0.2603384447741165,lightgbm,3,2168,Sempachersee,season_snowmelt
0.025235200455243707,0.017854439775615683,0.983810091993126,0.9520296758942236,460,0.08352268921120709,lightgbm,3,2168,Sempachersee,season_summer
0.016909609430469635,0.011408027205369398,0.981769908805202,0.9715044489906551,455,0.2020779712905143,lightgbm,3,2168,Sempachersee,season_autumn
0.04474120303797231,0.031954756258170944,0.38235583242569726,0.7673298995758343,93,0.180968842360397,lightgbm,3,2168,Sempachersee,high_5pct
0.013763512680749943,0.012039560211317826,0.19297828537417616,0.8161555681844075,93,-0.4613148152773603,lightgbm,3,2168,Sempachersee,low_5pct
0.13786944689045796,0.07429626677966014,0.7285649572230992,0.8115353412231827,452,0.23819859454592962,lightgbm,3,2484,Lauerzersee,season_winter
0.11868928088429641,0.07114819465225673,0.7593474075886206,0.8452715649288243,460,0.20513592740237108,lightgbm,3,2484,Lauerzersee,season_snowmelt
0.1270180899853134,0.08624537433658165,0.7817360129145592,0.8652119537404254,460,0.19906128628159392,lightgbm,3,2484,Lauerzersee,season_summer
0.10092954232452664,0.06567795853854883,0.74578438224591,0.8608298768605338,455,0.22091071433240528,lightgbm,3,2484,Lauerzersee,season_autumn
0.35497598418666926,0.266077477492836,-2.7138273635477295,0.07610764586398289,93,0.2042178515969223,lightgbm,3,2484,Lauerzersee,high_5pct
0.03321884228010213,0.028044248383203605,0.32329839772393953,0.8340367168326888,92,-0.6480058834088154,lightgbm,3,2484,Lauerzersee,low_5pct
0.06421553199297779,0.04178571528882068,0.8715198266793925,0.9191829089440393,452,0.25145755037896467,lstm,3,2004,Murtensee,season_winter
0.04119234327775419,0.03032748015030457,0.8331718395044769,0.9075439016666729,460,0.14983220663682517,lstm,3,2004,Murtensee,season_snowmelt
0.03528326839231217,0.026696795919667445,0.7492052754710697,0.8628728478074845,460,0.1274327138966792,lstm,3,2004,Murtensee,season_summer
0.04277436950546403,0.027739250837054228,0.8767395302813148,0.9381582691694367,455,0.11035034284554435,lstm,3,2004,Murtensee,season_autumn
0.09840923666743433,0.06761491231715623,-0.6382079421035214,0.37345745102034444,94,0.21380216021727128,lstm,3,2004,Murtensee,high_5pct
0.04187443455044203,0.036419783882473175,0.7938810879971898,0.9010979666630425,92,-0.028856155806494366,lstm,3,2004,Murtensee,low_5pct
0.13036930696342156,0.09504295686705125,0.9492483846604013,0.9727426526041733,452,0.2558155495635077,lstm,3,2007,Lac_de_Joux,season_winter
0.10303153183777279,0.07664145613960466,0.9236341204654674,0.9500794275294001,460,0.10654380349979109,lstm,3,2007,Lac_de_Joux,season_snowmelt
0.060244521370851525,0.04582105447520422,0.9625131277045885,0.9808863716585049,460,-0.11346901612412119,lstm,3,2007,Lac_de_Joux,season_summer
0.22668155142051927,0.10688905865791129,0.8222391882455279,0.9029332393298783,455,-0.03552849536427782,lstm,3,2007,Lac_de_Joux,season_autumn
0.15531571939171263,0.0947639000934136,-2.0399318269261304,-0.022236090790743956,92,0.20984642970836365,lstm,3,2007,Lac_de_Joux,high_5pct
0.2560986470059463,0.1285900029721498,-4.979950342335782,-0.4451098262164448,92,-0.04395729559474648,lstm,3,2007,Lac_de_Joux,low_5pct
0.024508796145470038,0.015382051187874765,0.9708806783227947,0.9767918410004095,452,0.23159537589742685,lstm,3,2017,Zugersee,season_winter
0.02812640389558155,0.017480976668648063,0.9454501184715773,0.9720742843594848,460,0.25142559055351865,lstm,3,2017,Zugersee,season_snowmelt
0.030494585389658924,0.0204537969174595,0.9812354366656888,0.9757617404364242,460,0.11128210574713981,lstm,3,2017,Zugersee,season_summer
0.02446189789672112,0.01531826533717579,0.9675798947167626,0.9844012608098115,455,0.1358625148085738,lstm,3,2017,Zugersee,season_autumn
0.05067037222710786,0.03554475386424692,0.7318210933108813,0.8175281394941382,93,0.2356800663933889,lstm,3,2017,Zugersee,high_5pct
0.011857841947548877,0.008740205498153016,0.8110567041744776,0.8286426885518571,93,0.0960457956799734,lstm,3,2017,Zugersee,low_5pct
0.04402553374453035,0.026616487873960207,0.9410889993430425,0.9623361306998175,452,0.28805987246849263,lstm,3,2031,Ägerisee,season_winter
0.049612963271570505,0.03365639091435998,0.9074544477894603,0.9469335675514235,460,0.20586368306309188,lstm,3,2031,Ägerisee,season_snowmelt
0.04327172994128555,0.03110834642493229,0.9668768267177691,0.9806339869419635,460,0.1960301035590859,lstm,3,2031,Ägerisee,season_summer
0.03698435041601249,0.024959164663460636,0.8550601755796188,0.9271615219076237,455,0.19930711824970726,lstm,3,2031,Ägerisee,season_autumn
0.08553087597004393,0.054229242739471994,-2.365388727446009,-0.03946814682013766,92,0.2680265910596211,lstm,3,2031,Ägerisee,high_5pct
0.026664139048567955,0.022244854670696694,0.7039954179724159,0.8669195097317379,93,-0.13595268226968527,lstm,3,2031,Ägerisee,low_5pct
0.030563440821841672,0.026572045250270952,-0.743049230402729,0.08230740838822825,452,-0.3049129006686673,lstm,3,2066,St._Moritzersee,season_winter
0.04327344281121422,0.03579667121897056,0.40396707327705106,0.7635249875730251,460,-0.08702135279937195,lstm,3,2066,St._Moritzersee,season_snowmelt
0.05851623799097293,0.03915884637159084,0.6313664725651332,0.7462380316920965,460,0.1369667647738727,lstm,3,2066,St._Moritzersee,season_summer
0.045953524615528554,0.03192580485920289,0.1458087547251421,0.3563350748856128,455,0.17350839409929142,lstm,3,2066,St._Moritzersee,season_autumn
0.07663397535923293,0.04405897467863531,-23.682312174263867,-2.375289388525453,94,0.13733214491025547,lstm,3,2066,St._Moritzersee,high_5pct
0.07083363741430493,0.0614969983552663,-27.63369693484774,-0.7758850152888224,95,0.04397626792639653,lstm,3,2066,St._Moritzersee,low_5pct
0.03753147754786907,0.026168249781933377,0.8225325347190898,0.9114324087455632,392,-0.10056628737332707,lstm,3,2072,Silsersee,season_winter
0.05428008010435085,0.039937083986818216,0.8562511874497747,0.9318320468117555,431,0.062237060181269066,lstm,3,2072,Silsersee,season_snowmelt
0.04015426655459328,0.030867222929064946,0.5995412121105296,0.6916281211364781,460,0.2119463460785297,lstm,3,2072,Silsersee,season_summer
0.03917075474296153,0.027288903570091023,0.6952106437237129,0.7857588577741962,455,0.13890960945462838,lstm,3,2072,Silsersee,season_autumn
0.07102404107147041,0.053195132424645075,-0.717430449019969,0.5041254318815697,94,0.24156138429529106,lstm,3,2072,Silsersee,high_5pct
0.07037416776278936,0.05350303113307704,-4.744586802619081,0.02026281921602857,88,-0.1334362460895675,lstm,3,2072,Silsersee,low_5pct
0.029432349840137883,0.022306646964924147,0.925870446589642,0.9220941856292987,452,-0.26677364830968786,lstm,3,2073,Silvaplanersee,season_winter
0.0547283624405519,0.03920120584239009,0.8846720634016323,0.9378304701279327,460,0.058598136180848304,lstm,3,2073,Silvaplanersee,season_snowmelt
0.053716509876030584,0.04167663892663254,0.5098480611104166,0.6915122688125641,460,0.1534437200305382,lstm,3,2073,Silvaplanersee,season_summer
0.048885995238297626,0.03373208554740503,0.6951583307190623,0.7012470257467401,455,0.023445337605797145,lstm,3,2073,Silvaplanersee,season_autumn
0.09477290850036511,0.07163848487367103,-2.091198155975606,0.24521553194806012,94,0.11237639103416641,lstm,3,2073,Silvaplanersee,high_5pct
0.03114145806002554,0.02249651834239083,0.825629949796318,0.8656615523102013,92,0.2364225729862519,lstm,3,2073,Silvaplanersee,low_5pct
0.048322757440674026,0.0316402631101359,0.9555381586801674,0.977462156956203,452,0.28801864836560753,lstm,3,2081,Pfäffikersee,season_winter
0.04739826382373751,0.031195488705838385,0.8722971177364223,0.9300181446857474,460,0.23249561802382235,lstm,3,2081,Pfäffikersee,season_snowmelt
0.05337601508810484,0.036218935170298845,0.8873099558131612,0.9416501710818749,460,0.06744431938663231,lstm,3,2081,Pfäffikersee,season_summer
0.042827773504834334,0.03061269316621052,0.9477699397653864,0.9724556424711572,455,0.1520112326125932,lstm,3,2081,Pfäffikersee,season_autumn
0.09400289938853776,0.07043550487231343,-1.7910232138679234,0.19629289460768296,93,0.2060424771407272,lstm,3,2081,Pfäffikersee,high_5pct
0.028217768226978076,0.022936358907948626,0.689476955578315,0.7324817346602049,92,-0.11055068049567107,lstm,3,2081,Pfäffikersee,low_5pct
0.05632816873094018,0.03622760549899818,0.8737172566506768,0.933607314189414,452,0.3321778785579538,lstm,3,2082,Greifensee,season_winter
0.05580234105401467,0.035684977143328245,0.8970031615932544,0.9230595104238974,460,0.2526983649706901,lstm,3,2082,Greifensee,season_snowmelt
0.054771412066312086,0.03583466637652896,0.9593124917150202,0.9533135406907413,460,0.2114352284678026,lstm,3,2082,Greifensee,season_summer
0.03799096838252919,0.02622901624742446,0.9471317183728357,0.9711655521436812,455,0.2957973941642481,lstm,3,2082,Greifensee,season_autumn
0.1367511514318056,0.08405064099900439,0.14042650670920964,0.6330624086105132,94,0.23976686264153613,lstm,3,2082,Greifensee,high_5pct
0.020702883490857863,0.01852982370476962,0.5397095776701973,0.8485533607058986,95,-0.22155983675150837,lstm,3,2082,Greifensee,low_5pct
0.02623617576917199,0.01901683490044168,0.9562250442342263,0.9792279917966076,452,0.17646935510017603,lstm,3,2097,Hallwilersee,season_winter
0.017721376184761918,0.013376825748714731,0.7393137588997396,0.8715353867093976,460,-0.1157146657324537,lstm,3,2097,Hallwilersee,season_snowmelt
0.020083408475152633,0.0141098779650705,0.9638478555902679,0.9686452354450661,460,0.11498836028290071,lstm,3,2097,Hallwilersee,season_summer
0.03550725805512513,0.023286630573202797,0.9452254686942873,0.82161958808186,455,-0.998315212460503,lstm,3,2097,Hallwilersee,season_autumn
0.03240970159655638,0.02235223778257567,-0.766538235876707,0.2808103106763242,94,0.2559626705766693,lstm,3,2097,Hallwilersee,high_5pct
0.07206767713813264,0.07026246444038851,-9.523014447227952,0.38931375075767083,92,-4.348163781350714,lstm,3,2097,Hallwilersee,low_5pct
0.04274149856069875,0.027968949489537178,0.9422126318522767,0.8848106212235125,452,0.2293202146328962,lstm,3,2101,Lago_di_Lugano,season_winter
0.04283813632435543,0.030479140306556227,0.891705614614041,0.9176871538262279,460,0.2397465381696613,lstm,3,2101,Lago_di_Lugano,season_snowmelt
0.05856960550727349,0.030026309867526666,0.8519000985951497,0.8746800706355382,460,0.21271929817161517,lstm,3,2101,Lago_di_Lugano,season_summer
0.06562069440586003,0.03927661884014317,0.8785442025062212,0.8748597139186418,455,0.2500903489441585,lstm,3,2101,Lago_di_Lugano,season_autumn
0.1555537806356991,0.10884574823793969,-0.8595540498595189,0.41378948075146393,92,0.25375078411015717,lstm,3,2101,Lago_di_Lugano,high_5pct
0.0311485796884163,0.02981352381552445,-3.5907966974379093,0.7885870945267037,93,-1.4132646679927618,lstm,3,2101,Lago_di_Lugano,low_5pct
0.04751426718500146,0.027717069730205435,0.9440839751264519,0.9698124392341567,452,0.3213327649666362,lstm,3,2137,Baldeggersee,season_winter
0.03391580705111556,0.023282642132303855,0.9526698098290656,0.9553309716747806,460,0.26161616032927637,lstm,3,2137,Baldeggersee,season_snowmelt
0.03886601537592079,0.023766934336784798,0.9768758310072231,0.9836685398974334,460,0.19114604352228148,lstm,3,2137,Baldeggersee,season_summer
0.03061718619658627,0.019274723665006314,0.9652777255466429,0.9774295811984699,455,0.23238856709011435,lstm,3,2137,Baldeggersee,season_autumn
0.07980684507884513,0.048711956521738944,0.1964425700103386,0.6481673455719763,92,0.302861434382824,lstm,3,2137,Baldeggersee,high_5pct
0.021953350771192294,0.01629929517662956,0.5771398500838265,0.6425089826226904,92,-0.3975964913947285,lstm,3,2137,Baldeggersee,low_5pct
0.021814611951793995,0.012833142571226835,0.9598916290023711,0.979252495154668,452,0.24493160161858252,lstm,3,2168,Sempachersee,season_winter
0.017506745296801823,0.011433249299421687,0.9646232894839455,0.9822734215336837,460,0.2773537197427238,lstm,3,2168,Sempachersee,season_snowmelt
0.022544844385077156,0.014546082073709212,0.9870781306057391,0.9906371281432957,460,0.1812294738521113,lstm,3,2168,Sempachersee,season_summer
0.017742118070296138,0.010664088255494055,0.9799306818305662,0.9861327428861083,455,0.16279397803567497,lstm,3,2168,Sempachersee,season_autumn
0.038651104584677465,0.025876002814180947,0.5390573977906234,0.696621448825999,93,0.292454006988355,lstm,3,2168,Sempachersee,high_5pct
0.00830118310809496,0.006124427713373084,0.706433406647285,0.7581184642429726,93,0.11863765148009009,lstm,3,2168,Sempachersee,low_5pct
0.13541767795510895,0.07929492887273672,0.7381331200720139,0.8356097439338359,452,0.2517459109595619,lstm,3,2484,Lauerzersee,season_winter
0.11770143255460042,0.07484976877405974,0.7633366298012013,0.8551735295197233,460,0.21175156396702743,lstm,3,2484,Lauerzersee,season_snowmelt
0.12424463071948524,0.07766569611922529,0.7911636048984023,0.8824106518715222,460,0.21654990461288537,lstm,3,2484,Lauerzersee,season_summer
0.09959514187931776,0.06444240588513139,0.7524619705434911,0.8717892651822485,455,0.23121113842735996,lstm,3,2484,Lauerzersee,season_autumn
0.345589998989355,0.2645191295992932,-2.5200278517786177,0.07876249081955045,93,0.22525927354638697,lstm,3,2484,Lauerzersee,high_5pct
0.02757956552044914,0.02391303286344984,0.5335521884608112,0.7627987026538334,92,-0.3682381178823957,lstm,3,2484,Lauerzersee,low_5pct
0.1316927896160686,0.093811480766903,0.4596440489417687,0.6166539453081215,452,0.1434325113025734,ridge,7,2004,Murtensee,season_winter
0.07353741989166411,0.05725690652598552,0.46831655043355325,0.7919418497305059,460,0.0903973508885415,ridge,7,2004,Murtensee,season_snowmelt
0.06920105210619426,0.0567582731827441,0.0352691312373552,0.6057016124785168,460,-0.06074727480423858,ridge,7,2004,Murtensee,season_summer
0.07180985821329881,0.05547063873626425,0.6526040721789659,0.716223349167889,455,0.06256626117336905,ridge,7,2004,Murtensee,season_autumn
0.19521870118518078,0.1403288002825786,-5.446739757020879,-0.23275460742859022,94,0.0655954214212705,ridge,7,2004,Murtensee,high_5pct
0.09965682960472456,0.0930894536557404,-0.16743864054751323,0.7813760260218798,92,-0.30748181540442365,ridge,7,2004,Murtensee,low_5pct
0.30328307603414006,0.23061973693307514,0.7253399413301918,0.8317215492489952,452,0.08186609158166347,ridge,7,2007,Lac_de_Joux,season_winter
0.19289432114557575,0.1492144435716714,0.7323310910941179,0.869730910766003,460,0.14953967240696564,ridge,7,2007,Lac_de_Joux,season_snowmelt
0.11508998067591887,0.08647788085937394,0.8631895963386522,0.909135022307126,460,-0.13025421825199346,ridge,7,2007,Lac_de_Joux,season_summer
0.3123841627222396,0.19304193468813158,0.662416129697911,0.7825702701067953,455,0.07088765486243709,ridge,7,2007,Lac_de_Joux,season_autumn
0.337646234724364,0.24795271102241803,-13.366693982742222,-1.4191437686651973,92,-0.002319002590451591,ridge,7,2007,Lac_de_Joux,high_5pct
0.3594936600682151,0.21405664593240945,-10.78326055064937,-1.1230808074457626,92,0.07903159406916482,ridge,7,2007,Lac_de_Joux,low_5pct
0.04897595560917839,0.036562348333107224,0.8837205062776106,0.8244441388350685,452,0.14109367430444852,ridge,7,2017,Zugersee,season_winter
0.06225764197445919,0.04584263862941646,0.732729682790452,0.718856587749918,460,0.05130573217163514,ridge,7,2017,Zugersee,season_snowmelt
0.06213682902748707,0.05384789030655693,0.9220903650224895,0.8633161856852204,460,-0.11586211827346671,ridge,7,2017,Zugersee,season_summer
0.047436435907402236,0.03673035880760848,0.8780846962048175,0.8543122631935313,455,0.036295485366795055,ridge,7,2017,Zugersee,season_autumn
0.11193444834770869,0.0862623172883042,-0.30871160370874096,0.6135965263142735,93,-0.03950835431331323,ridge,7,2017,Zugersee,high_5pct
0.06539276451004317,0.06171906239499534,-4.746184515221183,0.6941531919714813,93,-1.6777708452418958,ridge,7,2017,Zugersee,low_5pct
0.08924496989406347,0.06651857936747449,0.7579223834415267,0.7748322146614318,452,0.15055513658123898,ridge,7,2031,Ägerisee,season_winter
0.09874771259903586,0.08190868368605345,0.6333773388686667,0.689310799726252,460,0.04963218033627692,ridge,7,2031,Ägerisee,season_snowmelt
0.0861272535018298,0.07449297830332878,0.8687786150406626,0.8578715142711917,460,-0.01128831889564652,ridge,7,2031,Ägerisee,season_summer
0.0684562493860259,0.053886568509617296,0.5034328993699646,0.6894357688406776,455,0.1352548646181425,ridge,7,2031,Ägerisee,season_autumn
0.16471919222761894,0.12420022184952512,-11.481816788920042,-0.8395287671908387,92,-0.027831287089758794,ridge,7,2031,Ägerisee,high_5pct
0.08583572020856246,0.0808127835181426,-2.0674635717554044,0.810450343423853,93,-1.1692641425119206,ridge,7,2031,Ägerisee,low_5pct
0.032585542606592306,0.027176723243911988,-0.9813220690815772,0.2765066012762144,452,-0.25689873691351184,ridge,7,2066,St._Moritzersee,season_winter
0.04814970566016813,0.036765107020599555,0.26207091550226547,0.5528382476625204,460,0.06259800702447182,ridge,7,2066,St._Moritzersee,season_snowmelt
0.07109815247438013,0.05076303922145964,0.45579983655578316,0.6602109702289838,460,0.11050306886667094,ridge,7,2066,St._Moritzersee,season_summer
0.06342679824373053,0.04250061383928259,-0.6272828203072633,0.13608923642230253,455,0.04553504788178597,ridge,7,2066,St._Moritzersee,season_autumn
0.09971927495952415,0.07705541819038754,-40.792789080596826,-3.0845154231902923,94,0.06470739765598565,ridge,7,2066,St._Moritzersee,high_5pct
0.08650956223123073,0.06960913856908423,-41.70970429600497,-1.8788903410219744,95,-0.03804254523167172,ridge,7,2066,St._Moritzersee,low_5pct
0.055686428460235006,0.04229927024612419,0.60931552704069,0.8713876610941808,392,-0.13439218370174366,ridge,7,2072,Silsersee,season_winter
0.07884071084356382,0.06052999074913778,0.6995311454638279,0.7063603903119674,427,0.18300699536895249,ridge,7,2072,Silsersee,season_snowmelt
0.08217394896934502,0.058443252853021474,-0.6771146371696115,0.34412847185188344,460,-0.047081231418685476,ridge,7,2072,Silsersee,season_summer
0.06865843706477606,0.04876670433177973,0.06359495822371997,0.5738484496009912,455,-0.07390522062205718,ridge,7,2072,Silsersee,season_autumn
0.12907559700948684,0.1060285488696744,-4.672267264961084,-0.042397630219470184,94,0.041331922898387385,ridge,7,2072,Silsersee,high_5pct
0.11656253075740651,0.09916769288734238,-14.759781370404937,-0.37022263717126735,88,-0.22571338430852728,ridge,7,2072,Silsersee,low_5pct
0.0530879247105765,0.04328818916079536,0.7588246004792957,0.8701160070518308,452,-0.18119719694677783,ridge,7,2073,Silvaplanersee,season_winter
0.08189818502554351,0.0592773076596512,0.7417393918358037,0.7534559876616009,460,0.2217347405411202,ridge,7,2073,Silvaplanersee,season_snowmelt
0.09433198721140765,0.07134965183423625,-0.5115868907098013,0.37216535595420464,460,-0.031952039191062376,ridge,7,2073,Silvaplanersee,season_summer
0.07763639960127428,0.05522974326287203,0.23115962425865744,0.6121543718225302,455,0.023183886636105155,ridge,7,2073,Silvaplanersee,season_autumn
0.1356304934372632,0.11070600274267739,-5.3310116293120595,-0.2450534819240835,94,0.04760732198343309,ridge,7,2073,Silvaplanersee,high_5pct
0.08204780687566843,0.06544944166101073,-0.2103973417147631,0.6456832974289828,92,-0.2680762705706432,ridge,7,2073,Silvaplanersee,low_5pct
0.101036738110399,0.07536589982024464,0.8056239907614187,0.8082532570280897,452,0.14586081949416208,ridge,7,2081,Pfäffikersee,season_winter
0.08880362278856567,0.06487587572180696,0.5517325565168198,0.7166539136684509,460,0.09882963789423593,ridge,7,2081,Pfäffikersee,season_snowmelt
0.08219353284052697,0.06558064118252797,0.732780252199172,0.8145758694335767,460,0.015397235722003466,ridge,7,2081,Pfäffikersee,season_summer
0.08117110163457175,0.06724492509443675,0.8123829027110407,0.8274174597294719,455,0.0005259197327109888,ridge,7,2081,Pfäffikersee,season_autumn
0.15150404141032922,0.1246892326108874,-6.249856099708577,-0.18467098135466786,93,-0.07621327431069935,ridge,7,2081,Pfäffikersee,high_5pct
0.0805929617570161,0.07732886272928048,-1.533044059211608,0.8607168975838154,92,-1.28651712569979,ridge,7,2081,Pfäffikersee,low_5pct
0.12217920465421425,0.08883056154504267,0.4058619988748775,0.6282928767733749,452,0.15744073787084067,ridge,7,2082,Greifensee,season_winter
0.11479363044591855,0.08144966125217551,0.5641323493252137,0.6225689016948066,460,0.09491184028897814,ridge,7,2082,Greifensee,season_snowmelt
0.10516314825364853,0.07955282247792098,0.850003758442913,0.8215636424853169,460,0.04835371976056779,ridge,7,2082,Greifensee,season_summer
0.08148798070853605,0.057993410885988965,0.7567675136272796,0.7774235237678345,455,0.11522823243982949,ridge,7,2082,Greifensee,season_autumn
0.2682676431094334,0.2106755449010948,-2.3079399621638106,0.2906991377269902,94,0.04917901366365196,ridge,7,2082,Greifensee,high_5pct
0.06746631574372552,0.06332997275904494,-3.8881469238635438,0.66219063919792,95,-1.3382637699926003,ridge,7,2082,Greifensee,low_5pct
0.05724551552743684,0.04391943413388345,0.7915952592970563,0.871799923437991,452,0.09600997056675231,ridge,7,2097,Hallwilersee,season_winter
0.028064508940539135,0.020450918958176006,0.34621023801618933,0.6414526320775482,460,-0.07303186642333426,ridge,7,2097,Hallwilersee,season_snowmelt
0.04748377959644099,0.038693986179518074,0.7979076932150344,0.8001773893152944,460,-0.219623690325095,ridge,7,2097,Hallwilersee,season_summer
0.05205877595594372,0.040518216536569014,0.882257757777502,0.7806804982695513,455,-0.5939511828474988,ridge,7,2097,Hallwilersee,season_autumn
0.06965548129281478,0.05471879242159616,-7.159876240335501,-0.17078423945243704,94,-0.052600792021876286,ridge,7,2097,Hallwilersee,high_5pct
0.0855427262733148,0.08344307277513716,-13.826044272198013,0.5665079905402592,92,-3.4030411778643375,ridge,7,2097,Hallwilersee,low_5pct
0.08991232311695387,0.06241271828620556,0.7442757794336534,0.7925519687405871,452,0.12782499254360336,ridge,7,2101,Lago_di_Lugano,season_winter
0.08052148871442168,0.058985024626358906,0.617379358834049,0.7093132581370887,460,0.15904432980795646,ridge,7,2101,Lago_di_Lugano,season_snowmelt
0.10733612986775544,0.06810235595703044,0.5026042889446658,0.641191223457231,460,0.1108139602273075,ridge,7,2101,Lago_di_Lugano,season_summer
0.1302578112768026,0.08936195752489653,0.5214314451091233,0.592461332077332,455,0.09865759332577473,ridge,7,2101,Lago_di_Lugano,season_autumn
0.3175830988384442,0.2729395725416094,-6.751083734186049,-0.16912529230010387,92,0.04501420157139191,ridge,7,2101,Lago_di_Lugano,high_5pct
0.07566720541566031,0.0737162718413977,-26.09111955380729,0.42051394191265334,93,-2.323539716692223,ridge,7,2101,Lago_di_Lugano,low_5pct
0.11039996868644322,0.0769681555987957,0.6981257154459279,0.8132772960333615,452,0.11876408786332371,ridge,7,2137,Baldeggersee,season_winter
0.07938097232626956,0.06563269573709239,0.7407213444085827,0.7563100621148999,460,0.06063597706973445,ridge,7,2137,Baldeggersee,season_snowmelt
0.08631729290215341,0.07192134054432588,0.8859430585916481,0.8472268931253505,460,-0.03674936515963867,ridge,7,2137,Baldeggersee,season_summer
0.06859735936702831,0.05173719790951274,0.8257019971614799,0.7911078474506287,455,0.04409717374797495,ridge,7,2137,Baldeggersee,season_autumn
0.18443751936561767,0.13525942595108345,-3.2917575588306764,0.13315851761878483,92,0.02074082001565003,ridge,7,2137,Baldeggersee,high_5pct
0.0679081580162032,0.06344344960088222,-3.0461224998931247,0.7199267261532871,92,-1.896128754622998,ridge,7,2137,Baldeggersee,low_5pct
0.04440828784213793,0.03267193540973904,0.8337858097597182,0.8309665426465764,452,0.12743247553411996,ridge,7,2168,Sempachersee,season_winter
0.043314195746625275,0.03413881835937453,0.7834455408009902,0.7345013080303904,460,0.006965812602121257,ridge,7,2168,Sempachersee,season_snowmelt
0.05510384145890635,0.04292057043987837,0.9228040324137365,0.8152658098913463,460,-0.1478526613323261,ridge,7,2168,Sempachersee,season_summer
0.03932820515996805,0.031165662560096615,0.9013879603855078,0.8366219734126212,455,-0.05072766929056538,ridge,7,2168,Sempachersee,season_autumn
0.10350775384420442,0.08301409452705014,-2.3057408021912837,0.3838808202700059,93,-0.11959683332943816,ridge,7,2168,Sempachersee,high_5pct
0.04714463169675968,0.044674925445228324,-8.468717083257209,0.47549418392379317,93,-2.131993432846876,ridge,7,2168,Sempachersee,low_5pct
0.2465037976897165,0.16658055208669487,0.13228505483254926,0.46886569534137845,452,0.13618239276054833,ridge,7,2484,Lauerzersee,season_winter
0.19591416827989572,0.14633483927998514,0.3443089783337496,0.5717526603110812,460,0.08366406223012168,ridge,7,2484,Lauerzersee,season_snowmelt
0.1981002302196823,0.15742820885699588,0.46909002008988576,0.6696957526608879,460,0.117227103763624,ridge,7,2484,Lauerzersee,season_summer
0.17563199505885368,0.12917193670587201,0.23020889331690653,0.5212644147994965,455,0.13633210261742057,ridge,7,2484,Lauerzersee,season_autumn
0.5403520818833608,0.47875451528897545,-7.6055260975327705,-0.00918393814231111,93,0.0004776830449088054,ridge,7,2484,Lauerzersee,high_5pct
0.06746682148886533,0.06225132154381556,-1.7913141658662286,0.7594449453695611,92,-0.763961334327278,ridge,7,2484,Lauerzersee,low_5pct
0.1318566171044081,0.0914263479162633,0.4582987934917907,0.5238477352701585,452,0.1423669305621571,lightgbm,7,2004,Murtensee,season_winter
0.06400192788185591,0.05017364367355079,0.5972621221796404,0.7814704021227294,460,0.2083442248131443,lightgbm,7,2004,Murtensee,season_snowmelt
0.059559276671793296,0.0456155830346226,0.285372688829173,0.5898713691909402,460,0.08704653331041878,lightgbm,7,2004,Murtensee,season_summer
0.06922414806625911,0.051246124036484056,0.6771715327363516,0.7611305966376704,455,0.09632112423773431,lightgbm,7,2004,Murtensee,season_autumn
0.1953054567932419,0.13602043440873895,-5.452470920062694,-0.24008757990144436,94,0.06518017002938259,lightgbm,7,2004,Murtensee,high_5pct
0.127361280004599,0.1146096842477428,-0.9067544142088206,0.6089273249318856,92,-0.6709598153296028,lightgbm,7,2004,Murtensee,low_5pct
0.276818139550563,0.20799486893720484,0.7711830212452173,0.7991228775033331,452,0.1619838346731851,lightgbm,7,2007,Lac_de_Joux,season_winter
0.17182797406565162,0.12302955637945472,0.7876037798924922,0.8702043873617881,460,0.2424200243653819,lightgbm,7,2007,Lac_de_Joux,season_snowmelt
0.12451204525243657,0.09762309109518301,0.8398721679138624,0.872381463610656,460,-0.2227846728555023,lightgbm,7,2007,Lac_de_Joux,season_summer
0.3099721443768526,0.1697365353929679,0.6676091900995017,0.8249315625200271,455,0.07806162937467886,lightgbm,7,2007,Lac_de_Joux,season_autumn
0.3367818097123212,0.24710246629974889,-13.293226363784392,-0.8536999013630353,92,0.00024708441653764623,lightgbm,7,2007,Lac_de_Joux,high_5pct
0.3761519141054919,0.22124027474611027,-11.900589668573796,-1.0101505410250202,92,0.03635566575546212,lightgbm,7,2007,Lac_de_Joux,low_5pct
0.05098273071130453,0.03745617617844192,0.8739962467964725,0.8603739661488771,452,0.10590024503848727,lightgbm,7,2017,Zugersee,season_winter
0.05989713726241777,0.04159403649115372,0.7526126285931056,0.8132602521545054,460,0.08727557006582065,lightgbm,7,2017,Zugersee,season_snowmelt
0.0660473695590703,0.056053160245684436,0.9119754024384721,0.8761098976071472,460,-0.1860881679361619,lightgbm,7,2017,Zugersee,season_summer
0.05386223329175589,0.04133148733284353,0.8428179908026575,0.8961911586934626,455,-0.09424910195228597,lightgbm,7,2017,Zugersee,season_autumn
0.10947528516761199,0.0838569590356685,-0.2518393441171418,0.6482953811827352,93,-0.016670696129754248,lightgbm,7,2017,Zugersee,high_5pct
0.054985516056908296,0.04925715555397877,-3.0627189775417785,0.5889820549935916,93,-1.2516040254752636,lightgbm,7,2017,Zugersee,low_5pct
0.08823677973830206,0.06626884336875732,0.7633609355490425,0.8157476627673392,452,0.16015121746039074,lightgbm,7,2031,Ägerisee,season_winter
0.09753991987394728,0.07798604809335025,0.6422908859516285,0.7375297307362221,460,0.061256220109319304,lightgbm,7,2031,Ägerisee,season_snowmelt
0.10239581733553903,0.08835221113447608,0.8145239431221851,0.8304101590896192,460,-0.20231041586625054,lightgbm,7,2031,Ägerisee,season_summer
0.07449102972718633,0.05879190581547366,0.41202386932659063,0.7144296391835505,455,0.05902300865289567,lightgbm,7,2031,Ägerisee,season_autumn
0.15563218026816483,0.11781146697409732,-10.142642555824802,-0.6837373845582173,92,0.028870758808932084,lightgbm,7,2031,Ägerisee,high_5pct
0.10895768649469689,0.1024702573986079,-3.9426407962477636,0.7137766392908722,93,-1.7536088913764791,lightgbm,7,2031,Ägerisee,low_5pct
0.028139373662934144,0.023135122791502573,-0.4775222025241843,0.22085016363876386,452,-0.08539985482162815,lightgbm,7,2066,St._Moritzersee,season_winter
0.04961566560664117,0.03886014108823069,0.21645309700184057,0.5886428904948697,460,0.03405798260262094,lightgbm,7,2066,St._Moritzersee,season_snowmelt
0.06934104009104619,0.05252063213758111,0.48236606484186206,0.568016288611944,460,0.13248600398154764,lightgbm,7,2066,St._Moritzersee,season_summer
0.05756022548563051,0.04056427894114337,-0.340177846654385,0.09664515346959035,455,0.13381694515083875,lightgbm,7,2066,St._Moritzersee,season_autumn
0.09747743632645295,0.08097630052252304,-38.93478292877148,-1.511389319220724,94,0.08573417597955035,lightgbm,7,2066,St._Moritzersee,high_5pct
0.07639030696264225,0.06446467201045188,-32.3023473470553,-1.2049418466687905,95,0.08338007238345324,lightgbm,7,2066,St._Moritzersee,low_5pct
0.044107524598146944,0.03120848096256168,0.7548946492870229,0.8587296506993818,392,0.10148248810210869,lightgbm,7,2072,Silsersee,season_winter
0.08195653515975045,0.06380108110520119,0.6753124934404662,0.852874118418931,427,0.1507190232953014,lightgbm,7,2072,Silsersee,season_snowmelt
0.06024502388702989,0.04486189059082039,0.09856006274960949,0.40281594410913335,460,0.23234267563298072,lightgbm,7,2072,Silsersee,season_summer
0.05370124413525477,0.038117144420445816,0.42714512632008494,0.610693875209918,455,0.16004428739994903,lightgbm,7,2072,Silsersee,season_autumn
0.10923914041579726,0.08857454163799677,-3.0627953709036815,0.1318461500996969,94,0.18866091567294185,lightgbm,7,2072,Silsersee,high_5pct
0.10005442928898511,0.08038681577698464,-10.61194286824427,-0.8070015639214931,88,-0.0521224302696226,lightgbm,7,2072,Silsersee,low_5pct
0.04022130831861412,0.03165533674973228,0.8615624527230441,0.8537864702547235,452,0.1050828055063523,lightgbm,7,2073,Silvaplanersee,season_winter
0.08545245993078819,0.06268783624087054,0.7188366213757564,0.8591650962956789,460,0.18795903866865882,lightgbm,7,2073,Silvaplanersee,season_snowmelt
0.07770499190788427,0.060943736634842184,-0.025682602288467526,0.36884375810741865,460,0.14994025647994624,lightgbm,7,2073,Silvaplanersee,season_summer
0.07080519787257263,0.05190409842225663,0.36050715390360566,0.5100171278304568,455,0.1091336209940279,lightgbm,7,2073,Silvaplanersee,season_autumn
0.14924365617045773,0.1275929569096661,-6.665671201743807,-0.04045713792262662,94,-0.047983840322111115,lightgbm,7,2073,Silvaplanersee,high_5pct
0.06202265100796043,0.04841522869223957,0.30833681899213516,0.6741777397436424,92,0.04141920453448733,lightgbm,7,2073,Silvaplanersee,low_5pct
0.09842426251293866,0.06725165209310911,0.8155458774598768,0.8563166554519361,452,0.1679460313452027,lightgbm,7,2081,Pfäffikersee,season_winter
0.08703767914488196,0.06148515526678036,0.5693837291308232,0.7471525598961823,460,0.11675025895522406,lightgbm,7,2081,Pfäffikersee,season_snowmelt
0.09091888699966261,0.06984792905423313,0.6730348422493244,0.8345759600551153,460,-0.08912446479983505,lightgbm,7,2081,Pfäffikersee,season_summer
0.08987348300333967,0.07022527457463414,0.7699974357022201,0.7846418444824845,455,-0.10662803579497893,lightgbm,7,2081,Pfäffikersee,season_autumn
0.1411611762671077,0.1131448170990381,-5.29377898280486,-0.034502523939156315,93,-0.0027424371110948975,lightgbm,7,2081,Pfäffikersee,high_5pct
0.13057634761307238,0.12195811206260773,-5.649324759110586,0.4468585290808751,92,-2.7046045773671676,lightgbm,7,2081,Pfäffikersee,low_5pct
0.11774370543871292,0.08313738678203055,0.4482172216786925,0.6054772062945577,452,0.1880283567439872,lightgbm,7,2082,Greifensee,season_winter
0.11153049867954747,0.07767919361640563,0.5885601588311422,0.6659273895588573,460,0.12063993960813668,lightgbm,7,2082,Greifensee,season_snowmelt
0.11961816172029702,0.0919983598435523,0.8059348881501331,0.7744271156502762,460,-0.08245312678959427,lightgbm,7,2082,Greifensee,season_summer
0.09100839323321687,0.07026418065005136,0.6966127250941008,0.7210439125172707,455,0.011858482151226979,lightgbm,7,2082,Greifensee,season_autumn
0.2757792246372413,0.22519166021469636,-2.4957802438026366,0.34889298331285534,94,0.022555715846468982,lightgbm,7,2082,Greifensee,high_5pct
0.10177398700634581,0.09665027275612338,-10.123560951692061,0.3094172903237612,95,-2.5273072780288595,lightgbm,7,2082,Greifensee,low_5pct
0.05608323529616169,0.04000722186973988,0.7999720102782245,0.7985526887305326,452,0.11436406749119221,lightgbm,7,2097,Hallwilersee,season_winter
0.026966105044856848,0.01968728263034089,0.39638549936047374,0.7161455214439933,460,-0.031034966182970303,lightgbm,7,2097,Hallwilersee,season_snowmelt
0.04192918513162151,0.03284632940740378,0.8424232769434156,0.8380529797892907,460,-0.0769536026231834,lightgbm,7,2097,Hallwilersee,season_summer
0.10271925794140341,0.0616254621117139,0.5415962689327989,0.48096040002498874,455,-2.1450889824124606,lightgbm,7,2097,Hallwilersee,season_autumn
0.06090019641755109,0.046077769093337696,-5.23749720230673,-0.2224531054450729,94,0.07970494505771741,lightgbm,7,2097,Hallwilersee,high_5pct
0.22424986063576066,0.21959964783515873,-100.88810425921909,-0.4828940651578175,92,-10.542552050011158,lightgbm,7,2097,Hallwilersee,low_5pct
0.09875604738483086,0.07462877890520406,0.6914959821546284,0.6512017760335307,452,0.04203836161377128,lightgbm,7,2101,Lago_di_Lugano,season_winter
0.08630254137190423,0.06530552857607612,0.5604665083943652,0.6622883529563989,460,0.09866778822126321,lightgbm,7,2101,Lago_di_Lugano,season_snowmelt
0.10519767423573323,0.06450760427533045,0.5222260702690309,0.5869756945471934,460,0.12852919643910488,lightgbm,7,2101,Lago_di_Lugano,season_summer
0.13669095573497847,0.09961053426916239,0.47299326370775363,0.560563124094017,455,0.05414229054601871,lightgbm,7,2101,Lago_di_Lugano,season_autumn
0.31027203076606874,0.26773199823791716,-6.398316744696523,0.08612239231589902,92,0.06699889221141608,lightgbm,7,2101,Lago_di_Lugano,high_5pct
0.13461375393743327,0.1326349340863489,-84.74137315290227,0.10056192090468352,93,-4.912656020087397,lightgbm,7,2101,Lago_di_Lugano,low_5pct
0.10930298908873658,0.0734069780799691,0.7040950053657948,0.7877805502622149,452,0.12752041114749002,lightgbm,7,2137,Baldeggersee,season_winter
0.07260260085072291,0.054017352793091604,0.7831106160390783,0.8644572708388569,460,0.14084862893817351,lightgbm,7,2137,Baldeggersee,season_snowmelt
0.09136354260534249,0.07174629602125275,0.8722173294995224,0.9113447902314801,460,-0.09735942370432427,lightgbm,7,2137,Baldeggersee,season_summer
0.0690508514526872,0.05121829853804299,0.8233898370867844,0.873525650729591,455,0.0377777706344401,lightgbm,7,2137,Baldeggersee,season_autumn
0.1908332513768477,0.14582518241401982,-3.594568548798404,0.09480721139445414,92,-0.013216908901215518,lightgbm,7,2137,Baldeggersee,high_5pct
0.045881667994311696,0.038847808935856945,-0.8470281826847941,0.31617300701577755,92,-0.9567489661063431,lightgbm,7,2137,Baldeggersee,low_5pct
0.04270033477962612,0.031014861519248493,0.8463252201880088,0.8744480091202802,452,0.16099162514505672,lightgbm,7,2168,Sempachersee,season_winter
0.039242934302524034,0.028543989075569202,0.8222418311268563,0.8644931973645646,460,0.10030476834487867,lightgbm,7,2168,Sempachersee,season_snowmelt
0.05944085361300566,0.04508290553058884,0.9101742321343386,0.8902966531599048,460,-0.23819574470930016,lightgbm,7,2168,Sempachersee,season_summer
0.037715283837150115,0.028694733359864107,0.9093106166408816,0.8954965808592585,455,-0.007635413862681961,lightgbm,7,2168,Sempachersee,season_autumn
0.10026297433909802,0.08007265843807986,-2.1017314780002336,0.37131874700008816,93,-0.08449951236701647,lightgbm,7,2168,Sempachersee,high_5pct
0.034259203390668756,0.030166128254485537,-4.000128511207233,0.4002303796383291,93,-1.2759664498877576,lightgbm,7,2168,Sempachersee,low_5pct
0.22789353998901138,0.14880039339538675,0.2583587490341167,0.4402415722687608,452,0.2013978921881392,lightgbm,7,2484,Lauerzersee,season_winter
0.19289998930389735,0.14424854248570299,0.364329650481351,0.5110688633155531,460,0.09776207536938453,lightgbm,7,2484,Lauerzersee,season_snowmelt
0.21319334878528937,0.18208171077204083,0.38510886535396927,0.565816666819561,460,0.04996925164187427,lightgbm,7,2484,Lauerzersee,season_summer
0.18286547800133499,0.14263859997515263,0.16549475383769285,0.43261923229985255,455,0.10076155067105041,lightgbm,7,2484,Lauerzersee,season_autumn
0.5351422194176857,0.4741247014889676,-7.440383869362636,-0.10551431005994227,93,0.010114684506176475,lightgbm,7,2484,Lauerzersee,high_5pct
0.1175308262524399,0.10633543943612947,-7.470943753789751,0.30734992898432645,92,-2.0729153756718364,lightgbm,7,2484,Lauerzersee,low_5pct
0.12934719413466358,0.08599786647020156,0.4787213131410565,0.599561953732127,452,0.15868893374502102,lstm,7,2004,Murtensee,season_winter
0.06716951952977601,0.04998281621518325,0.5564109177945944,0.8045792623123118,460,0.16916349534920427,lstm,7,2004,Murtensee,season_snowmelt
0.05920048924077727,0.046485337232507085,0.29395664188084925,0.6354751944290498,460,0.09254620099032962,lstm,7,2004,Murtensee,season_summer
0.06617328579293548,0.04872365856799486,0.7050000213929397,0.7814335892869861,455,0.13614826355656995,lstm,7,2004,Murtensee,season_autumn
0.20316260313214435,0.14451485102227268,-5.982080287520576,-0.3562242825836195,94,0.027572330877388196,lstm,7,2004,Murtensee,high_5pct
0.10004781143184173,0.09256203029466702,-0.17661699149894283,0.7329840459213307,92,-0.3126114350314668,lstm,7,2004,Murtensee,low_5pct
0.27471277517422354,0.21095426360273725,0.7746503601054543,0.8349059015117466,452,0.16835743932257763,lstm,7,2007,Lac_de_Joux,season_winter
0.16909594786125595,0.13143859226392762,0.794304189934768,0.8896916988567932,460,0.25446537586657814,lstm,7,2007,Lac_de_Joux,season_snowmelt
0.11647732974006138,0.09069779742696987,0.859871361742271,0.8923550842992626,460,-0.14387883720427652,lstm,7,2007,Lac_de_Joux,season_summer
0.314534061935822,0.18497906445289738,0.6577534812914259,0.7833273800040434,455,0.06449329132385706,lstm,7,2007,Lac_de_Joux,season_autumn
0.3287268292870806,0.24553212041440306,-12.617686151597251,-0.9303129096479394,92,0.02415867920243442,lstm,7,2007,Lac_de_Joux,high_5pct
0.34131191717802234,0.20582219132133348,-9.621501482649867,-0.7968467626617277,92,0.12561047049065088,lstm,7,2007,Lac_de_Joux,low_5pct
0.05088002180789014,0.037050045157982305,0.8745034252496643,0.8970097121945629,452,0.10770148251819744,lstm,7,2017,Zugersee,season_winter
0.06157703685682109,0.046247250233526084,0.7385413787542208,0.8601957899521195,460,0.06167692763102639,lstm,7,2017,Zugersee,season_snowmelt
0.055869481099307984,0.046482085916270954,0.9370142547843094,0.9695792607739074,460,-0.003312182196087088,lstm,7,2017,Zugersee,season_summer
0.0483839309046932,0.03474212799545265,0.8731657861951085,0.903737713413617,455,0.017046458979903423,lstm,7,2017,Zugersee,season_autumn
0.1001567348760657,0.07267219002015939,-0.04779601568292868,0.5247702200606323,93,0.06986844370734668,lstm,7,2017,Zugersee,high_5pct
0.035446156691321284,0.031021389868954585,-0.68833443319321,0.5271752225935882,93,-0.4514860424553324,lstm,7,2017,Zugersee,low_5pct
0.09000981654178325,0.06207934121585793,0.7537552993125369,0.8206883792648308,452,0.1432752298595511,lstm,7,2031,Ägerisee,season_winter
0.09071941785152267,0.07455767634060684,0.6905676425805374,0.7858723086397972,460,0.12689810148011849,lstm,7,2031,Ägerisee,season_snowmelt
0.08209425669140534,0.06879325216542043,0.8807800403487617,0.8962735830703852,460,0.03606629185412047,lstm,7,2031,Ägerisee,season_summer
0.0692123635722595,0.05187934409340849,0.49240293616791053,0.7148276796660954,455,0.12570356623117318,lstm,7,2031,Ägerisee,season_autumn
0.1595160912842731,0.12231849206012567,-10.705727086962536,-0.7676654463506754,92,0.004635542471103871,lstm,7,2031,Ägerisee,high_5pct
0.06337763870833991,0.05920206968245913,-0.6723047057033187,0.8427129615608191,93,-0.601697274200337,lstm,7,2031,Ägerisee,low_5pct
0.028888436403346533,0.024813694776682507,-0.5572316965324311,0.11527034883309772,452,-0.11429291404301534,lstm,7,2066,St._Moritzersee,season_winter
0.04789438547448937,0.036827328912585,0.2698760997132067,0.636915672637942,460,0.06756870513405844,lstm,7,2066,St._Moritzersee,season_snowmelt
0.06982830500208131,0.051567883820641584,0.4750655958868175,0.5693370375237417,460,0.12638991529385812,lstm,7,2066,St._Moritzersee,season_summer
0.05384482760430314,0.03825192951579303,-0.1727500042606509,-0.010480566448540563,455,0.1897273356970266,lstm,7,2066,St._Moritzersee,season_autumn
0.09132901078363045,0.0715240123559426,-34.055860998234316,-1.728063160717615,94,0.14340183279513596,lstm,7,2066,St._Moritzersee,high_5pct
0.08483896393098715,0.07629834498355577,-40.0760854147413,-0.8839546706600876,95,-0.017996759922882966,lstm,7,2066,St._Moritzersee,low_5pct
0.05729035550298088,0.04318948170179554,0.5864857726247666,0.8767021656739822,392,-0.167065895247422,lstm,7,2072,Silsersee,season_winter
0.07566044669216294,0.06210515404319348,0.7232827705864486,0.8647787033001885,427,0.21596273025227797,lstm,7,2072,Silsersee,season_snowmelt
0.059761950264112206,0.045041355677310844,0.11295846304489654,0.35512771186724934,460,0.23849812185766228,lstm,7,2072,Silsersee,season_summer
0.05813927627175787,0.0423214284783216,0.32854770893770235,0.5492519968949156,455,0.09062782404261083,lstm,7,2072,Silsersee,season_autumn
0.11218644445161098,0.09340106590756951,-3.284983647334336,0.19532371853352204,94,0.166770749304471,lstm,7,2072,Silsersee,high_5pct
0.08833594419762637,0.07269188500381253,-8.051220877019187,-0.4952570888624681,88,0.0711033089706492,lstm,7,2072,Silsersee,low_5pct
0.04801076876568603,0.03914470183119808,0.8027491742434263,0.8759582117621147,452,-0.0682313501320595,lstm,7,2073,Silvaplanersee,season_winter
0.08468423288920934,0.06419169921875348,0.7238692767471756,0.8602372513244678,460,0.19525937649239955,lstm,7,2073,Silvaplanersee,season_snowmelt
0.08250926608007543,0.06726767365828931,-0.15643332456090642,0.34443803049274035,460,0.09738352916628612,lstm,7,2073,Silvaplanersee,season_summer
0.07577626916138998,0.056382975577428995,0.2675603492537334,0.39206174584618614,455,0.04658792644178189,lstm,7,2073,Silvaplanersee,season_autumn
0.15615025097083993,0.139066406249993,-7.39158119197984,0.09845560541876719,94,-0.09648171238031389,lstm,7,2073,Silvaplanersee,high_5pct
0.05610401366560695,0.04255882727581751,0.43404503959950025,0.7211817847005131,92,0.13289372230343766,lstm,7,2073,Silvaplanersee,low_5pct
0.09458215951849154,0.06545733264484364,0.8296655553716702,0.8956953270859466,452,0.20042620404743616,lstm,7,2081,Pfäffikersee,season_winter
0.08568676537268924,0.0637570142663047,0.582647202367393,0.7639422444647109,460,0.1304591980168558,lstm,7,2081,Pfäffikersee,season_snowmelt
0.08509918573741332,0.06508353371819478,0.7135531415211138,0.8427833311020958,460,-0.01940980779390733,lstm,7,2081,Pfäffikersee,season_summer
0.07707947794565755,0.05797435396634483,0.8308207632541385,0.904873847043678,455,0.05090680333446351,lstm,7,2081,Pfäffikersee,season_autumn
0.14548169780909515,0.11598365045362884,-5.684942439407239,-0.16462737739355182,93,-0.0334333849706232,lstm,7,2081,Pfäffikersee,high_5pct
0.060313363483997545,0.05470710024626343,-0.41865112961081663,0.7311491176017186,92,-0.7111610680161047,lstm,7,2081,Pfäffikersee,low_5pct
0.11583800405194443,0.08860629407494403,0.4659340683219916,0.6563302941993895,452,0.20117025236213637,lstm,7,2082,Greifensee,season_winter
0.11513680975980298,0.08390575149928799,0.5615223726390349,0.6821096864753413,460,0.09220604962404322,lstm,7,2082,Greifensee,season_snowmelt
0.10650855048454502,0.07898997378142011,0.8461412614200101,0.8161539815117894,460,0.03617885575430635,lstm,7,2082,Greifensee,season_summer
0.07984570714865939,0.06182494580614762,0.7664727256923163,0.8200178615064528,455,0.13305954041623635,lstm,7,2082,Greifensee,season_autumn
0.26726355465867585,0.20075125966173435,-2.283223985357496,0.2779158426994598,94,0.052737804280561296,lstm,7,2082,Greifensee,high_5pct
0.06821255274517656,0.06539488846628178,-3.9968793940619225,0.7547455240858475,95,-1.364127031163537,lstm,7,2082,Greifensee,low_5pct
0.05337882976639405,0.04122029802440501,0.818798099157205,0.9025045341987137,452,0.1570705679380675,lstm,7,2097,Hallwilersee,season_winter
0.03082769638259311,0.02331689446463792,0.21113013461514563,0.616382749288896,460,-0.17868089753614225,lstm,7,2097,Hallwilersee,season_snowmelt
0.03828624303220333,0.03021403755519689,0.8686153211380381,0.8856823476857589,460,0.016615580889454806,lstm,7,2097,Hallwilersee,season_summer
0.05765988911298408,0.0402821781608825,0.8555584956763614,0.7023389547870483,455,-0.7654477418423293,lstm,7,2097,Hallwilersee,season_autumn
0.06454506252305169,0.05187048426418407,-6.006466160577624,-0.30335745418382953,94,0.02462544695855806,lstm,7,2097,Hallwilersee,high_5pct
0.11238824918220165,0.11107176407523905,-24.59180568503305,0.4010795660811042,92,-4.784829530406037,lstm,7,2097,Hallwilersee,low_5pct
0.08326416677502231,0.06014957034130766,0.780694407589261,0.7514513924397904,452,0.19231399256146753,lstm,7,2101,Lago_di_Lugano,season_winter
0.08209232663599196,0.061425163998811046,0.6023051814888436,0.7198266803959031,460,0.1426387084242995,lstm,7,2101,Lago_di_Lugano,season_snowmelt
0.10458666485932501,0.06081278766134505,0.5277599677650835,0.6084547307394892,460,0.13359087518923107,lstm,7,2101,Lago_di_Lugano,season_summer
0.13044671703760707,0.08971771924364658,0.5200423551142481,0.5651624810914331,455,0.09735042585989206,lstm,7,2101,Lago_di_Lugano,season_autumn
0.3154196992712658,0.2695336940599514,-6.645841506408461,-0.039866948209938524,92,0.05151963548943861,lstm,7,2101,Lago_di_Lugano,high_5pct
0.07169955118966144,0.0706205424647176,-23.32452889711114,0.6594885610980887,93,-2.149267965412773,lstm,7,2101,Lago_di_Lugano,low_5pct
0.10335197870322213,0.07128400389024325,0.7354390082932216,0.8447234171402663,452,0.17502263535652307,lstm,7,2137,Baldeggersee,season_winter
0.07404516804242664,0.054874839716372595,0.7744060835920786,0.8955824452260223,460,0.12377784130689651,lstm,7,2137,Baldeggersee,season_snowmelt
0.07417138590786287,0.05049391930621524,0.9157831707623514,0.9535135017731227,460,0.10913404872236199,lstm,7,2137,Baldeggersee,season_summer
0.06460715835948594,0.044390563294128084,0.8453895321649487,0.8773774319894152,455,0.09970054471762724,lstm,7,2137,Baldeggersee,season_autumn
0.1805105516286596,0.12826928445567107,-3.1109464783235374,-0.019225479733795847,92,0.041590803354969674,lstm,7,2137,Baldeggersee,high_5pct
0.031248555008993765,0.025750268023947382,0.14324823990472557,0.4638962873869603,92,-0.3326799216137135,lstm,7,2137,Baldeggersee,low_5pct
0.042916251512939534,0.031246058555996794,0.8447671599366254,0.9006148724984728,452,0.15674913036237614,lstm,7,2168,Sempachersee,season_winter
0.039731055901596285,0.030954938540251005,0.8177922541120627,0.8899570859421424,460,0.08911394678786455,lstm,7,2168,Sempachersee,season_snowmelt
0.04439989594856399,0.034176926587975144,0.9498818804261755,0.9630662856593215,460,0.07511822446272987,lstm,7,2168,Sempachersee,season_summer
0.03455898758527559,0.025684410413805005,0.923854593334719,0.9456094529473368,455,0.07669103304312341,lstm,7,2168,Sempachersee,season_autumn
0.08317207150459156,0.058323832850302064,-1.1344110769118956,0.17873205291964323,93,0.100365099042247,lstm,7,2168,Sempachersee,high_5pct
0.018119625382709902,0.01608021725890342,-0.3987016104106522,0.5310912324977293,93,-0.20375418497952813,lstm,7,2168,Sempachersee,low_5pct
0.2255175494573958,0.14755267468417824,0.2737426576734244,0.47794802298883987,452,0.20972402133941181,lstm,7,2484,Lauerzersee,season_winter
0.18665212541074347,0.1445232229628993,0.4048404228028438,0.5399810458037252,460,0.12698478177116146,lstm,7,2484,Lauerzersee,season_snowmelt
0.19355177588106912,0.15546547586192108,0.4931899135863631,0.645433399315916,460,0.13749589499846393,lstm,7,2484,Lauerzersee,season_summer
0.16728789554863635,0.12447383402730071,0.3016153973996636,0.5143453242454978,455,0.17736409611681425,lstm,7,2484,Lauerzersee,season_autumn
0.5317732400357837,0.4691846726940491,-7.3344457817002855,-0.054316017799882266,93,0.01634649186007031,lstm,7,2484,Lauerzersee,high_5pct
0.07246772601262652,0.06963383417543968,-2.220456867003552,0.5836703104250185,92,-0.8947130434178416,lstm,7,2484,Lauerzersee,low_5pct
